str_length:
7      29    

var_data:
257    3452   9388   1540   -591   -2205 

Format:
183        2317      
123        2292      
98         2232      
98         1204      
98         1204      
62         932       
4          770       
4          770       
0          750       
0          61        
0          61        
17         19        
59         2         
303        2         
303        2         
303        2         
303        2         
304        2         
304        2         
307        2         
307        2         
311        3         
311        3         
320        6         
320        6         
329        10        
329        10        
338        15        
338        15        
345        22        
345        22        
352        29        
352        29        
360        35        
360        35        
369        39        
369        39        
379        41        
379        41        
384        42        
384        42        
389        42        
618        42        
618        42        
628        41        
628        41        
637        38        
637        38        
647        34        
647        34        
655        28        
655        28        
658        25        
658        25        
662        22        
662        22        
669        15        
669        15        
677        9         
677        9         
686        5         
686        5         
696        3         
696        3         
700        2         
700        2         
703        2         
5495       2         
5495       2         
5536       19        
5537       20        
5537       20        
5579       38        
5579       38        
6284       38        
6284       38        
6325       20        
6326       19        
6326       19        
6368       2         
7088       2         
7088       2         
7128       20        
7144       60        
7144       246       
7144       246       
7164       318       
7217       371       
7289       391       
7788       391       
7788       391       
7830       408       
7830       408       
7830       409       
7830       409       
7872       426       
7990       426       
7990       426       
8032       409       
8033       408       
8033       408       
8074       391       
8574       391       
8574       391       
8646       371       
8699       318       
8718       246       
8718       122       
8718       122       
8735       61        
8779       16        
8840       0         
9422       0         
9422       0         
9464       17        
9481       59        
9481       1164      
9481       1164      
9487       1178      
9501       1184      
9527       1184      
9527       1184      
9541       1189      
9547       1203      
9547       1223      
9547       1223      
9541       1237      
9527       1243      
9216       1243      
9216       1243      
9202       1248      
9197       1262      
9197       1262      
9197       1826      
9197       1826      
9202       1840      
9216       1846      
9527       1846      
9527       1846      
9541       1852      
9547       1866      
9547       1923      
9547       1923      
9541       1937      
9527       1942      
9387       1942      
9387       1942      
9373       1948      
9367       1962      
9367       1962      
9367       2319      
9367       2319      
9373       2333      
9387       2339      
9521       2339      
9521       2339      
9535       2345      
9541       2359      
9541       2376      
9541       2376      
9535       2390      
9521       2396      
9190       2396      
9190       2396      
9136       2381      
9113       2364      
8977       2228      
8977       2228      
8898       2182      
8852       2176      
8669       2176      
8669       2176      
8580       2200      
8544       2228      
8416       2356      
8416       2356      
8367       2384      
8339       2388      
5902       2388      
5902       2388      
5888       2382      
5879       2372      
5879       2372      
5876       2365      
5878       2359      
5878       2359      
5883       2348      
5883       2326      
5883       2326      
5876       2311      
5861       2305      
5846       2311      
5839       2326      
5839       2326      
5839       2348      
5839       2348      
5844       2359      
5844       2359      
5846       2366      
5843       2372      
5834       2382      
5834       2382      
5820       2388      
5820       2388      
5764       2388      
5764       2388      
5751       2382      
5751       2382      
5741       2372      
5741       2372      
5738       2365      
5741       2359      
5741       2359      
5745       2348      
5745       2326      
5745       2326      
5738       2311      
5723       2305      
5708       2311      
5701       2326      
5701       2326      
5701       2348      
5701       2348      
5706       2359      
5706       2359      
5708       2366      
5705       2372      
5696       2382      
5696       2382      
5682       2388      
5682       2388      
5619       2388      
5619       2388      
5598       2380      
5512       2298      
5512       2298      
5471       2282      
5315       2282      
5315       2282      
5274       2299      
5274       2299      
5273       2300      
5273       2300      
5231       2317      
1395       2317      
1395       2317      
1354       2300      
1353       2299      
1353       2299      
1311       2282      
1116       2282      
1116       2282      
1074       2299      
1074       2299      
1073       2300      
1032       2317      
183        2317      

Parts:
Q2995      5     3    
Q3000      5     6    
Q3005      10    9    
Q3510      5     12   
Q4800      10    15   
Q4860      5     18   
Q5150      5     21   
Q6060      10    24   
Q8131      5     27   
U0500      10    1195 
U1420      5     1201 
U1845      5     1207 
U1900      5     1224 
U1930      5     1230 
U1950      5     1238 
U1970      5     1244 
U2030      5     1250 
U2060      5     1256 
U2071      5     1261 
U2200      5     1271 
U2201      5     1288 
U2204      5     1298 
U2300      5     1476 
U2400      5     1654 
U2500      5     1832 
U2600      5     2010 
U2800      10    2298 
U2890      5     2307 
U2940      5     2315 
U2990      5     2321 
U3090      10    2359 
U3210      5     2380 
U3220      5     2405 
U3510      5     2415 
U3540      5     2424 
U3550      5     2430 
U3560      10    2436 
U3710      5     2442 
U3711      5     2448 
U3740      5     2457 
U3900      5     2665 
U4000      5     2761 
U4410      5     2767 
U4430      5     2776 
U4500      10    2823 
U4550      5     2831 
U4590      10    2840 
U4600      10    2849 
U4650      5     2859 
U4810      5     2867 
U5000      5     3024 
U5110      10    3033 
U5420      5     3039 
U5430      10    3045 
U5440      5     3051 
U5450      10    3057 
U5460      5     3063 
U5470      5     3069 
U5480      5     3075 
U5490      5     3081 
U5540      5     3086 
U5560      10    3092 
U5570      10    3098 
U5590      5     3104 
U5600      5     3110 
U5601      5     3115 
U5602      5     3118 
U5611      5     3123 
U5612      5     3126 
U5620      5     3137 
U5660      5     3143 
U5670      5     3149 
U5800      5     3166 
U5810      5     3176 
U6010      10    3182 
U6100      5     3191 
U6101      5     3199 
U6410      10    3208 
U7090      10    3217 
U7100      5     3246 
U7190      5     3255 
U7200      5     3288 
U7310      5     3297 
U7320      5     3306 
U7400      5     3327 
U7501      5     3360 
U7600      5     3381 
U7701      5     3406 
U7750      5     3415 
U7820      5     3424 
U7840      5     3431 
U7870      5     3438 
U8000      5     3444 
U8005      5     3453 
U8010      5     3459 
U8020      5     3465 
U8030      5     3471 
U8040      5     3477 
U8050      5     3483 
U8070      5     3491 
U8080      5     3499 
U8130      10    3506 
U8160      5     3515 
U8170      5     3521 
U8180      5     3526 
U8300      10    3533 
Q1840      5     3539 
Q1842      5     3545 
Q1920      5     3551 
Q2090      10    3557 
Q2091      10    3563 
Q2220      5     3569 
Q2225      5     3575 
Q2260      5     3581 
Q2265      5     3587 
Q2945      5     3593 
Q3080      10    3597 
Q3088      5     3603 
Q4410      5     3609 
Q5158      5     3612 
Q5159      5     3618 
Q5500      10    3624 
Q5510      10    3630 
Q5810      5     3633 
Q5820      10    3636 
Q5830      10    3639 
Q5840      10    3642 
Q5850      5     3645 
Q5860      10    3648 
Q7010      10    3654 
Q7130      10    3664 
Q7155      10    3669 
Q7180      10    3679 
Q7310      10    3684 
Q7311      10    3689 
Q7320      10    3694 
Q7321      10    3699 
Q7430      10    3708 
Q7520      10    3717 
Q7560      10    3726 
Q7630      10    3736 
Q7706      10    3742 
Q7707      10    3748 
Q8060      5     3753 
Q8061      5     3759 
Q8062      5     3765 
Q8150      5     3773 
D2090      10    3775 
D2091      10    3777 
D2092      10    3779 
D2093      10    3781 
D2095      10    3783 
D2920      5     3785 
D3095      10    3787 
D4600      5     3789 
D4601      5     3791 
D4610      5     3793 
D4611      5     3795 
D4620      5     3797 
D4621      5     3799 
D5607      5     3801 
D5617      5     3803 
D6950      5     3806 
D7005      10    3809 
D7012      10    3811 
D7105      5     3814 
D7701      10    3816 
D8146      5     3818 
D8175      5     3820 
D8184      5     3822 
D8185      5     3824 
D9510      5     3826 
D9511      5     3828 
D9520      5     3830 
D9521      5     3832 
Z0405      10    3833 
Z0410      10    3834 
Z0411      10    3835 
Z0412      10    3836 
Z0413      10    3837 
Z0414      10    3838 
Z0415      10    3839 
J1800      10    3903 
J3200      1     3933 
J3501      10    3956 
J3700      10    4021 
J4002      10    4035 
J4400      1     4057 
J4600      1     4077 
J4800      10    4099 
J6000      10    4105 
J6100      10    4121 
J6404      10    4125 
J6950      10    4134 
J7000      10    4140 
J7715      10    4146 
J8300      10    4189 
J9500      10    4241 
C0890      5     4243 
C0891      5     4245 
C0892      5     4247 
C0895      5     4249 
C0899      5     4251 
C1000      5     4253 
C1001      5     4255 
C1002      10    4257 
C1003      10    4259 
C1004      5     4261 
C1005      5     4263 
C1006      10    4265 
C1007      10    4267 
C1008      10    4269 
C1009      10    4271 
C1010      10    4273 
C1011      10    4275 
C1012      5     4277 
C1013      5     4279 
C1014      10    4281 
C1015      5     4283 
C1016      5     4285 
C1017      10    4287 
C1018      10    4289 
C1019      5     4291 
C1020      5     4293 
C1021      5     4295 
C1022      5     4297 
C1023      5     4299 
C1024      5     4301 
C1025      5     4303 
C1026      5     4305 
C1027      5     4307 
C1028      5     4309 
C1029      5     4311 
C1030      5     4313 
C1031      10    4316 
C1032      5     4318 
C1033      5     4320 
C1034      5     4322 
C1035      5     4324 
C1036      5     4326 
C1037      5     4328 
C1038      5     4330 
C1039      5     4332 
C1040      5     4334 
C1041      5     4336 
C1042      5     4338 
C1043      5     4340 
C1044      5     4342 
C1045      5     4344 
C1046      5     4346 
C1047      5     4348 
C1048      5     4350 
C1049      5     4352 
C104A      10    4354 
C104B      10    4356 
C104C      10    4358 
C104D      10    4360 
C104E      10    4362 
C104F      10    4364 
C1050      5     4366 
C1051      5     4368 
C1052      5     4370 
C1053      5     4372 
C1054      5     4374 
C1055      5     4376 
C1056      5     4378 
C1057      5     4380 
C1058      5     4382 
C1059      5     4384 
C105A      10    4386 
C105B      10    4388 
C105C      10    4390 
C105D      5     4392 
C105E      5     4394 
C105F      5     4396 
C1060      10    4398 
C1061      10    4400 
C1062      5     4402 
C1063      5     4404 
C1064      5     4406 
C1065      5     4408 
C1066      5     4410 
C1067      5     4412 
C1068      5     4414 
C1069      5     4416 
C106A      5     4418 
C106B      5     4420 
C106C      5     4422 
C106D      5     4424 
C106E      5     4426 
C1070      10    4428 
C1071      5     4430 
C1072      5     4432 
C1073      5     4434 
C1074      5     4436 
C1075      5     4438 
C1076      5     4440 
C1077      5     4442 
C1078      10    4444 
C1079      5     4446 
C107A      5     4448 
C107B      5     4450 
C1080      10    4452 
C1081      10    4454 
C1082      10    4456 
C1083      10    4458 
C1084      10    4460 
C1085      5     4462 
C1086      5     4464 
C1087      10    4466 
C1088      5     4468 
C1089      10    4470 
C108A      5     4472 
C108B      5     4474 
C108C      5     4476 
C108D      5     4478 
C108E      5     4480 
C108F      5     4482 
C1090      10    4484 
C1091      10    4486 
C1092      10    4488 
C1093      10    4490 
C1094      5     4492 
C1095      10    4494 
C1096      5     4496 
C1097      5     4498 
C1098      5     4500 
C1099      5     4502 
C109A      5     4504 
C109B      5     4506 
C109C      5     4508 
C109D      5     4510 
C109E      5     4512 
C109F      5     4514 
C1200      5     4516 
C1202      5     4518 
C1204      5     4520 
C1206      5     4522 
C1208      5     4524 
C1210      5     4526 
C1212      5     4528 
C1214      5     4530 
C1250      5     4532 
C1251      5     4534 
C1255      5     4536 
C1256      5     4538 
C1257      5     4540 
C1260      5     4542 
C1261      5     4544 
C1262      5     4546 
C1264      5     4548 
C1266      5     4550 
C1267      5     4552 
C1270      10    4554 
C1271      10    4556 
C1272      5     4558 
C1275      10    4560 
C1276      10    4562 
C1277      5     4564 
C1280      10    4566 
C1281      10    4568 
C1282      5     4570 
C1290      10    4572 
C1291      10    4574 
C1292      5     4576 
C1295      10    4578 
C1296      10    4580 
C1297      5     4582 
C1300      5     4584 
C1303      5     4586 
C1420      5     4588 
C1800      10    4590 
C1801      10    4592 
C1804      10    4594 
C1806      10    4596 
C1845      5     4598 
C1902      5     4600 
C1905      5     4602 
C1906      5     4604 
C1910      5     4606 
C1915      5     4608 
C1916      5     4610 
C1922      5     4612 
C1924      5     4614 
C1930      5     4616 
C1950      5     4618 
C1970      5     4620 
C2030      5     4622 
C2060      5     4624 
C2071      5     4626 
C2200      5     4628 
C2201      5     4630 
C2202      5     4632 
C2205      5     4634 
C2220      5     4636 
C2225      5     4638 
C2240      5     4640 
C2245      5     4642 
C2260      5     4644 
C2265      5     4646 
C2280      5     4648 
C2285      5     4650 
C2300      5     4652 
C2301      5     4654 
C2302      5     4656 
C2303      5     4658 
C2304      5     4660 
C2305      5     4662 
C2306      5     4664 
C2307      5     4666 
C2310      5     4668 
C2311      5     4670 
C2312      5     4672 
C2320      5     4674 
C2321      5     4676 
C2322      5     4678 
C2323      5     4680 
C2324      5     4682 
C2330      5     4684 
C2331      5     4686 
C2332      5     4688 
C2333      5     4690 
C2340      5     4692 
C2341      5     4694 
C2400      5     4696 
C2401      5     4698 
C2402      5     4700 
C2403      5     4702 
C2404      5     4704 
C2405      5     4706 
C2406      5     4708 
C2410      5     4710 
C2411      5     4712 
C2412      5     4714 
C2420      5     4716 
C2421      5     4718 
C2422      5     4720 
C2423      5     4722 
C2430      5     4724 
C2431      5     4726 
C2432      5     4728 
C2440      5     4730 
C2441      5     4732 
C2500      5     4734 
C2501      5     4736 
C2502      5     4738 
C2503      5     4740 
C2504      5     4742 
C2505      5     4744 
C2506      5     4746 
C2510      5     4748 
C2511      5     4750 
C2512      5     4752 
C2520      5     4754 
C2521      5     4756 
C2522      5     4758 
C2523      5     4760 
C2530      5     4762 
C2531      5     4764 
C2532      5     4766 
C2540      5     4768 
C2541      5     4770 
C2600      5     4772 
C2601      5     4774 
C2602      5     4776 
C2603      5     4778 
C2604      5     4780 
C2605      5     4782 
C2606      5     4784 
C2610      5     4786 
C2611      5     4788 
C2620      5     4790 
C2621      5     4792 
C2622      5     4794 
C2623      5     4796 
C2630      5     4798 
C2631      5     4800 
C2632      5     4802 
C2640      5     4804 
C2641      5     4806 
C2700      5     4808 
C2701      5     4810 
C2702      5     4812 
C2703      5     4814 
C2704      5     4816 
C2705      5     4818 
C2706      5     4820 
C2707      5     4822 
C2708      5     4824 
C2709      5     4826 
C2710      5     4828 
C2711      5     4830 
C2712      5     4832 
C2713      5     4834 
C2714      5     4836 
C2715      5     4838 
C2716      5     4840 
C2717      5     4842 
C2718      5     4844 
C2719      5     4846 
C2720      5     4848 
C2740      5     4850 
C2800      10    4852 
C2801      10    4854 
C2802      10    4856 
C2803      10    4858 
C2804      10    4860 
C2805      10    4862 
C2806      10    4864 
C2807      10    4866 
C2820      5     4868 
C2821      5     4870 
C2822      5     4872 
C2823      5     4874 
C2824      5     4876 
C2825      5     4878 
C2826      5     4880 
C2827      5     4882 
C2828      5     4884 
C2829      5     4886 
C2830      5     4888 
C2831      5     4890 
C2832      5     4892 
C2833      5     4894 
C2834      5     4896 
C2835      5     4898 
C2836      5     4900 
C2837      5     4902 
C2838      5     4904 
C2839      5     4906 
C2840      10    4908 
C2841      10    4910 
C2842      10    4912 
C2843      10    4914 
C2844      10    4916 
C2845      10    4918 
C2846      10    4920 
C2847      10    4922 
C2890      5     4924 
C2900      5     4926 
C2901      5     4928 
C2902      5     4930 
C2903      5     4932 
C2904      5     4934 
C2905      5     4936 
C2906      5     4938 
C2910      5     4940 
C2911      5     4942 
C2920      5     4944 
C2921      5     4946 
C2922      5     4948 
C2923      5     4950 
C2930      5     4952 
C2931      5     4954 
C2932      5     4956 
C2940      5     4958 
C2950      5     4960 
C2951      5     4962 
C2952      5     4964 
C2953      5     4966 
C2960      5     4968 
C2961      5     4970 
C2970      5     4972 
C2980      5     4974 
C2981      5     4976 
C2990      5     4978 
C2991      5     4980 
C2995      5     4982 
C3080      10    4984 
C3081      5     4986 
C3082      5     4988 
C3084      5     4990 
C3085      5     4992 
C3087      10    4994 
C3088      10    4996 
C3089      10    4998 
C3090      5     5000 
C3091      10    5002 
C3092      5     5004 
C3093      10    5006 
C3094      10    5008 
C3095      10    5010 
C3096      5     5012 
C3097      5     5014 
C3098      10    5016 
C3099      10    5018 
C309A      10    5020 
C309B      10    5022 
C3200      5     5024 
C3201      5     5026 
C3202      5     5028 
C3205      5     5030 
C3206      5     5032 
C3210      5     5034 
C3211      5     5036 
C3215      5     5038 
C3220      5     5040 
C3230      5     5042 
C3231      5     5044 
C3232      5     5046 
C3233      5     5048 
C3270      5     5050 
C3271      5     5052 
C3272      5     5054 
C3273      5     5056 
C3274      10    5058 
C3275      10    5060 
C3276      10    5062 
C3277      10    5064 
C3278      10    5066 
C3279      10    5068 
C3280      5     5070 
C3281      5     5072 
C3285      5     5074 
C3286      5     5076 
C3287      10    5078 
C3294      5     5080 
C3295      5     5082 
C3510      5     5084 
C3521      5     5086 
C3530      5     5088 
C3531      5     5090 
C3532      5     5092 
C3540      5     5094 
C3550      5     5096 
C3560      10    5098 
C3701      5     5100 
C3702      5     5102 
C3710      5     5104 
C3711      5     5106 
C3712      5     5108 
C3713      5     5110 
C3714      5     5112 
C3715      5     5114 
C3716      5     5116 
C3717      5     5118 
C3718      5     5120 
C3719      5     5122 
C3740      5     5124 
C3900      5     5126 
C3910      5     5128 
C3912      5     5130 
C3913      5     5132 
C3914      5     5134 
C3915      5     5136 
C3916      5     5138 
C3917      5     5140 
C3918      5     5142 
C3919      5     5144 
C3921      5     5146 
C3922      5     5148 
C3923      5     5150 
C3924      5     5152 
C3926      5     5154 
C3927      5     5156 
C3928      5     5158 
C3930      5     5160 
C3931      5     5162 
C3932      5     5164 
C3933      5     5166 
C3934      5     5168 
C3935      5     5170 
C3936      5     5172 
C3937      5     5174 
C3938      5     5176 
C3939      5     5178 
C3940      5     5180 
C3941      5     5182 
C3942      5     5184 
C3951      5     5186 
C3960      5     5188 
C3970      5     5190 
C3971      5     5192 
C3972      5     5194 
C3973      5     5196 
C3974      5     5198 
C3975      5     5200 
C3990      5     5202 
C4002      5     5204 
C4003      5     5206 
C4004      5     5208 
C4005      5     5210 
C4006      5     5212 
C4007      5     5214 
C4008      5     5216 
C4009      5     5218 
C4010      5     5220 
C4011      5     5222 
C4013      10    5224 
C4014      5     5226 
C4015      5     5228 
C4016      5     5230 
C4030      5     5232 
C4031      5     5234 
C4032      5     5236 
C4033      5     5238 
C4061      5     5240 
C4062      5     5242 
C4410      5     5244 
C4430      5     5246 
C4470      10    5248 
C4471      10    5250 
C4472      10    5252 
C4473      10    5254 
C4474      10    5256 
C4475      10    5258 
C4476      10    5260 
C4510      10    5262 
C4511      10    5264 
C4512      10    5266 
C4513      10    5268 
C4518      10    5270 
C4519      10    5272 
C4520      10    5274 
C4521      10    5276 
C4522      10    5278 
C4523      10    5280 
C4524      10    5282 
C4525      10    5284 
C4526      10    5286 
C4527      10    5288 
C4528      10    5290 
C4529      10    5292 
C4530      10    5294 
C4531      10    5296 
C4550      10    5298 
C4560      5     5300 
C4561      5     5302 
C4570      10    5304 
C4580      5     5306 
C4581      5     5308 
C4590      10    5310 
C4605      10    5312 
C4620      5     5314 
C4621      5     5316 
C4650      5     5318 
C4690      10    5320 
C4691      10    5322 
C4695      10    5324 
C4696      10    5326 
C4800      5     5328 
C4810      5     5330 
C4820      5     5332 
C4832      5     5334 
C4833      5     5336 
C4834      5     5338 
C4835      5     5340 
C4836      5     5342 
C4841      5     5344 
C5001      5     5346 
C5002      5     5348 
C5003      5     5350 
C5004      5     5352 
C5005      5     5354 
C5006      5     5356 
C5007      5     5358 
C5008      5     5360 
C5009      5     5362 
C5010      5     5364 
C5011      5     5366 
C5012      5     5368 
C5013      5     5370 
C5014      5     5372 
C5015      5     5374 
C5016      5     5376 
C5017      5     5378 
C5020      5     5380 
C5021      5     5382 
C5101      10    5384 
C5110      5     5386 
C5111      5     5388 
C5120      10    5390 
C5125      5     5392 
C5126      10    5394 
C5127      10    5396 
C5131      5     5398 
C5134      5     5400 
C5420      5     5402 
C5422      5     5404 
C5425      5     5406 
C5430      10    5408 
C5431      5     5410 
C5433      5     5412 
C5440      5     5414 
C5445      5     5416 
C5450      10    5418 
C5455      5     5420 
C5460      5     5422 
C5465      5     5424 
C5470      5     5426 
C5475      5     5428 
C5480      5     5430 
C5485      5     5432 
C5490      5     5434 
C5495      5     5436 
C5504      5     5438 
C5514      5     5440 
C5520      5     5442 
C5530      5     5444 
C5540      5     5446 
C5541      5     5448 
C5560      10    5450 
C5561      5     5452 
C5570      10    5454 
C5575      5     5456 
C5590      5     5458 
C5595      5     5460 
C5600      5     5462 
C5601      5     5464 
C5602      5     5466 
C5603      5     5468 
C5606      5     5470 
C5610      5     5472 
C5611      5     5474 
C5613      5     5476 
C5620      5     5478 
C5625      5     5480 
C5641      5     5482 
C5660      5     5484 
C5665      5     5486 
C5670      5     5488 
C5675      5     5490 
C5800      5     5492 
C5801      5     5494 
C5802      5     5496 
C5810      5     5498 
C5811      5     5500 
C5812      5     5502 
C5813      5     5504 
C5820      10    5506 
C5830      10    5508 
C5840      10    5510 
C5850      5     5512 
C5860      10    5514 
C6010      10    5516 
C6100      5     5518 
C6101      5     5520 
C6401      10    5522 
C6407      10    5524 
C6410      10    5526 
C6411      10    5528 
C6950      5     5530 
C6951      5     5532 
C7005      5     5534 
C7006      5     5536 
C7007      5     5538 
C7008      5     5540 
C7012      10    5542 
C7080      10    5544 
C7090      10    5546 
C7091      10    5548 
C7092      10    5550 
C7094      10    5552 
C7095      10    5554 
C7098      10    5556 
C7099      10    5558 
C7100      5     5560 
C7101      5     5562 
C7102      5     5564 
C7105      5     5566 
C7111      5     5568 
C7112      10    5570 
C7113      10    5572 
C7114      10    5574 
C7115      5     5576 
C7116      5     5578 
C7117      10    5580 
C7120      5     5582 
C7121      5     5584 
C7122      5     5586 
C7125      5     5588 
C7126      5     5590 
C7130      10    5592 
C7131      10    5594 
C7135      5     5596 
C7136      10    5598 
C7137      10    5600 
C7140      10    5602 
C7141      10    5604 
C7142      5     5606 
C7143      10    5608 
C7145      10    5610 
C7150      5     5612 
C7184      10    5614 
C7185      5     5616 
C7190      5     5618 
C7194      5     5620 
C7195      5     5622 
C7198      5     5624 
C7199      5     5626 
C7201      5     5628 
C7202      5     5630 
C7210      5     5632 
C7211      5     5634 
C7213      5     5636 
C7214      5     5638 
C7215      5     5640 
C7216      5     5642 
C7230      5     5644 
C7240      5     5646 
C7241      5     5648 
C7242      5     5650 
C7250      5     5652 
C7260      5     5654 
C7261      5     5656 
C7278      5     5658 
C7310      5     5660 
C7311      5     5662 
C7312      10    5664 
C7313      10    5666 
C7314      10    5668 
C7315      10    5670 
C7316      5     5672 
C7317      10    5674 
C7318      10    5676 
C7319      10    5678 
C7320      5     5680 
C7321      5     5682 
C7322      10    5684 
C7323      10    5686 
C7324      10    5688 
C7325      5     5690 
C7326      10    5692 
C7327      10    5694 
C7328      10    5696 
C7329      10    5698 
C7370      10    5700 
C7371      10    5702 
C7372      10    5704 
C7373      10    5706 
C7374      10    5708 
C7375      10    5710 
C7376      10    5712 
C7377      10    5714 
C7400      5     5716 
C7401      5     5718 
C7415      5     5720 
C7416      5     5722 
C7425      5     5724 
C7430      10    5726 
C7431      10    5728 
C7432      10    5730 
C7433      10    5732 
C7434      10    5734 
C7435      10    5736 
C7440      10    5738 
C7441      10    5740 
C7445      10    5742 
C7446      10    5744 
C7450      5     5746 
C7462      5     5748 
C7500      5     5750 
C7501      5     5752 
C7503      5     5754 
C7505      5     5756 
C7518      5     5758 
C7522      10    5760 
C7524      5     5762 
C7536      5     5764 
C7537      5     5766 
C7538      5     5768 
C7539      5     5770 
C7540      10    5772 
C7541      10    5774 
C7542      10    5776 
C7550      10    5778 
C7552      10    5780 
C7553      10    5782 
C7554      10    5784 
C7562      10    5786 
C7564      5     5788 
C7570      10    5790 
C7571      10    5792 
C7572      10    5794 
C7581      10    5796 
C7582      10    5798 
C7583      10    5800 
C7584      10    5802 
C7588      5     5804 
C7590      10    5806 
C7592      10    5808 
C7593      10    5810 
C7594      10    5812 
C7600      5     5814 
C7601      5     5816 
C7615      5     5818 
C7616      5     5820 
C7619      10    5822 
C7620      10    5824 
C7621      10    5826 
C7622      10    5828 
C7623      10    5830 
C7624      10    5832 
C7630      5     5834 
C7632      10    5836 
C7648      10    5838 
C7649      10    5840 
C7650      5     5842 
C7704      5     5844 
C7710      5     5846 
C7711      5     5848 
C7712      10    5850 
C7713      10    5852 
C7714      5     5854 
C7750      5     5856 
C7755      10    5858 
C7756      5     5860 
C7782      10    5862 
C7796      10    5864 
C7797      10    5866 
C7799      10    5868 
C7820      5     5870 
C7821      5     5872 
C7822      5     5874 
C7823      5     5876 
C7824      5     5878 
C7825      5     5880 
C7840      5     5882 
C7841      5     5884 
C7870      5     5886 
C7871      5     5888 
C7872      5     5890 
C8000      5     5892 
C8005      5     5894 
C8010      5     5896 
C8020      5     5898 
C8030      5     5900 
C8040      5     5902 
C8050      5     5904 
C8060      5     5906 
C8070      5     5908 
C8071      5     5910 
C8080      5     5912 
C8081      5     5914 
C8111      5     5916 
C8112      5     5918 
C8114      10    5920 
C8116      5     5922 
C8130      10    5924 
C8131      10    5926 
C8142      5     5928 
C8146      5     5930 
C8159      5     5932 
C8160      5     5934 
C8170      5     5936 
C8175      5     5938 
C8180      5     5940 
C8185      5     5942 
C8186      5     5944 
C8187      5     5946 
C8190      5     5948 
C8309      10    5950 
C8311      10    5952 
C8312      10    5954 
C8315      10    5956 
C8317      10    5958 
C8320      10    5960 
C8321      10    5962 
C8324      10    5964 
C8325      10    5966 
C9500      5     5968 
C9510      5     5970 
C9520      5     5972 
C9521      5     5974 
C9522      5     5976 
C9531      5     5978 
C9532      5     5980 
C9550      5     5982 
R4006      5     5984 
RP2701     5     5992 
RP2703     5     6000 
RP2704     5     6008 
RP2707     5     6016 
RP2712     5     6024 
RP2713     5     6032 
RP2714     5     6040 
RP2717     5     6048 
R0530      5     6050 
R0610      5     6052 
R0611      5     6054 
R0620      5     6056 
R0630      10    6058 
R0631      10    6060 
R0634      10    6062 
R0638      10    6064 
R0639      10    6066 
R0640      10    6068 
R0650      5     6070 
R0651      5     6072 
R0652      5     6074 
R0680      5     6076 
R0685      5     6078 
R0690      5     6080 
R0800      5     6082 
R0802      5     6084 
R0810      5     6086 
R0811      5     6088 
R0812      5     6090 
R0860      5     6092 
R0899      5     6094 
R0960      5     6096 
R1270      10    6098 
R1275      10    6100 
R1280      5     6102 
R1300      5     6104 
R1301      5     6106 
R1302      5     6108 
R1303      5     6110 
R1310      5     6112 
R1311      5     6114 
R1312      5     6116 
R1313      5     6118 
R1340      5     6120 
R1341      5     6122 
R1342      10    6124 
R1343      10    6126 
R1344      5     6128 
R1345      5     6130 
R1370      5     6132 
R1375      5     6134 
R1376      5     6136 
R1377      5     6138 
R1380      5     6140 
R1390      5     6142 
R1391      5     6144 
R1392      5     6146 
R1393      5     6148 
R1400      5     6150 
R1405      5     6152 
R1410      5     6154 
R1430      5     6156 
R1431      5     6158 
R1440      5     6160 
R1441      5     6162 
R1442      5     6164 
R1443      5     6166 
R1445      5     6168 
R1446      5     6170 
R1447      5     6172 
R1448      5     6174 
R1449      5     6176 
R1450      5     6178 
R1451      5     6180 
R1452      5     6182 
R1455      5     6184 
R1460      5     6186 
R1461      5     6188 
R1462      5     6190 
R1463      5     6192 
R1464      5     6194 
R1500      5     6196 
R1540      5     6198 
R1541      5     6200 
R1542      5     6202 
R1543      5     6204 
R1544      5     6206 
R1548      5     6208 
R1549      10    6210 
R1570      5     6212 
R1580      5     6214 
R1581      10    6216 
R1582      10    6218 
R1583      5     6220 
R1590      5     6222 
R1591      10    6224 
R1610      5     6226 
R1611      5     6228 
R1614      5     6230 
R1615      5     6232 
R1616      10    6234 
R1617      5     6236 
R1618      5     6238 
R1619      5     6240 
R1620      5     6242 
R1621      5     6244 
R1622      5     6246 
R1623      5     6248 
R1624      5     6250 
R1625      5     6252 
R1626      5     6254 
R1627      5     6256 
R1628      5     6258 
R1629      5     6260 
R1630      5     6262 
R1631      5     6264 
R1632      5     6266 
R1633      5     6268 
R1634      5     6270 
R1635      5     6272 
R1636      5     6274 
R1637      5     6276 
R1638      5     6278 
R1639      5     6280 
R1640      5     6282 
R1641      5     6284 
R1650      5     6286 
R1652      5     6288 
R1655      5     6290 
R1660      5     6292 
R1661      5     6294 
R1662      5     6296 
R1663      5     6298 
R1664      5     6300 
R1665      5     6302 
R1666      5     6304 
R1667      5     6306 
R1668      5     6308 
R1669      5     6310 
R1670      5     6312 
R1671      5     6314 
R1672      5     6316 
R1673      5     6318 
R1674      5     6320 
R1675      5     6322 
R1676      5     6324 
R1677      5     6326 
R1678      5     6328 
R1679      5     6330 
R1680      5     6332 
R1681      5     6334 
R1682      5     6336 
R1691      5     6338 
R1693      5     6340 
R1694      5     6342 
R1695      5     6344 
R1696      5     6346 
R1800      5     6348 
R1802      5     6350 
R1804      10    6352 
R1805      5     6354 
R1810      5     6356 
R1813      5     6358 
R1830      10    6360 
R1831      10    6362 
R1835      10    6364 
R1845      5     6366 
R1884      10    6368 
R1890      10    6370 
R1891      10    6372 
R1892      10    6374 
R1896      10    6376 
R1897      5     6378 
R1899      10    6380 
R1905      5     6382 
R1906      5     6384 
R1915      5     6386 
R1916      5     6388 
R1920      5     6390 
R1921      5     6392 
R1927      5     6394 
R1931      5     6396 
R1950      5     6398 
R1951      5     6400 
R1955      5     6402 
R1960      5     6404 
R1961      5     6406 
R1962      5     6408 
R1963      5     6410 
R1970      5     6412 
R1995      5     6414 
R1996      5     6416 
R1997      10    6418 
R2010      5     6420 
R2014      5     6422 
R2015      5     6424 
R2016      5     6426 
R2017      5     6428 
R2018      5     6430 
R2019      5     6432 
R2020      5     6434 
R2021      5     6436 
R2022      5     6438 
R2023      5     6440 
R2030      5     6442 
R2040      5     6444 
R2041      5     6446 
R2042      5     6448 
R2050      5     6450 
R2051      10    6452 
R2052      10    6454 
R2053      5     6456 
R2061      5     6458 
R2062      5     6460 
R2070      5     6462 
R2071      5     6464 
R2072      5     6466 
R2088      5     6468 
R2089      5     6470 
R2090      10    6472 
R2091      10    6474 
R2092      10    6476 
R2093      10    6478 
R2094      10    6480 
R2095      10    6482 
R2200      5     6484 
R2201      5     6486 
R2202      5     6488 
R2207      5     6490 
R2212      5     6492 
R2213      5     6494 
R2214      5     6496 
R2215      5     6498 
R2217      5     6500 
R2218      5     6502 
R2220      5     6504 
R2221      5     6506 
R2222      5     6508 
R2223      5     6510 
R2225      5     6512 
R2226      5     6514 
R2240      5     6516 
R2241      5     6518 
R2242      5     6520 
R2243      5     6522 
R2245      5     6524 
R2246      5     6526 
R2260      5     6528 
R2261      5     6530 
R2262      5     6532 
R2263      5     6534 
R2265      5     6536 
R2266      5     6538 
R2280      5     6540 
R2281      5     6542 
R2282      5     6544 
R2283      5     6546 
R2285      5     6548 
R2286      5     6550 
R2300      5     6552 
R2301      5     6554 
R2400      5     6556 
R2401      5     6558 
R2500      5     6560 
R2501      5     6562 
R2600      5     6564 
R2601      5     6566 
R2700      5     6568 
R2701      5     6570 
R2702      5     6572 
R2703      5     6574 
R2704      5     6576 
R2705      5     6578 
R2706      5     6580 
R2707      5     6582 
R2708      5     6584 
R2709      5     6586 
R2710      5     6588 
R2711      5     6590 
R2712      5     6592 
R2713      5     6594 
R2714      5     6596 
R2715      5     6598 
R2716      5     6600 
R2717      5     6602 
R2718      5     6604 
R2719      5     6606 
R2720      5     6608 
R2721      5     6610 
R2722      5     6612 
R2723      5     6614 
R2724      5     6616 
R2725      5     6618 
R2730      5     6620 
R2731      5     6622 
R2732      5     6624 
R2733      5     6626 
R2734      5     6628 
R2735      5     6630 
R2815      5     6632 
R2825      5     6634 
R2829      5     6636 
R2830      5     6638 
R2831      5     6640 
R2832      5     6642 
R2855      5     6644 
R2861      5     6646 
R2862      5     6648 
R2863      5     6650 
R2867      5     6652 
R2878      5     6654 
R2879      5     6656 
R2880      5     6658 
R2881      5     6660 
R2882      5     6662 
R2883      5     6664 
R2884      5     6666 
R2885      5     6668 
R2886      5     6670 
R2887      5     6672 
R2888      5     6674 
R2890      5     6676 
R2891      5     6678 
R2892      5     6680 
R2893      5     6682 
R2895      5     6684 
R2896      5     6686 
R2899      5     6688 
R2945      5     6690 
R2990      5     6692 
R2991      5     6694 
R2992      5     6696 
R2995      5     6698 
R3080      10    6700 
R3081      10    6702 
R3087      5     6704 
R3088      5     6706 
R3089      10    6708 
R3090      5     6710 
R3091      5     6712 
R3092      5     6714 
R3093      10    6716 
R3094      10    6718 
R3095      5     6720 
R3096      10    6722 
R3201      5     6724 
R3210      5     6726 
R3211      5     6728 
R3212      5     6730 
R3213      5     6732 
R3214      5     6734 
R3241      5     6736 
R3251      5     6738 
R3252      5     6740 
R3270      5     6742 
R3271      5     6744 
R3272      5     6746 
R3273      5     6748 
R3278      10    6750 
R3279      10    6752 
R3294      5     6754 
R3295      5     6756 
R3512      5     6758 
R3553      5     6760 
R3554      5     6762 
R3555      5     6764 
R3556      5     6766 
R3557      5     6768 
R3558      5     6770 
R3559      5     6772 
R3560      10    6774 
R3561      10    6776 
R3700      5     6778 
R3701      5     6780 
R3702      10    6782 
R3703      5     6784 
R3710      5     6786 
R3740      5     6788 
R3741      5     6790 
R3742      5     6792 
R3901      5     6794 
R3904      5     6796 
R3906      5     6798 
R3907      5     6800 
R3910      5     6802 
R3911      5     6804 
R3912      5     6806 
R3913      5     6808 
R3914      5     6810 
R3915      5     6812 
R3920      5     6814 
R3921      5     6816 
R3930      5     6818 
R3931      5     6820 
R3932      5     6822 
R3933      5     6824 
R3934      5     6826 
R3935      5     6828 
R3936      5     6830 
R3937      5     6832 
R3975      5     6834 
R3976      5     6836 
R3990      5     6838 
R3991      5     6840 
R4000      5     6842 
R4002      5     6844 
R4003      5     6846 
R4004      5     6848 
R4005      5     6850 
R4007      5     6852 
R4008      5     6854 
R4009      5     6856 
R4010      5     6858 
R4012      5     6860 
R4020      5     6862 
R4021      5     6864 
R4022      5     6866 
R4023      5     6868 
R4030      5     6870 
R4031      5     6872 
R4410      5     6874 
R4411      5     6876 
R4461      10    6878 
R4471      10    6880 
R4472      10    6882 
R4473      10    6884 
R4474      10    6886 
R4479      10    6888 
R4480      10    6890 
R4481      10    6892 
R4482      10    6894 
R4500      10    6896 
R4570      10    6898 
R4580      10    6900 
R4581      5     6902 
R4582      5     6904 
R4590      10    6906 
R4591      10    6908 
R4595      5     6910 
R4600      10    6912 
R4601      10    6914 
R4650      5     6916 
R4810      5     6918 
R4830      5     6920 
R4841      5     6922 
R4842      5     6924 
R4843      5     6926 
R4844      5     6928 
R4850      5     6930 
R4851      5     6932 
R4852      5     6934 
R4853      5     6936 
R4860      5     6938 
R5002      5     6940 
R5100      5     6942 
R5101      10    6944 
R5110      5     6946 
R5112      5     6948 
R5114      5     6950 
R5115      5     6952 
R5116      10    6954 
R5117      5     6956 
R5127      10    6958 
R5134      5     6960 
R5151      5     6962 
R5152      5     6964 
R5153      5     6966 
R5158      5     6968 
R5167      5     6970 
R5170      5     6972 
R5171      5     6974 
R5172      5     6976 
R5173      5     6978 
R5174      5     6980 
R5175      5     6982 
R5176      5     6984 
R5177      5     6986 
R5178      5     6988 
R5179      5     6990 
R5180      5     6992 
R5181      5     6994 
R5185      5     6996 
R5186      5     6998 
R5187      5     7000 
R5189      5     7002 
R5190      5     7004 
R5191      5     7006 
R5192      5     7008 
R5193      5     7010 
R5196      5     7012 
R5197      5     7014 
R5198      5     7016 
R5210      5     7018 
R5211      5     7020 
R5212      5     7022 
R5213      5     7024 
R5214      5     7026 
R5215      5     7028 
R5216      5     7030 
R5230      5     7032 
R5231      5     7034 
R5282      5     7036 
R5283      5     7038 
R5294      5     7040 
R5295      5     7042 
R5296      5     7044 
R5300      10    7046 
R5301      10    7048 
R5310      10    7050 
R5311      10    7052 
R5360      5     7054 
R5361      5     7056 
R5370      5     7058 
R5371      5     7060 
R5380      5     7062 
R5381      5     7064 
R5390      5     7066 
R5391      5     7068 
R5420      5     7072 
R5421      5     7074 
R5422      5     7076 
R5423      5     7078 
R5424      5     7080 
R5425      5     7082 
R5430      10    7086 
R5431      5     7088 
R5432      5     7090 
R5433      5     7092 
R5440      5     7096 
R5441      5     7098 
R5445      5     7100 
R5450      10    7104 
R5451      5     7106 
R5455      5     7108 
R5461      5     7110 
R5465      5     7112 
R5470      5     7116 
R5471      5     7118 
R5475      5     7120 
R5480      5     7124 
R5481      5     7126 
R5485      5     7128 
R5490      10    7132 
R5491      5     7134 
R5495      5     7136 
R5501      10    7138 
R5502      10    7140 
R5503      5     7142 
R5504      5     7144 
R5511      10    7146 
R5512      10    7148 
R5513      5     7150 
R5514      5     7152 
R5520      5     7154 
R5530      5     7156 
R5540      5     7158 
R5541      5     7160 
R5542      5     7162 
R5543      5     7164 
R5544      5     7166 
R5545      5     7168 
R5546      5     7170 
R5547      5     7172 
R5548      5     7174 
R5561      5     7176 
R5562      5     7178 
R5570      10    7182 
R5571      5     7184 
R5575      5     7186 
R5590      10    7190 
R5591      5     7192 
R5595      5     7194 
R5600      5     7196 
R5601      5     7198 
R5604      5     7200 
R5605      5     7202 
R5606      5     7204 
R5607      5     7206 
R5608      5     7208 
R5609      5     7210 
R5610      5     7212 
R5614      5     7214 
R5615      5     7216 
R5616      5     7218 
R5617      5     7220 
R5619      5     7222 
R5620      5     7224 
R5621      5     7226 
R5625      5     7228 
R5641      5     7230 
R5660      5     7232 
R5661      5     7234 
R5662      5     7236 
R5663      5     7238 
R5665      5     7240 
R5666      5     7242 
R5667      5     7244 
R5668      5     7246 
R5669      5     7248 
R5670      10    7252 
R5671      5     7254 
R5675      5     7256 
R5800      5     7258 
R5802      5     7260 
R5803      5     7262 
R5804      5     7264 
R5805      5     7266 
R5806      5     7268 
R5810      5     7270 
R5811      5     7272 
R5840      10    7274 
R5841      10    7276 
R6010      10    7278 
R6060      10    7280 
R6061      10    7282 
R6065      10    7284 
R6110      5     7286 
R6111      5     7288 
R6112      5     7290 
R6113      5     7292 
R6114      5     7294 
R6115      5     7296 
R6116      5     7298 
R6117      5     7300 
R6118      5     7302 
R6119      5     7304 
R6120      5     7306 
R6121      5     7308 
R6122      10    7310 
R6123      5     7312 
R6125      5     7314 
R6126      5     7316 
R6127      10    7318 
R6128      5     7320 
R6130      5     7322 
R6131      10    7324 
R6132      5     7326 
R6133      10    7328 
R6411      10    7330 
R6412      10    7332 
R6413      10    7334 
R6414      10    7336 
R6950      5     7338 
R7005      10    7340 
R7006      10    7342 
R7010      10    7344 
R7011      10    7346 
R7012      10    7348 
R7080      10    7350 
R7081      10    7352 
R7095      10    7354 
R7096      10    7356 
R7100      5     7358 
R7101      5     7360 
R7102      5     7362 
R7105      5     7364 
R7110      5     7366 
R7111      5     7368 
R7113      5     7370 
R7115      5     7372 
R7116      5     7374 
R7120      10    7378 
R7121      5     7380 
R7122      5     7382 
R7142      5     7384 
R7150      10    7388 
R7151      5     7390 
R7152      5     7392 
R7180      5     7394 
R7181      5     7396 
R7185      5     7398 
R7186      5     7400 
R7190      5     7402 
R7191      5     7404 
R7192      5     7406 
R7195      5     7408 
R7196      5     7410 
R7201      5     7412 
R7202      5     7414 
R7210      5     7416 
R7215      5     7418 
R7220      5     7420 
R7221      5     7422 
R7222      5     7424 
R7223      5     7426 
R7224      5     7428 
R7225      5     7430 
R7230      5     7432 
R7235      5     7434 
R7236      10    7436 
R7237      10    7438 
R7240      5     7440 
R7241      5     7442 
R7242      5     7444 
R7243      5     7446 
R7250      5     7448 
R7279      5     7450 
R7280      5     7452 
R7310      10    7456 
R7311      5     7458 
R7312      10    7460 
R7314      5     7462 
R7315      5     7464 
R7316      5     7466 
R7317      5     7468 
R7320      10    7472 
R7321      5     7474 
R7322      10    7476 
R7324      5     7478 
R7325      5     7480 
R7326      5     7482 
R7327      5     7484 
R7415      5     7486 
R7416      5     7488 
R7417      5     7490 
R7418      5     7492 
R7425      5     7494 
R7435      10    7496 
R7450      10    7500 
R7460      5     7502 
R7500      5     7504 
R7501      5     7506 
R7506      5     7508 
R7516      5     7510 
R7520      5     7512 
R7521      5     7514 
R7522      10    7516 
R7523      5     7518 
R7536      5     7520 
R7537      5     7522 
R7538      5     7524 
R7539      5     7526 
R7545      5     7528 
R7546      5     7530 
R7547      5     7532 
R7548      5     7534 
R7549      5     7536 
R7551      5     7538 
R7552      5     7540 
R7556      5     7542 
R7560      5     7544 
R7561      5     7546 
R7562      10    7548 
R7563      5     7550 
R7564      5     7552 
R7610      5     7554 
R7611      5     7556 
R7612      5     7558 
R7613      5     7560 
R7614      5     7562 
R7630      5     7564 
R7631      5     7566 
R7632      10    7568 
R7640      10    7572 
R7641      5     7574 
R7700      5     7576 
R7704      5     7578 
R7714      5     7580 
R7715      5     7582 
R7716      5     7584 
R7717      10    7586 
R7718      10    7588 
R7719      10    7590 
R7720      10    7592 
R7721      10    7594 
R7722      10    7596 
R7731      5     7598 
R7741      5     7600 
R7753      5     7602 
R7755      5     7604 
R7757      5     7606 
R7788      10    7608 
R7789      10    7610 
R7820      5     7612 
R7821      5     7614 
R7829      5     7618 
R8000      5     7622 
R8011      5     7626 
R8020      5     7630 
R8040      5     7632 
R8041      5     7634 
R8042      5     7636 
R8050      5     7638 
R8060      5     7640 
R8061      5     7642 
R8062      5     7644 
R8063      5     7646 
R8070      5     7648 
R8081      5     7652 
R8111      5     7654 
R8112      5     7656 
R8114      10    7658 
R8115      5     7660 
R8116      5     7662 
R8117      10    7664 
R8131      5     7666 
R8133      10    7668 
R8138      5     7670 
R8140      5     7672 
R8141      5     7674 
R8145      5     7676 
R8146      5     7678 
R8151      5     7680 
R8152      5     7682 
R8153      5     7684 
R8154      5     7686 
R8155      5     7688 
R8156      5     7690 
R8157      5     7692 
R8158      5     7694 
R8159      5     7696 
R8160      5     7698 
R8161      5     7700 
R8162      5     7702 
R8164      5     7704 
R8165      5     7706 
R8166      5     7708 
R8167      5     7710 
R8168      5     7712 
R8170      5     7714 
R8171      5     7716 
R8172      5     7718 
R8173      5     7720 
R8175      5     7722 
R8176      5     7724 
R8177      5     7726 
R8178      5     7728 
R8179      5     7730 
R8180      5     7732 
R8184      5     7734 
R8185      5     7736 
R8186      5     7738 
R8187      5     7740 
R8190      5     7742 
R8317      10    7744 
R8318      10    7746 
R8350      10    7748 
R8360      10    7750 
R8361      10    7752 
R8362      10    7754 
R8363      10    7756 
R8364      10    7758 
R8370      10    7760 
R8380      10    7762 
R9501      5     7764 
R9510      5     7766 
R9520      5     7768 
F7140      10    7770 
F7700      10    7772 
L1270      10    7774 
L1275      10    7776 
L1280      10    7778 
L1290      10    7780 
L1295      10    7782 
L2920      5     7784 
L3095      10    7786 
L3200      5     7788 
L3700      5     7790 
L3901      5     7792 
L3902      5     7794 
L3903      5     7796 
L3904      5     7798 
L3906      5     7800 
L4007      5     7804 
L4009      5     7808 
L4010      10    7810 
L4011      10    7812 
L4400      10    7814 
L4500      10    7816 
L4501      10    7818 
L4600      5     7822 
L4605      10    7824 
L4820      5     7826 
L5001      5     7828 
L7095      10    7830 
L7130      10    7832 
L7195      5     7834 
L7310      10    7836 
L7320      10    7838 
L7430      10    7840 
L7520      10    7842 
L7560      10    7844 
L7630      10    7846 
L7701      10    7848 
L7750      5     7850 
L7820      5     7852 
L8304      10    7854 
BPA510     5     7855 
BPA511     5     7856 
BPA512     5     7857 
BPA513     5     7858 
BPA520     5     7859 
BPA521     5     7860 
BPA522     5     7861 
BPA523     5     7862 
TP0500     5     7863 
TP0501     5     7864 
TP0510     5     7865 
TP0511     5     7866 
TP0520     5     7867 
TP0521     5     7868 
TP0530     5     7869 
TP0531     5     7870 
TP1802     5     7871 
TP1803     5     7872 
TP1804     5     7873 
TP1805     5     7874 
TP1806     5     7875 
TP1807     5     7876 
TP1870     5     7877 
TP1873     5     7878 
TP1874     5     7879 
TP1876     10    7880 
TP1877     10    7881 
TP1878     5     7882 
TP1879     5     7883 
TP1880     5     7884 
TP1881     5     7885 
TP1886     5     7886 
TP1887     5     7887 
TP7701     10    7888 
SL0400     1     7889 
SL0401     1     7890 
SL0402     1     7891 
SL0403     1     7892 
SL0404     1     7893 
SL0405     1     7894 
SL0406     1     7895 
SL0407     1     7896 
SL0408     1     7897 
XW2960     5     7899 
XW3095     5     7901 
XW3900     5     7903 
XW3901     5     7905 
XW5000     5     7907 
XW5520     10    7909 
XW5530     10    7911 
XW7100     5     7913 
XW7261     5     7915 
XW7400     5     7917 
XW7401     10    7919 
XW7460     5     7921 
XW7500     5     7923 
XW7520     10    7925 
XW7521     10    7927 
XW7522     10    7929 
XW7560     10    7931 
XW7561     10    7933 
XW7562     10    7935 
XW7600     5     7937 
XW7610     10    7939 
XW7710     5     7941 
XW7720     10    7943 
Y1905      5     7947 
Y1915      5     7951 
Y4000      5     7955 
Y4580      5     7959 
Y5110      5     7963 
ZS0405     5     7964 
ZS0406     10    7965 
...        10    7966 
...        10    7967 
...        10    7968 
...        10    7969 
...        10    7970 
...        10    7971 
...        10    7972 
...        10    7973 
...        10    7974 
...        10    7975 
...        10    7976 
...        10    7977 
...        10    7978 
...        10    7979 
...        10    7980 
...        10    7981 
...        10    7982 
...        10    7983 
...        10    7984 
...        10    7985 
...        10    7986 
...        10    7987 
...        10    7988 
...        10    7989 
...        10    7990 
...        10    7991 
...        10    7992 
...        10    7993 
...        10    7994 
...        10    7995 
...        10    7996 
...        10    7997 
...        10    7998 
...        10    7999 
...        10    8000 
...        10    8001 
...        10    8002 
...        10    8003 
...        10    8004 
...        5     8005 
...        5     8006 
...        5     8007 
...        5     8008 
...        5     8009 
...        5     8010 
...        5     8011 
...        5     8012 
...        5     8013 
...        5     8014 
...        5     8015 
...        5     8016 
...        5     8017 
...        5     8018 
...        5     8019 
...        5     8020 
...        5     8021 
...        5     8022 
...        5     8023 
...        5     8024 
...        5     8025 
...        5     8026 
...        5     8027 
...        5     8028 
...        5     8029 
...        5     8030 
...        5     8031 
...        5     8032 
...        5     8033 
...        5     8034 
...        5     8035 
...        5     8036 
...        5     8037 
...        5     8038 
...        5     8039 
...        5     8040 
...        5     8041 
...        5     8042 
...        5     8043 
...        5     8044 
...        5     8045 
...        5     8046 
...        5     8047 
...        5     8048 
...        5     8049 
...        5     8050 
...        5     8051 
...        5     8052 
...        5     8053 
...        5     8054 
...        5     8055 
...        5     8056 
...        5     8057 
...        5     8058 
...        5     8059 
...        5     8060 
...        5     8061 
...        5     8062 
...        5     8063 
...        5     8064 
...        5     8065 
...        5     8066 
...        5     8067 
...        5     8068 
...        5     8069 
...        5     8070 
...        5     8071 
...        5     8072 
...        5     8073 
...        5     8074 
...        5     8075 
...        5     8076 
...        5     8077 
...        5     8078 
...        5     8079 
...        5     8080 
...        5     8081 
...        5     8082 
...        5     8083 
...        5     8084 
...        5     8085 
...        5     8086 
...        5     8087 
...        5     8088 
...        5     8089 
...        5     8090 
...        5     8091 
...        5     8092 
...        5     8093 
...        5     8094 
...        5     8095 
...        5     8096 
...        5     8097 
...        5     8098 
...        5     8099 
...        5     8100 
...        5     8101 
...        5     8102 
...        5     8103 
...        5     8104 
...        5     8105 
...        5     8106 
...        5     8107 
...        5     8108 
...        5     8109 
...        5     8110 
...        5     8111 
...        5     8112 
...        5     8113 
...        5     8114 
...        5     8115 
...        5     8116 
...        5     8117 
...        5     8118 
...        5     8119 
...        5     8120 
...        5     8121 
...        5     8122 
...        5     8123 
...        5     8124 
...        5     8125 
...        5     8126 
...        5     8127 
...        5     8128 
...        5     8129 
...        5     8130 
...        5     8131 
...        5     8132 
...        5     8133 
...        5     8134 
...        5     8135 
...        5     8136 
...        5     8137 
...        5     8138 
...        5     8139 
...        5     8140 
...        5     8141 
...        5     8142 
...        5     8143 
...        5     8144 
...        5     8145 
...        5     8146 
...        5     8147 
...        5     8148 
...        5     8149 
...        5     8150 
...        5     8151 
...        5     8152 
...        10    8153 
...        10    8154 
...        10    8155 
...        10    8156 
...        10    8157 
...        10    8158 
...        10    8159 
...        10    8160 
...        10    8161 
...        10    8162 
...        10    8163 
...        10    8164 
...        10    8165 
...        10    8166 
...        10    8167 
...        10    8168 
...        10    8169 
...        10    8170 
...        10    8171 
...        10    8172 
...        10    8173 
...        10    8174 
...        10    8175 
...        10    8176 
...        10    8177 
...        10    8178 
...        10    8179 
...        10    8180 
...        10    8181 
...        10    8182 
...        10    8183 
...        10    8184 
...        10    8185 
...        10    8186 
...        10    8187 
...        10    8188 
...        10    8189 
...        10    8190 
...        10    8191 
...        10    8192 
...        10    8193 
...        10    8194 
...        10    8195 
...        10    8196 
...        10    8197 
...        10    8198 
...        10    8199 
...        10    8200 
...        10    8201 
...        10    8202 
...        10    8203 
...        10    8204 
...        10    8205 
...        10    8206 
...        10    8207 
...        10    8208 
...        10    8209 
...        10    8210 
...        10    8211 
...        10    8212 
...        10    8213 
...        10    8214 
...        10    8215 
...        10    8216 
...        10    8217 
...        10    8218 
...        10    8219 
...        10    8220 
...        10    8221 
...        10    8222 
...        10    8223 
...        10    8224 
...        10    8225 
...        10    8226 
...        10    8227 
...        10    8228 
...        10    8229 
...        10    8230 
...        10    8231 
...        10    8232 
...        10    8233 
...        10    8234 
...        10    8235 
...        10    8236 
...        10    8237 
...        10    8238 
...        5     8239 
...        10    8240 
...        10    8241 
...        10    8242 
...        10    8243 
...        10    8244 
...        10    8245 
...        10    8246 
...        10    8247 
...        10    8248 
...        5     8249 
...        10    8250 
...        10    8251 
...        10    8252 
...        10    8253 
...        10    8254 
...        10    8255 
...        10    8256 
...        10    8257 
...        10    8258 
...        10    8259 
...        10    8260 
...        10    8261 
...        10    8262 
...        10    8263 
...        10    8264 
...        10    8265 
...        10    8266 
...        10    8267 
...        10    8268 
...        10    8269 
...        10    8270 
...        10    8271 
...        10    8272 
...        10    8273 
...        10    8274 
...        10    8275 
...        10    8276 
...        10    8277 
...        10    8278 
...        10    8279 
...        10    8280 
...        10    8281 
...        10    8282 
...        10    8283 
...        10    8284 
...        10    8285 
...        10    8286 
...        10    8287 
...        10    8288 
...        5     8289 
...        10    8290 
...        10    8291 
...        10    8292 
...        5     8293 
...        10    8294 
...        10    8295 
...        10    8296 
...        10    8297 
...        10    8298 
...        10    8299 
...        10    8300 
...        10    8301 
...        10    8302 
...        10    8303 
...        10    8304 
...        10    8305 
...        10    8306 
...        10    8307 
...        10    8308 
...        10    8309 
...        10    8310 
...        10    8311 
...        10    8312 
...        10    8313 
...        10    8314 
...        10    8315 
...        10    8316 
...        10    8317 
...        10    8318 
...        10    8319 
...        10    8320 
...        10    8321 
...        10    8322 
...        5     8323 
...        10    8324 
...        10    8325 
...        5     8326 
...        10    8327 
...        10    8328 
...        10    8329 
...        10    8330 
...        10    8331 
...        10    8332 
...        10    8333 
...        10    8334 
...        10    8335 
...        10    8336 
...        10    8337 
...        10    8338 
...        10    8339 
...        10    8340 
...        10    8341 
...        10    8342 
...        10    8343 
...        10    8344 
...        10    8345 
...        10    8346 
...        10    8347 
...        10    8348 
...        5     8349 
...        10    8350 
...        10    8351 
...        10    8352 
...        10    8353 
...        5     8354 
...        10    8355 
...        10    8356 
...        10    8357 
...        10    8358 
...        10    8359 
...        10    8360 
...        10    8361 
...        10    8362 
...        10    8363 
...        10    8364 
...        10    8365 
...        10    8366 
...        10    8367 
...        10    8368 
...        10    8369 
...        10    8370 
...        10    8371 
...        10    8372 
...        10    8373 
...        10    8374 
...        5     8375 
...        10    8376 
...        10    8377 
...        10    8378 
...        10    8379 
...        10    8380 
...        10    8381 
...        10    8382 
...        10    8383 
...        10    8384 
...        10    8385 
...        10    8386 
...        10    8387 
...        10    8388 
...        10    8389 
...        10    8390 
...        10    8391 
...        10    8392 
...        10    8393 
...        10    8394 
...        10    8395 
...        10    8396 
...        10    8397 
...        10    8398 
...        10    8399 
...        10    8400 
...        10    8401 
...        10    8402 
...        10    8403 
...        10    8404 
...        10    8405 
...        10    8406 
...        10    8407 
...        10    8408 
...        10    8409 
...        10    8410 
...        10    8411 
...        10    8412 
...        10    8413 
...        10    8414 
...        10    8415 
...        10    8416 
...        10    8417 
...        10    8418 
...        10    8419 
...        10    8420 
...        10    8421 
...        10    8422 
...        10    8423 
...        10    8424 
...        10    8425 
...        10    8426 
...        10    8427 
...        10    8428 
...        10    8429 
...        10    8430 
...        10    8431 
...        10    8432 
...        10    8433 
...        10    8434 
...        10    8435 
...        10    8436 
...        10    8437 
...        10    8438 
...        10    8439 
...        10    8440 
...        10    8441 
...        10    8442 
...        10    8443 
...        10    8444 
...        10    8445 
...        10    8446 
...        10    8447 
...        10    8448 
...        10    8449 
...        10    8450 
...        10    8451 
...        10    8452 
...        10    8453 
...        10    8454 
...        10    8455 
...        10    8456 
...        10    8457 
...        10    8458 
...        10    8459 
...        10    8460 
...        10    8461 
...        10    8462 
...        5     8463 
...        5     8464 
...        5     8465 
...        5     8466 
...        5     8467 
...        5     8468 
...        5     8469 
...        5     8470 
...        5     8471 
...        5     8472 
...        5     8473 
...        5     8474 
...        5     8475 
...        5     8476 
...        5     8477 
...        5     8478 
...        5     8479 
...        5     8480 
...        5     8481 
...        5     8482 
...        5     8483 
...        5     8484 
...        5     8485 
...        5     8486 
...        5     8487 
...        5     8488 
...        5     8489 
...        5     8490 
...        5     8491 
...        5     8492 
...        5     8493 
...        5     8494 
...        5     8495 
...        5     8496 
...        5     8497 
...        5     8498 
...        5     8499 
...        5     8500 
...        5     8501 
...        5     8502 
...        5     8503 
...        5     8504 
...        5     8505 
...        5     8506 
...        5     8507 
...        5     8508 
...        5     8509 
...        5     8510 
...        5     8511 
...        5     8512 
...        5     8513 
...        5     8514 
...        5     8515 
...        5     8516 
...        5     8517 
...        5     8518 
...        5     8519 
...        5     8520 
...        5     8521 
...        5     8522 
...        5     8523 
...        5     8524 
...        5     8525 
...        5     8526 
...        5     8527 
...        5     8528 
...        5     8529 
...        5     8530 
...        5     8531 
...        5     8532 
...        5     8533 
...        5     8534 
...        5     8535 
...        5     8536 
...        5     8537 
...        5     8538 
...        5     8539 
...        5     8540 
...        5     8541 
...        5     8542 
...        5     8543 
...        5     8544 
...        5     8545 
...        5     8546 
...        5     8547 
...        5     8548 
...        5     8549 
...        5     8550 
...        5     8551 
...        5     8552 
...        5     8553 
...        5     8554 
...        5     8555 
...        5     8556 
...        5     8557 
...        5     8558 
...        5     8559 
...        5     8560 
...        5     8561 
...        5     8562 
...        5     8563 
...        5     8564 
...        5     8565 
...        5     8566 
...        5     8567 
...        5     8568 
...        5     8569 
...        5     8570 
...        5     8571 
...        5     8572 
...        5     8573 
...        5     8574 
...        5     8575 
...        5     8576 
...        5     8577 
...        5     8578 
...        5     8579 
...        5     8580 
...        5     8581 
...        5     8582 
...        5     8583 
...        5     8584 
...        5     8585 
...        5     8586 
...        5     8587 
...        5     8588 
...        5     8589 
...        5     8590 
...        5     8591 
...        5     8592 
...        5     8593 
...        5     8594 
...        5     8595 
...        5     8596 
...        5     8597 
...        5     8598 
...        5     8599 
...        5     8600 
...        5     8601 
...        5     8602 
...        10    8603 
...        5     8604 
...        5     8605 
...        5     8606 
...        5     8607 
...        5     8608 
...        5     8609 
...        5     8610 
...        5     8611 
...        5     8612 
...        5     8613 
...        5     8614 
...        5     8615 
...        5     8616 
...        5     8617 
...        5     8618 
...        5     8619 
...        5     8620 
...        5     8621 
...        5     8622 
...        5     8623 
...        5     8624 
...        5     8625 
...        5     8626 
...        5     8627 
...        5     8628 
...        5     8629 
...        5     8630 
...        5     8631 
...        5     8632 
...        5     8633 
...        5     8634 
...        5     8635 
...        5     8636 
...        5     8637 
...        5     8638 
...        5     8639 
...        5     8640 
...        5     8641 
...        5     8642 
...        5     8643 
...        5     8644 
...        5     8645 
...        5     8646 
...        5     8647 
...        5     8648 
...        5     8649 
...        5     8650 
...        5     8651 
...        5     8652 
...        5     8653 
...        5     8654 
...        5     8655 
...        5     8656 
...        5     8657 
...        5     8658 
...        5     8659 
...        5     8660 
...        5     8661 
...        5     8662 
...        5     8663 
...        5     8664 
...        5     8665 
...        5     8666 
...        5     8667 
...        5     8668 
...        5     8669 
...        5     8670 
...        5     8671 
...        5     8672 
...        5     8673 
...        5     8674 
...        5     8675 
...        5     8676 
...        5     8677 
...        5     8678 
...        5     8679 
...        5     8680 
...        5     8681 
...        5     8682 
...        5     8683 
...        5     8684 
...        5     8685 
...        5     8686 
...        5     8687 
...        5     8688 
...        5     8689 
...        5     8690 
...        5     8691 
...        5     8692 
...        5     8693 
...        5     8694 
...        5     8695 
...        5     8696 
...        5     8697 
...        5     8698 
...        5     8699 
...        5     8700 
...        5     8701 
...        5     8702 
...        5     8703 
...        5     8704 
...        5     8705 
...        5     8706 
...        5     8707 
...        5     8708 
...        5     8709 
...        5     8710 
...        5     8711 
...        5     8712 
...        5     8713 
...        5     8714 
...        5     8715 
...        5     8716 
...        5     8717 
...        5     8718 
...        5     8719 
...        5     8720 
...        5     8721 
...        5     8722 
...        5     8723 
...        5     8724 
...        5     8725 
...        5     8726 
...        5     8727 
...        5     8728 
...        5     8729 
...        5     8730 
...        5     8731 
...        5     8732 
...        5     8733 
...        5     8734 
...        5     8735 
...        5     8736 
...        5     8737 
...        5     8738 
...        5     8739 
...        5     8740 
...        5     8741 
...        5     8742 
...        5     8743 
...        5     8744 
...        5     8745 
...        5     8746 
...        5     8747 
...        5     8748 
...        5     8749 
...        10    8750 
...        10    8751 
...        5     8752 
...        5     8753 
...        5     8754 
...        5     8755 
...        5     8756 
...        5     8757 
...        5     8758 
...        5     8759 
...        5     8760 
...        5     8761 
...        5     8762 
...        5     8763 
...        5     8764 
...        5     8765 
...        5     8766 
...        5     8767 
...        5     8768 
...        5     8769 
...        5     8770 
...        5     8771 
...        5     8772 
...        5     8773 
...        5     8774 
...        5     8775 
...        5     8776 
...        5     8777 
...        5     8778 
...        5     8779 
...        5     8780 
...        5     8781 
...        5     8782 
...        5     8783 
...        5     8784 
...        5     8785 
...        5     8786 
...        5     8787 
...        5     8788 
...        5     8789 
...        5     8790 
...        5     8791 
...        5     8792 
...        5     8793 
...        5     8794 
...        5     8795 
...        5     8796 
...        5     8797 
...        5     8798 
...        5     8799 
...        5     8800 
...        5     8801 
...        5     8802 
...        5     8803 
...        5     8804 
...        5     8805 
...        5     8806 
...        5     8807 
...        5     8808 
...        5     8809 
...        5     8810 
...        5     8811 
...        5     8812 
...        5     8813 
...        5     8814 
...        5     8815 
...        5     8816 
...        5     8817 
...        5     8818 
...        5     8819 
...        5     8820 
...        5     8821 
...        5     8822 
...        5     8823 
...        5     8824 
...        5     8825 
...        5     8826 
...        5     8827 
...        5     8828 
...        5     8829 
...        5     8830 
...        5     8831 
...        5     8832 
...        5     8833 
...        5     8834 
...        5     8835 
...        5     8836 
...        5     8837 
...        5     8838 
...        5     8839 
...        5     8840 
...        5     8841 
...        5     8842 
...        5     8843 
...        5     8844 
...        5     8845 
...        5     8846 
...        5     8847 
...        5     8848 
...        5     8849 
...        5     8850 
...        5     8851 
...        5     8852 
...        5     8853 
...        5     8854 
...        5     8855 
...        5     8856 
...        5     8857 
...        5     8858 
...        5     8859 
...        5     8860 
...        5     8861 
...        5     8862 
...        5     8863 
...        5     8864 
...        5     8865 
...        5     8866 
...        5     8867 
...        5     8868 
...        5     8869 
...        5     8870 
...        5     8871 
...        5     8872 
...        5     8873 
...        5     8874 
...        5     8875 
...        5     8876 
...        5     8877 
...        5     8878 
...        5     8879 
...        5     8880 
...        5     8881 
...        5     8882 
...        5     8883 
...        5     8884 
...        5     8885 
...        5     8886 
...        5     8887 
...        5     8888 
...        5     8889 
...        5     8890 
...        5     8891 
...        5     8892 
...        5     8893 
...        5     8894 
...        5     8895 
...        5     8896 
...        5     8897 
...        5     8898 
...        5     8899 
...        5     8900 
...        5     8901 
...        5     8902 
...        5     8903 
...        5     8904 
...        5     8905 
...        5     8906 
...        5     8907 
...        5     8908 
...        5     8909 
...        5     8910 
...        5     8911 
...        5     8912 
...        5     8913 
...        5     8914 
...        5     8915 
...        5     8916 
...        5     8917 
...        5     8918 
...        5     8919 
...        5     8920 
...        5     8921 
...        5     8922 
...        5     8923 
...        5     8924 
...        5     8925 
...        5     8926 
...        5     8927 
...        5     8928 
...        5     8929 
...        5     8930 
...        5     8931 
...        5     8932 
...        5     8933 
...        5     8934 
...        5     8935 
...        5     8936 
...        5     8937 
...        5     8938 
...        5     8939 
...        5     8940 
...        5     8941 
...        5     8942 
...        5     8943 
...        5     8944 
...        5     8945 
...        5     8946 
...        5     8947 
...        5     8948 
...        5     8949 
...        5     8950 
...        5     8951 
...        5     8952 
...        5     8953 
...        5     8954 
...        5     8955 
...        5     8956 
...        5     8957 
...        5     8958 
...        5     8959 
...        5     8960 
...        5     8961 
...        5     8962 
...        5     8963 
...        5     8964 
...        5     8965 
...        5     8966 
...        5     8967 
...        5     8968 
...        5     8969 
...        5     8970 
...        5     8971 
...        5     8972 
...        5     8973 
...        5     8974 
...        5     8975 
...        5     8976 
...        5     8977 
...        5     8978 
...        5     8979 
...        5     8980 
...        5     8981 
...        5     8982 
...        5     8983 
...        5     8984 
...        5     8985 
...        5     8986 
...        5     8987 
...        5     8988 
...        5     8989 
...        5     8990 
...        5     8991 
...        5     8992 
...        5     8993 
...        5     8994 
...        5     8995 
...        5     8996 
...        5     8997 
...        5     8998 
...        5     8999 
...        5     9000 
...        5     9001 
...        5     9002 
...        5     9003 
...        5     9004 
...        5     9005 
...        5     9006 
...        5     9007 
...        5     9008 
...        5     9009 
...        5     9010 
...        5     9011 
...        5     9012 
...        5     9013 
...        5     9014 
...        5     9015 
...        5     9016 
...        5     9017 
...        5     9018 
...        5     9019 
...        5     9020 
...        5     9021 
...        5     9022 
...        5     9023 
...        5     9024 
...        5     9025 
...        5     9026 
...        5     9027 
...        5     9028 
...        5     9029 
...        5     9030 
...        5     9031 
...        5     9032 
...        5     9033 
...        5     9034 
...        5     9035 
...        5     9036 
...        5     9037 
...        5     9038 
...        5     9039 
...        5     9040 
...        5     9041 
...        5     9042 
...        5     9043 
...        5     9044 
...        5     9045 
...        5     9046 
...        5     9047 
...        5     9048 
...        5     9049 
...        5     9050 
...        5     9051 
...        5     9052 
...        5     9053 
...        5     9054 
...        5     9055 
...        5     9056 
...        5     9057 
...        5     9058 
...        5     9059 
...        5     9060 
...        5     9061 
...        5     9062 
...        5     9063 
...        5     9064 
...        5     9065 
...        5     9066 
...        5     9067 
...        5     9068 
...        5     9069 
...        5     9070 
...        5     9071 
...        5     9072 
...        5     9073 
...        5     9074 
...        5     9075 
...        5     9076 
...        5     9077 
...        5     9078 
...        5     9079 
...        5     9080 
...        5     9081 
...        5     9082 
...        5     9083 
...        5     9084 
...        5     9085 
...        5     9086 
...        5     9087 
...        5     9088 
...        5     9089 
...        5     9090 
...        5     9091 
...        5     9092 
...        5     9093 
...        5     9094 
...        5     9095 
...        5     9096 
...        5     9097 
...        5     9098 
...        5     9099 
...        5     9100 
...        5     9101 
...        5     9102 
...        5     9103 
...        5     9104 
...        5     9105 
...        5     9106 
...        5     9107 
...        5     9108 
...        5     9109 
...        5     9110 
...        5     9111 
...        5     9112 
...        5     9113 
...        5     9114 
...        5     9115 
...        5     9116 
...        5     9117 
...        5     9118 
...        5     9119 
...        5     9120 
...        5     9121 
...        5     9122 
...        5     9123 
...        5     9124 
...        5     9125 
...        5     9126 
...        5     9127 
...        5     9128 
...        5     9129 
...        5     9130 
...        5     9131 
...        5     9132 
...        5     9133 
...        5     9134 
...        5     9135 
...        5     9136 
...        5     9137 
...        5     9138 
...        5     9139 
...        5     9140 
...        5     9141 
...        5     9142 
...        5     9143 
...        5     9144 
...        5     9145 
...        5     9146 
...        5     9147 
...        5     9148 
...        5     9149 
...        5     9150 
...        5     9151 
...        5     9152 
...        5     9153 
...        5     9154 
...        5     9155 
...        5     9156 
...        5     9157 
...        5     9158 
...        5     9159 
...        5     9160 
...        5     9161 
...        5     9162 
...        5     9163 
...        5     9164 
...        5     9165 
...        5     9166 
...        5     9167 
...        5     9168 
...        5     9169 
...        5     9170 
...        5     9171 
...        5     9172 
...        5     9173 
...        5     9174 
...        5     9175 
...        5     9176 
...        5     9177 
...        5     9178 
...        5     9179 
...        5     9180 
...        5     9181 
...        5     9182 
...        5     9183 
...        5     9184 
...        5     9185 
...        5     9186 
...        5     9187 
...        5     9188 
...        5     9189 
...        5     9190 
...        5     9191 
...        5     9192 
...        5     9193 
...        5     9194 
...        5     9195 
...        5     9196 
...        5     9197 
...        5     9198 
...        5     9199 
...        5     9200 
...        5     9201 
...        5     9202 
...        5     9203 
...        5     9204 
...        5     9205 
...        5     9206 
...        5     9207 
...        5     9208 
...        5     9209 
...        5     9210 
...        5     9211 
...        5     9212 
...        5     9213 
...        5     9214 
...        5     9215 
...        5     9216 
...        5     9217 
...        5     9218 
...        5     9219 
...        5     9220 
...        5     9221 
...        5     9222 
...        5     9223 
...        5     9224 
...        5     9225 
...        5     9226 
...        5     9227 
...        5     9228 
...        5     9229 
...        5     9230 
...        5     9231 
...        5     9232 
...        5     9233 
...        5     9234 
...        5     9235 
...        5     9236 
...        5     9237 
...        5     9238 
...        5     9239 
...        5     9240 
...        5     9241 
...        5     9242 
...        5     9243 
...        5     9244 
...        5     9245 
...        5     9246 
...        5     9247 
...        5     9248 
...        5     9249 
...        10    9250 
...        5     9251 
...        5     9252 
...        5     9253 
...        5     9254 
...        5     9255 
...        5     9256 
...        5     9257 
...        5     9258 
...        5     9259 
...        5     9260 
...        5     9261 
...        5     9262 
...        5     9263 
...        5     9264 
...        5     9265 
...        5     9266 
...        5     9267 
...        5     9268 
...        5     9269 
...        5     9270 
...        5     9271 
...        5     9272 
...        5     9273 
...        5     9274 
...        5     9275 
...        5     9276 
...        5     9277 
...        5     9278 
...        5     9279 
...        5     9280 
...        5     9281 
...        5     9282 
...        5     9283 
...        5     9284 
...        5     9285 
...        5     9286 
...        5     9287 
...        5     9288 
...        5     9289 
...        5     9290 
...        5     9291 
...        5     9292 
...        5     9293 
...        5     9294 
...        5     9295 
...        5     9296 
...        5     9297 
...        5     9298 
...        5     9299 
...        5     9300 
...        5     9301 
...        5     9302 
...        5     9303 
...        5     9304 
...        5     9305 
...        5     9306 
...        5     9307 
...        5     9308 
...        5     9309 
...        5     9310 
...        5     9311 
...        5     9312 
...        5     9313 
...        5     9314 
...        5     9315 
...        5     9316 
...        5     9317 
...        5     9318 
...        5     9319 
...        5     9320 
...        5     9321 
...        5     9322 
...        5     9323 
...        5     9324 
...        5     9325 
...        5     9326 
...        5     9327 
...        5     9328 
...        5     9329 
...        5     9330 
...        5     9331 
...        5     9332 
...        5     9333 
...        5     9334 
...        5     9335 
...        5     9336 
...        5     9337 
...        5     9338 
...        5     9339 
...        5     9340 
...        5     9341 
...        5     9342 
...        5     9343 
...        5     9344 
...        5     9345 
...        5     9346 
...        5     9347 
...        5     9348 
...        5     9349 
...        5     9350 
...        5     9351 
...        5     9352 
...        5     9353 
...        5     9354 
...        5     9355 
...        5     9356 
...        5     9357 
...        5     9358 
...        5     9359 
...        5     9360 
...        5     9361 
...        5     9362 
...        5     9363 
...        5     9364 
...        5     9365 
...        5     9366 
...        5     9367 
...        5     9368 
...        5     9369 
...        5     9370 
...        5     9371 
...        5     9372 
...        5     9373 
...        5     9374 
...        5     9375 
...        5     9376 
...        5     9377 
...        5     9378 
...        5     9379 
...        5     9380 
...        5     9381 
...        5     9382 
...        5     9383 
...        5     9384 
...        5     9385 
...        5     9386 
...        5     9387 
...        5     9388 

Pins:
7402   1180   1059  1     SMC_DELAYED_PWRGD
7384   1180   1057  1     TBT_POC_RESET_L
7393   1153   -99   1     TBTPOCRST_MR_L
7395   965    898   2     PP3V3_S4  
7377   965    1056  2     TBT_BATLOW_L
7386   937    639   2     PM_BATLOW_L
6765   757    986   3     TBT_A_HV_EN
6765   775    1     3     GND       
6793   766    196   3     TBTBST_PWREN_L
6716   2063   1046  4     BT_WAKE   
6716   2081   1     4     GND       
6688   2072   887   4     SMC_PME_S4_WAKE_L
5863   488    1103  5     PP3V3_S3  
5863   506    895   5     TPAD_SPI_INT_L
5891   497    896   5     TPAD_SPI_INT_S4_WAKE_L_CONN
5901   98     580   6     PP3V3_S0  
5919   98     875   6     TPAD_SPI_CS_L
5910   125    -99   6     TPAD_SPI_CS_CONN_L
5798   2119   917   7     SMC_PECI_L_R
5780   2119   918   7     CPU_PECI_R
5789   2092   427   7     PP1V05_S0 
448    570    2     8     PP3V3_S0_FAN
431    570    708   8     SMC_FAN_0_CTL
439    598    312   8     FAN_RT_PWM
3050   1055   525   9     PM_SLP_S3_R_L
3050   1038   1     9     GND       
3077   1047   523   9     CHGR_VFRQ 
2913   1924   -99   10    MCP_DC_A3_B3
2883   1924   600   10    MCP_DC_A4 
2857   1924   -99   10    UNCONNECTED_77
2810   1924   589   10    DP_TBTSNK1_AUXCH_C_P
2779   1924   894   10    DP_TBTSNK1_HPD
2743   1924   284   10    EDP_BKLT_EN
2707   1924   1     10    GND       
2678   1924   579   10    PP1V05_S0SW_PCH_VCCSATA3PLL
2641   1924   1     10    GND       
2606   1924   722   10    PCIE_SSD_R2D_C_P<3>
2576   1924   -99   10    PCIE_SSD_R2D_C_N<2>
2540   1924   1     10    GND       
2504   1924   544   10    PP1V05_S0_PCH_VCCACLKPLL
2475   1924   -99   10    PCIE_TBT_R2D_C_P<3>
2439   1924   -99   10    PCIE_TBT_R2D_C_P<1>
2406   1911   1     10    GND       
2378   1924   503   10    PCH_CLK24M_XTALIN
2334   1924   502   10    PCH_PCIE_RCOMP
2307   1911   1     10    GND       
2280   1924   -99   10    NC_PCIE_FW_R2D_CP
2235   1924   -99   10    PCIE_CAMERA_R2D_C_P
2208   1911   1     10    GND       
2181   1924   345   10    USB3_EXTB_R2D_C_P
2137   1924   52    10    TP_ITPXDP_CLK100MP
2109   1911   1     10    GND       
2082   1924   500   10    PCIE_CLK100M_SSD_P
2038   1924   -99   10    PCIE_CLK100M_TBT_N
2011   1911   1     10    GND       
1984   1924   -99   10    PCIE_CLK100M_CAMERA_P
1939   1924   465   10    TP_EDP_DISP_UTIL
1912   1911   1     10    GND       
1885   1924   -99   10    DP_INT_AUXCH_C_N
1841   1924   -99   10    NC_INT_ML_CN<1>
1813   1911   1     10    GND       
1786   1924   -99   10    NC_INT_ML_CN<3>
1742   1924   459   10    TP_MCP_RSVD_A51
1715   1911   1     10    GND       
1687   1924   -99   10    DP_TBTSNK1_ML_C_N<3>
1643   1924   -99   10    DP_TBTSNK0_ML_C_P<2>
1616   1911   1     10    GND       
1589   1924   -99   10    DP_TBTSNK0_ML_C_N<3>
1544   1924   40    10    TP_PPVCCIO_S0_CPU
1512   1924   457   10    MCP_DC_A60
1486   1924   -99   10    MCP_DC_A61_B61
1460   1924   452   10    MCP_DC_A62
2958   1463   1     10    GND       
2932   1463   548   10    SPI_MOSI_R
2907   1464   554   10    SPI_CLK_R 
2881   1464   533   10    SPI_MISO  
2760   1468   870   10    PP3V3_SUS 
2498   1472   479   10    PP1V05_S0_PCH_VCCAPLL_OPI
2441   1472   -99   10    UNCONNECTED_31
1565   1478   1     10    GND       
1539   1466   -99   10    UNCONNECTED_32
1514   1466   23    10    CPU_CFG<4>
1488   1466   38    10    CPU_CFG<17>
1463   1464   12    10    CPU_CFG<16>
1437   1464   414   10    CPU_CFG<3>
2854   1450   104   10    PM_PCH_PWROK
2828   1450   926   10    TBT_PWR_EN
2803   1450   1     10    GND       
2777   1450   -99   10    UNCONNECTED_52
2742   1450   1     10    GND       
2518   1456   1     10    GND       
2498   1440   -99   10    UNCONNECTED_25
2461   1456   1     10    GND       
2441   1440   -99   10    UNCONNECTED_33
1578   1452   426   10    PPVCC_S0_CPU
2958   1433   145   10    XDP_SSD_PCIE0_SEL_L
2932   1433   112   10    TP_SPI_CS2_L
2907   1432   655   10    PM_SYSRST_L
2881   1432   -99   10    UNCONNECTED_18
2760   1431   870   10    PP3V3_SUS 
2518   1424   -99   10    UNCONNECTED_53
2461   1424   427   10    PP1V05_S0 
1565   1427   -99   10    UNCONNECTED_34
1539   1433   -99   10    UNCONNECTED_35
1514   1433   11    10    CPU_CFG<0>
1488   1433   1     10    GND       
1463   1435   10    10    CPU_CFG<1>
1437   1435   14    10    CPU_CFG<2>
2958   1404   98    10    AP_CLKREQ_L
2932   1404   -99   10    NC_CLINK_DATA
2907   1405   1     10    GND       
2881   1405   -99   10    NC_PCI_PME_L
2854   1412   250   10    SD_RESET_L
2828   1412   99    10    TP_MEM_VDD_SEL_1V5_L
2803   1412   -99   10    TPAD_SPI_INT_GPIO28_L
2777   1412   -99   10    UNCONNECTED_49
2742   1412   -99   10    UNCONNECTED_48
2498   1408   1     10    GND       
2441   1408   -99   10    UNCONNECTED_36
1578   1401   426   10    PPVCC_S0_CPU
1539   1407   -99   10    UNCONNECTED_37
1514   1407   -99   10    UNCONNECTED_38
1488   1407   421   10    XDP_PCH_TDI
1463   1405   415   10    XDP_PCH_TMS
1437   1405   1     10    GND       
2854   1375   1     10    GND       
2828   1375   531   10    PM_CLK32K_SUSCLK_R
2803   1375   532   10    PPVOUT_S0_PCH_DCPRTC
2777   1375   427   10    PP1V05_S0 
2760   1393   427   10    PP1V05_S0 
2742   1375   1     10    GND       
2518   1392   870   10    PP3V3_SUS 
2498   1376   870   10    PP3V3_SUS 
2461   1392   427   10    PP1V05_S0 
2441   1376   427   10    PP1V05_S0 
1565   1376   1     10    GND       
1539   1374   -99   10    UNCONNECTED_39
1514   1374   -99   10    UNCONNECTED_40
1488   1374   443   10    XDP_PCH_TDO
1463   1376   435   10    XDP_PCH_TCK
1437   1376   42    10    PCH_JTAGX 
2958   1374   97    10    SPI_IO<3> 
2932   1374   -99   10    NC_CLINK_CLK
2907   1373   567   10    PCH_PM_SLP_S0_L
2881   1373   -99   10    NC_CLINK_RESET_L
2760   1356   427   10    PP1V05_S0 
2719   1362   1     10    GND       
2687   1362   1     10    GND       
2655   1362   1     10    GND       
2623   1362   1     10    GND       
2591   1362   1     10    GND       
2559   1362   1     10    GND       
2527   1362   -99   10    UNCONNECTED_26
2461   1360   427   10    PP1V05_S0 
2958   1345   1     10    GND       
2932   1345   596   10    PM_PCH_SYS_PWROK
2907   1346   569   10    TPAD_SPI_INT_GPIO46_L
2881   1346   916   10    LPC_PWRDWN_L
2854   1337   593   10    CAMERA_PWR_EN_PCH
2828   1337   732   10    SSD_PWR_EN
2803   1337   1026  10    PLT_RESET_L
2777   1337   427   10    PP1V05_S0 
2735   1342   488   10    PPVRTC_G3H
2703   1342   1     10    GND       
2671   1342   427   10    PP1V05_S0 
2639   1342   427   10    PP1V05_S0 
2607   1342   427   10    PP1V05_S0 
2575   1342   427   10    PP1V05_S0 
2543   1342   475   10    PPVOUT_S5_PCH_DCPSUSBYP_R
2511   1342   475   10    PPVOUT_S5_PCH_DCPSUSBYP_R
2487   1329   1     10    GND       
2441   1344   1     10    GND       
1578   1350   426   10    PPVCC_S0_CPU
1553   1333   -99   10    UNCONNECTED_41
1527   1349   1     10    GND       
1501   1349   1     10    GND       
1475   1349   1     10    GND       
1450   1349   1     10    GND       
2958   1315   950   10    SMBUS_PCH_DATA
2932   1315   530   10    XDP_USB_EXTC_OC_L
2907   1314   906   10    SMBUS_SMC_1_S0_SDA
2881   1314   553   10    XDP_MLB_RAMCFG3
2735   1315   987   10    PP3V3_S5  
2703   1315   870   10    PP3V3_SUS 
2671   1315   -99   10    UNCONNECTED_50
2639   1315   372   10    PP1V5_S0SW_AUDIO_HDA
2607   1315   1     10    GND       
2575   1315   1     10    GND       
2543   1315   1     10    GND       
2511   1315   1     10    GND       
2461   1328   1     10    GND       
2410   1322   1     10    GND       
2359   1322   108   10    PPVMEMIO_S0_CPU
2307   1322   1     10    GND       
2256   1322   1     10    GND       
2205   1322   1     10    GND       
2154   1322   1     10    GND       
2103   1322   1     10    GND       
2051   1322   1     10    GND       
2000   1322   1     10    GND       
1949   1322   1     10    GND       
1898   1322   1     10    GND       
1847   1322   1     10    GND       
1795   1322   1     10    GND       
1744   1322   1     10    GND       
1693   1322   1     10    GND       
1642   1322   1     10    GND       
1591   1322   1     10    GND       
1514   1323   -99   10    MEM_A_DQ<5>
1488   1323   -99   10    MEM_A_DQ<4>
1463   1323   -99   10    MEM_A_DQ<1>
1437   1323   -99   10    MEM_A_DQ<0>
2854   1300   510   10    PCIE_WAKE_L
2828   1300   356   10    PM_SLP_S4_L
2803   1300   491   10    TP_PCH_SLP_LAN_L
2777   1300   595   10    SMC_ADAPTER_EN
2735   1289   474   10    PCH_USB_RBIAS
2703   1289   474   10    PCH_USB_RBIAS
2671   1289   1     10    GND       
2639   1289   1     10    GND       
2441   1312   1     10    GND       
2384   1309   1     10    GND       
2333   1309   1     10    GND       
2282   1309   1     10    GND       
2231   1309   108   10    PPVMEMIO_S0_CPU
2179   1309   108   10    PPVMEMIO_S0_CPU
2128   1309   1     10    GND       
2077   1309   108   10    PPVMEMIO_S0_CPU
2026   1309   1     10    GND       
1975   1309   1     10    GND       
1923   1309   1     10    GND       
1872   1309   1     10    GND       
1821   1309   1     10    GND       
1770   1309   1     10    GND       
1719   1309   1     10    GND       
1667   1309   1     10    GND       
1616   1309   1     10    GND       
1565   1309   1     10    GND       
1527   1296   1     10    GND       
1501   1296   -99   10    MEM_A_DQS_N<0>
1475   1296   -99   10    MEM_A_DQS_P<0>
1450   1296   1     10    GND       
2958   1286   96    10    SML_PCH_0_DATA
2932   1286   552   10    PCH_SUSACK_L
2907   1287   1     10    GND       
2881   1287   1087  10    SD_PWR_EN 
2788   1276   493   10    PCH_TESTLOW_AK8
2570   1284   -99   10    MEM_B_DQ<58>
2533   1284   -99   10    MEM_B_DQ<60>
2495   1284   -99   10    MEM_B_DQ<54>
2460   1284   -99   10    MEM_B_DQ<55>
2425   1284   1     10    GND       
2387   1284   -99   10    MEM_B_DQ<30>
2349   1284   -99   10    MEM_B_DQ<28>
2312   1284   -99   10    MEM_B_DQ<19>
2276   1284   -99   10    MEM_B_DQ<17>
2217   1284   -99   10    MEM_B_CS_L<1>
2181   1284   -99   10    MEM_B_CAB<0>
2142   1284   -99   10    MEM_B_CAB<2>
2108   1284   -99   10    MEM_B_CAB<7>
2068   1284   -99   10    MEM_B_CLK_N<1>
2009   1284   -99   10    MEM_A_DQ<48>
1976   1284   -99   10    MEM_A_DQ<49>
1938   1284   -99   10    MEM_A_DQ<53>
1900   1284   -99   10    MEM_A_DQ<52>
1864   1284   -99   10    MEM_A_DQ<57>
1823   1284   -99   10    MEM_A_DQ<61>
1787   1284   -99   10    MEM_A_DQ<59>
1748   1284   -99   10    MEM_A_DQ<63>
1714   1284   1     10    GND       
1674   1284   -99   10    MEM_A_DQ<27>
1636   1284   -99   10    MEM_A_DQ<29>
1599   1284   -99   10    MEM_A_DQ<19>
1564   1284   -99   10    MEM_A_DQ<21>
1514   1274   -99   10    MEM_A_DQ<7>
1488   1274   -99   10    MEM_A_DQ<6>
1463   1269   -99   10    MEM_A_DQ<3>
1437   1269   -99   10    MEM_A_DQ<2>
2958   1256   -99   10    UNCONNECTED_58
2932   1256   110   10    WOL_EN    
2907   1255   902   10    XDP_USB_EXTA_OC_L
2881   1255   568   10    HDD_PWR_EN
2844   1264   551   10    TP_PM_SLP_A_L
2811   1264   940   10    PM_PWRBTN_L
2788   1251   492   10    PCH_TESTLOW_AL8
2735   1264   1     10    GND       
2713   1251   -99   10    UNCONNECTED_19
2659   1264   1     10    GND       
2637   1251   829   10    USB_TPAD_P
2595   1271   1     10    GND       
2570   1258   -99   10    MEM_B_DQ<59>
2533   1258   1     10    GND       
2495   1258   -99   10    MEM_B_DQ<50>
2458   1258   1     10    GND       
2425   1258   1     10    GND       
2387   1258   -99   10    MEM_B_DQ<31>
2349   1258   1     10    GND       
2312   1258   -99   10    MEM_B_DQ<18>
2274   1258   1     10    GND       
2239   1271   1     10    GND       
2217   1258   481   10    MEM_B_ODT<0>
2181   1258   1     10    GND       
2142   1258   -99   10    MEM_B_CAB<4>
2108   1258   1     10    GND       
2067   1258   -99   10    MEM_B_CLK_P<1>
2031   1271   1     10    GND       
2008   1258   1     10    GND       
1976   1258   -99   10    MEM_A_DQS_P<6>
1938   1258   -99   10    MEM_A_DQS_N<6>
1900   1258   1     10    GND       
1863   1258   1     10    GND       
1822   1258   -99   10    MEM_A_DQS_N<7>
1786   1258   -99   10    MEM_A_DQS_P<7>
1747   1258   1     10    GND       
1714   1258   1     10    GND       
1674   1258   1     10    GND       
1636   1258   -99   10    MEM_A_DQ<28>
1599   1258   1     10    GND       
1564   1258   -99   10    MEM_A_DQ<20>
1527   1248   1     10    GND       
1501   1248   1     10    GND       
2958   1227   1     10    GND       
2932   1227   95    10    XDP_MLB_RAMCFG2
2907   1228   94    10    XDP_MLB_RAMCFG1
2881   1228   612   10    SPIROM_USE_MLB
2844   1238   529   10    TP_PCH_SLP_WLAN_L
2811   1238   775   10    HDMITBTMUX_SEL_TBT
2788   1225   -99   10    USB_EXTA_P
2735   1238   -99   10    UNCONNECTED_27
2713   1225   -99   10    UNCONNECTED_59
2659   1238   58    10    TP_USB_5N 
2637   1225   830   10    USB_TPAD_N
2595   1246   1     10    GND       
2570   1232   -99   10    MEM_B_DQS_P<7>
2533   1232   -99   10    MEM_B_DQ<61>
2495   1232   -99   10    MEM_B_DQS_P<6>
2458   1232   -99   10    MEM_B_DQ<51>
2425   1232   1     10    GND       
2387   1232   -99   10    MEM_B_DQS_P<3>
2349   1232   -99   10    MEM_B_DQ<29>
2312   1232   -99   10    MEM_B_DQS_P<2>
2274   1232   -99   10    MEM_B_DQ<16>
2239   1245   1     10    GND       
2217   1232   -99   10    MEM_B_CS_L<0>
2181   1232   -99   10    MEM_B_CAB<1>
2142   1232   -99   10    MEM_B_CAB<3>
2108   1232   -99   10    MEM_B_CAB<6>
2067   1232   -99   10    MEM_B_CLK_N<0>
2008   1232   -99   10    MEM_A_DQ<54>
1976   1232   -99   10    MEM_A_DQ<55>
1938   1232   -99   10    MEM_A_DQ<50>
1900   1232   -99   10    MEM_A_DQ<51>
1863   1232   -99   10    MEM_A_DQ<56>
1822   1232   -99   10    MEM_A_DQ<60>
1786   1232   -99   10    MEM_A_DQ<58>
1747   1232   -99   10    MEM_A_DQ<62>
1714   1232   1     10    GND       
1674   1232   -99   10    MEM_A_DQ<26>
1636   1232   -99   10    MEM_A_DQS_N<3>
1599   1232   -99   10    MEM_A_DQ<18>
1564   1232   -99   10    MEM_A_DQS_N<2>
1514   1223   -99   10    MEM_A_DQ<13>
1488   1223   -99   10    MEM_A_DQ<12>
1463   1227   -99   10    MEM_A_DQ<9>
1437   1227   -99   10    MEM_A_DQ<8>
2958   1197   93    10    SML_PCH_0_CLK
2932   1197   550   10    PCH_SMBALERT_L
2907   1196   831   10    TPAD_USB_IF_EN
2881   1196   639   10    PM_BATLOW_L
2844   1212   132   10    SMC_WAKE_SCI_L
2811   1212   1     10    GND       
2788   1200   -99   10    USB_EXTA_N
2735   1212   -99   10    UNCONNECTED_28
2713   1200   -99   10    NC_USB_CAMERAP
2659   1212   57    10    TP_USB_5P 
2637   1200   473   10    LPC_CLK24M_SMC_R
2595   1220   1     10    GND       
2570   1207   -99   10    MEM_B_DQS_N<7>
2533   1207   -99   10    MEM_B_DQ<56>
2495   1207   -99   10    MEM_B_DQS_N<6>
2458   1207   -99   10    MEM_B_DQ<52>
2425   1207   1     10    GND       
2387   1207   -99   10    MEM_B_DQS_N<3>
2349   1207   -99   10    MEM_B_DQ<24>
2312   1207   -99   10    MEM_B_DQS_N<2>
2274   1207   -99   10    MEM_B_DQ<21>
2239   1220   1     10    GND       
2217   1207   1     10    GND       
2181   1207   108   10    PPVMEMIO_S0_CPU
2142   1207   1     10    GND       
2108   1207   1     10    GND       
2067   1207   -99   10    MEM_B_CLK_P<0>
2031   1220   1     10    GND       
2008   1207   1     10    GND       
1976   1207   1     10    GND       
1938   1207   1     10    GND       
1900   1207   1     10    GND       
1863   1207   1     10    GND       
1822   1207   1     10    GND       
1786   1207   1     10    GND       
1747   1207   1     10    GND       
1714   1207   1     10    GND       
1674   1207   -99   10    MEM_A_DQ<31>
1636   1207   -99   10    MEM_A_DQS_P<3>
1599   1207   -99   10    MEM_A_DQ<23>
1564   1207   -99   10    MEM_A_DQS_P<2>
1527   1200   1     10    GND       
1501   1200   -99   10    MEM_A_DQS_P<1>
1475   1200   -99   10    MEM_A_DQS_N<1>
1450   1200   1     10    GND       
2958   1168   528   10    PCH_TBT_PCIE_RESET_L
2932   1168   949   10    SMBUS_PCH_CLK
2907   1169   1     10    GND       
2881   1169   105   10    PM_SLP_SUS_L
2844   1187   1028  10    PM_SLP_S5_L
2811   1187   -99   10    UNCONNECTED_60
2788   1174   -99   10    USB_BT_P  
2735   1187   1     10    GND       
2713   1174   -99   10    NC_USB_CAMERAN
2659   1187   -99   10    NC_USB_SDP
2637   1174   472   10    TP_LPC_CLK24M_LPCPLUS_R
2595   1194   1     10    GND       
2570   1181   -99   10    MEM_B_DQ<63>
2533   1181   1     10    GND       
2495   1181   -99   10    MEM_B_DQ<53>
2458   1181   1     10    GND       
2425   1181   1     10    GND       
2387   1181   -99   10    MEM_B_DQ<27>
2349   1181   1     10    GND       
2312   1181   -99   10    MEM_B_DQ<23>
2274   1181   1     10    GND       
2239   1194   1     10    GND       
2217   1181   438   10    MEM_A_ODT<0>
2181   1181   -99   10    MEM_A_CS_L<0>
2142   1181   -99   10    MEM_A_CAB<7>
2108   1181   47    10    TP_LPDDR3_RSVD1
2067   1181   1     10    GND       
2031   1194   1     10    GND       
2008   1181   -99   10    MEM_B_CAB<9>
1976   1181   -99   10    MEM_B_CAB<5>
1938   1181   108   10    PPVMEMIO_S0_CPU
1900   1181   -99   10    MEM_B_CAA<0>
1863   1181   -99   10    MEM_B_CAA<8>
1822   1181   1     10    GND       
1786   1181   640   10    CPU_DIMM_VREFCA
1747   1181   582   10    CPU_DIMMB_VREFDQ
1714   1181   1     10    GND       
1674   1181   1     10    GND       
1636   1181   -99   10    MEM_A_DQ<24>
1599   1181   1     10    GND       
1564   1181   -99   10    MEM_A_DQ<16>
1514   1174   -99   10    MEM_A_DQ<15>
1488   1174   -99   10    MEM_A_DQ<14>
1463   1174   -99   10    MEM_A_DQ<11>
1437   1174   -99   10    MEM_A_DQ<10>
2844   1161   1     10    GND       
2811   1161   348   10    USB_EXTB_N
2788   1148   -99   10    USB_BT_N  
2735   1161   -99   10    NC_USB_IRN
2713   1148   1     10    GND       
2659   1161   -99   10    NC_USB_SDN
2637   1148   1     10    GND       
2595   1169   1     10    GND       
2570   1156   -99   10    MEM_B_DQ<62>
2533   1156   -99   10    MEM_B_DQ<57>
2495   1156   -99   10    MEM_B_DQ<48>
2458   1156   -99   10    MEM_B_DQ<49>
2425   1156   1     10    GND       
2387   1156   -99   10    MEM_B_DQ<26>
2349   1156   -99   10    MEM_B_DQ<25>
2312   1156   -99   10    MEM_B_DQ<22>
2274   1156   -99   10    MEM_B_DQ<20>
2239   1168   1     10    GND       
2217   1156   -99   10    MEM_A_CS_L<1>
2181   1156   1     10    GND       
2142   1156   -99   10    MEM_A_CAB<0>
2108   1156   -99   10    MEM_A_CAA<0>
2067   1156   -99   10    MEM_A_CAB<5>
2031   1168   1     10    GND       
2008   1156   -99   10    MEM_B_CAB<8>
1976   1156   49    10    TP_LPDDR3_RSVD3
1938   1156   1     10    GND       
1900   1156   50    10    TP_LPDDR3_RSVD4
1863   1156   -99   10    MEM_B_CAA<9>
1822   1156   108   10    PPVMEMIO_S0_CPU
1786   1156   1     10    GND       
1747   1156   442   10    CPU_DIMMA_VREFDQ
1714   1156   1     10    GND       
1674   1156   -99   10    MEM_A_DQ<30>
1636   1156   -99   10    MEM_A_DQ<25>
1599   1156   -99   10    MEM_A_DQ<22>
1564   1156   -99   10    MEM_A_DQ<17>
2958   1137   367   10    XDP_USB_EXTB_OC_L
2932   1138   -99   10    UNCONNECTED_61
2907   1137   159   10    TPAD_SPI_IF_EN
2881   1137   219   10    PM_SLP_S3_L
2844   1136   207   10    XDP_SDCONN_STATE_CHANGE_L
2811   1136   349   10    USB_EXTB_P
2735   1136   -99   10    NC_USB_IRP
2659   1136   1     10    GND       
2153   1128   1     10    GND       
2091   1128   1     10    GND       
2029   1128   1     10    GND       
1967   1128   1     10    GND       
1905   1128   1     10    GND       
1843   1128   1     10    GND       
1780   1127   1     10    GND       
1501   1151   1     10    GND       
1469   1149   1     10    GND       
1437   1143   1     10    GND       
2958   1111   1     10    GND       
2932   1111   527   10    XDP_MLB_RAMCFG0
2906   1111   322   10    SMBUS_SMC_1_S0_SCL
2880   1111   979   10    PCH_SML1ALERT_L
2826   1110   76    10    PCH_INTRUDER_L
2794   1110   489   10    RTC_RESET_L
2767   1110   78    10    HDA_RST_R_L
2735   1110   -99   10    UNCONNECTED_62
2708   1110   566   10    HDA_SDOUT_R
2676   1110   -99   10    NC_HDA_SDIN1
2649   1110   471   10    LPC_AD_R<0>
2617   1110   -99   10    UNCONNECTED_63
2595   1123   1     10    GND       
2570   1110   -99   10    MEM_B_DQ<47>
2543   1123   1     10    GND       
2521   1110   -99   10    MEM_B_DQ<45>
2495   1123   1     10    GND       
2470   1110   -99   10    MEM_B_DQ<39>
2447   1123   1     10    GND       
2421   1110   -99   10    MEM_B_DQ<37>
2394   1123   1     10    GND       
2367   1110   -99   10    MEM_B_DQ<15>
2341   1123   1     10    GND       
2318   1110   -99   10    MEM_B_DQ<13>
2293   1123   1     10    GND       
2268   1110   -99   10    MEM_B_DQ<7>
2245   1123   1     10    GND       
2219   1110   -99   10    MEM_B_DQ<5>
2195   1124   1     10    GND       
2171   1110   -99   10    MEM_A_CAB<1>
2135   1110   -99   10    MEM_A_CAB<4>
2109   1110   -99   10    MEM_A_CAB<9>
2073   1110   -99   10    MEM_A_CLK_N<0>
2047   1110   48    10    TP_LPDDR3_RSVD2
2011   1110   -99   10    MEM_A_CAA<1>
1985   1110   -99   10    MEM_A_CAA<6>
1949   1110   -99   10    MEM_A_CAA<8>
1923   1110   -99   10    MEM_A_CKE<0>
1887   1110   -99   10    UNCONNECTED_64
1861   1110   -99   10    MEM_B_CAA<1>
1825   1110   -99   10    MEM_B_CAA<6>
1799   1110   -99   10    MEM_B_CAA<5>
1761   1110   -99   10    MEM_B_CKE<1>
1738   1123   1     10    GND       
1711   1110   -99   10    MEM_A_DQ<47>
1685   1123   1     10    GND       
1662   1110   -99   10    MEM_A_DQ<45>
1637   1123   1     10    GND       
1612   1110   -99   10    MEM_A_DQ<39>
1589   1123   1     10    GND       
1563   1110   -99   10    MEM_A_DQ<37>
1540   1123   1     10    GND       
1518   1110   441   10    CPU_SM_RCOMP<0>
1490   1121   420   10    CPU_SM_RCOMP<2>
1463   1111   404   10    XDP_CPUPCH_TRST_L
1437   1110   19    10    TP_MCP_RSVD_AU63
2958   1085   526   10    MCP_DC_AV1
2932   1085   -99   10    UNCONNECTED_20
2906   1085   505   10    XDP_USB_EXTD_OC_L
2880   1085   549   10    PCH_SUSWARN_L
2853   1084   925   10    PM_DSW_PWRGD
2826   1084   490   10    PCH_SRTCRST_L
2794   1084   77    10    PCH_INTVRMEN
2767   1084   1     10    GND       
2735   1084   63    10    TP_PCH_I2S1_SFRM
2708   1084   470   10    HDA_SYNC_R
2676   1084   68    10    LPC_FRAME_R_L
2649   1084   1     10    GND       
2617   1084   65    10    TP_CPU_MEM_RESET_L
2595   1097   1     10    GND       
2570   1084   -99   10    MEM_B_DQ<46>
2543   1097   -99   10    MEM_B_DQS_N<5>
2521   1084   -99   10    MEM_B_DQ<44>
2495   1097   1     10    GND       
2470   1084   -99   10    MEM_B_DQ<38>
2447   1097   -99   10    MEM_B_DQS_P<4>
2421   1084   -99   10    MEM_B_DQ<36>
2394   1097   1     10    GND       
2367   1084   -99   10    MEM_B_DQ<14>
2341   1097   -99   10    MEM_B_DQS_N<1>
2318   1084   -99   10    MEM_B_DQ<12>
2293   1097   1     10    GND       
2268   1084   -99   10    MEM_B_DQ<6>
2245   1097   -99   10    MEM_B_DQS_P<0>
2219   1084   -99   10    MEM_B_DQ<4>
2194   1097   1     10    GND       
2169   1084   1     10    GND       
2137   1084   -99   10    MEM_A_CAB<6>
2107   1084   1     10    GND       
2075   1084   -99   10    MEM_A_CLK_P<0>
2045   1084   1     10    GND       
2013   1084   -99   10    MEM_A_CAA<2>
1983   1084   1     10    GND       
1951   1084   -99   10    MEM_A_CAA<9>
1921   1084   1     10    GND       
1889   1084   -99   10    UNCONNECTED_65
1859   1084   1     10    GND       
1827   1084   -99   10    MEM_B_CAA<7>
1797   1084   1     10    GND       
1765   1084   -99   10    MEM_B_CKE<3>
1738   1097   1     10    GND       
1711   1084   -99   10    MEM_A_DQ<46>
1685   1097   -99   10    MEM_A_DQS_N<5>
1662   1084   -99   10    MEM_A_DQ<44>
1637   1097   1     10    GND       
1612   1084   -99   10    MEM_A_DQ<38>
1589   1097   -99   10    MEM_A_DQS_N<4>
1563   1084   -99   10    MEM_A_DQ<36>
1540   1097   1     10    GND       
1518   1084   440   10    CPU_SM_RCOMP<1>
1489   1095   419   10    CPU_MEMVTT_PWR_EN_LSVDDQ
1463   1085   -99   10    UNCONNECTED_78
1437   1084   18    10    TP_MCP_RSVD_AV63
2958   1056   524   10    MCP_DC_AW1
2932   1059   -99   10    MCP_DC_AW2_AY2
2906   1059   -99   10    MCP_DC_AW3_AY3
2880   1059   1     10    GND       
2854   1059   657   10    PCH_CLK32K_RTCX1
2825   1059   584   10    PM_RSMRST_L
2795   1059   487   10    PCH_DSWVRMEN
2766   1059   73    10    HDA_BIT_CLK_R
2736   1059   72    10    TP_PCH_I2S1_TXD
2707   1059   71    10    LPC_AD_R<3>
2677   1059   69    10    LPC_AD_R<1>
2648   1059   -99   10    UNCONNECTED_66
2618   1059   64    10    PCH_OPI_COMP
2595   1072   1     10    GND       
2570   1059   -99   10    MEM_B_DQ<43>
2543   1072   -99   10    MEM_B_DQS_P<5>
2516   1059   -99   10    MEM_B_DQ<41>
2474   1059   -99   10    MEM_B_DQ<35>
2447   1072   -99   10    MEM_B_DQS_N<4>
2421   1059   -99   10    MEM_B_DQ<33>
2394   1072   1     10    GND       
2367   1059   -99   10    MEM_B_DQ<11>
2341   1072   -99   10    MEM_B_DQS_P<1>
2314   1059   -99   10    MEM_B_DQ<9>
2272   1059   -99   10    MEM_B_DQ<3>
2245   1072   -99   10    MEM_B_DQS_N<0>
2219   1059   -99   10    MEM_B_DQ<1>
2192   1072   1     10    GND       
2169   1059   -99   10    MEM_A_CAB<2>
2137   1059   1     10    GND       
2107   1059   -99   10    MEM_A_CLK_N<1>
2075   1059   1     10    GND       
2045   1059   -99   10    MEM_A_CAA<4>
2013   1059   1     10    GND       
1983   1059   -99   10    MEM_A_CAA<7>
1951   1059   1     10    GND       
1921   1059   -99   10    MEM_A_CKE<1>
1889   1059   1     10    GND       
1859   1059   -99   10    MEM_B_CAA<2>
1827   1059   1     10    GND       
1797   1059   -99   10    MEM_B_CKE<2>
1765   1059   1     10    GND       
1738   1072   1     10    GND       
1711   1059   -99   10    MEM_A_DQ<43>
1685   1072   -99   10    MEM_A_DQS_P<5>
1658   1059   -99   10    MEM_A_DQ<41>
1616   1059   -99   10    MEM_A_DQ<35>
1589   1072   -99   10    MEM_A_DQS_P<4>
1563   1059   -99   10    MEM_A_DQ<33>
1540   1072   1     10    GND       
1518   1059   1     10    GND       
1488   1059   -99   10    MCP_DC_AW61_AY61
1463   1059   -99   10    MCP_DC_AW62_AY62
1437   1056   418   10    MCP_DC_AW63
2936   1033   -99   10    MCP_DC_AW2_AY2
2908   1033   -99   10    MCP_DC_AW3_AY3
2882   1033   1     10    GND       
2856   1033   -99   10    NC_RTC_CLK32K_RTCX2
2825   1033   1     10    GND       
2795   1033   104   10    PM_PCH_PWROK
2766   1033   62    10    TP_PCH_I2S1_SCLK
2736   1033   368   10    HDA_SDIN0 
2707   1033   1     10    GND       
2677   1033   70    10    LPC_AD_R<2>
2648   1033   -99   10    UNCONNECTED_67
2618   1033   66    10    CPU_OPI_RCOMP
2596   1046   1     10    GND       
2570   1033   -99   10    MEM_B_DQ<42>
2543   1046   1     10    GND       
2516   1033   -99   10    MEM_B_DQ<40>
2474   1033   -99   10    MEM_B_DQ<34>
2447   1046   1     10    GND       
2421   1033   -99   10    MEM_B_DQ<32>
2394   1046   1     10    GND       
2367   1033   -99   10    MEM_B_DQ<10>
2341   1046   1     10    GND       
2314   1033   -99   10    MEM_B_DQ<8>
2272   1033   -99   10    MEM_B_DQ<2>
2245   1046   1     10    GND       
2219   1033   -99   10    MEM_B_DQ<0>
2192   1046   1     10    GND       
2169   1033   -99   10    MEM_A_CAB<3>
2137   1033   108   10    PPVMEMIO_S0_CPU
2107   1033   -99   10    MEM_A_CLK_P<1>
2075   1033   -99   10    MEM_A_CAB<8>
2045   1033   -99   10    MEM_A_CAA<3>
2013   1033   108   10    PPVMEMIO_S0_CPU
1983   1033   -99   10    MEM_A_CAA<5>
1951   1033   -99   10    MEM_A_CKE<2>
1921   1033   -99   10    MEM_A_CKE<3>
1889   1033   108   10    PPVMEMIO_S0_CPU
1859   1033   -99   10    MEM_B_CAA<4>
1827   1033   -99   10    MEM_B_CAA<3>
1797   1033   -99   10    MEM_B_CKE<0>
1765   1033   108   10    PPVMEMIO_S0_CPU
1738   1046   1     10    GND       
1711   1033   -99   10    MEM_A_DQ<42>
1685   1046   1     10    GND       
1658   1033   -99   10    MEM_A_DQ<40>
1616   1033   -99   10    MEM_A_DQ<34>
1589   1046   1     10    GND       
1563   1033   -99   10    MEM_A_DQ<32>
1537   1033   1     10    GND       
1511   1033   439   10    MCP_DC_AY60
1485   1033   -99   10    MCP_DC_AW61_AY61
1459   1033   -99   10    MCP_DC_AW62_AY62
2938   1904   588   10    MCP_DC_B2 
2908   1898   -99   10    MCP_DC_A3_B3
2882   1898   1     10    GND       
2834   1899   -99   10    DP_TBTSNK0_AUXCH_C_P
2796   1899   577   10    DP_TBTSNK1_AUXCH_C_N
2765   1899   1157  10    EDP_BKLT_PWM
2733   1899   989   10    DP_TBTSNK0_DDC_CLK
2694   1899   579   10    PP1V05_S0SW_PCH_VCCSATA3PLL
2664   1899   564   10    PCH_TD_IREF
2631   1899   -99   10    PCIE_SSD_R2D_C_N<1>
2593   1899   721   10    PCIE_SSD_R2D_C_N<3>
2562   1899   -99   10    PCIE_SSD_R2D_C_P<2>
2530   1899   543   10    PP1V05_S0SW_PCH_VCCUSB3PLL
2491   1899   1     10    GND       
2475   1877   -99   10    PCIE_TBT_R2D_C_N<2>
2461   1899   -99   10    PCIE_TBT_R2D_C_N<3>
2428   1899   -99   10    PCIE_TBT_R2D_C_N<1>
2406   1886   1     10    GND       
2378   1898   547   10    PCH_CLK24M_XTALOUT
2356   1886   1     10    GND       
2334   1898   543   10    PP1V05_S0SW_PCH_VCCUSB3PLL
2307   1886   1     10    GND       
2280   1898   -99   10    NC_PCIE_FW_R2D_CN
2258   1886   -99   10    PCIE_AP_R2D_C_P
2235   1898   -99   10    PCIE_CAMERA_R2D_C_N
2208   1886   1     10    GND       
2181   1898   346   10    USB3_EXTB_R2D_C_N
2159   1886   -99   10    USB3_EXTA_R2D_C_P
2137   1898   51    10    TP_ITPXDP_CLK100MN
2109   1886   1     10    GND       
2082   1898   499   10    PCIE_CLK100M_SSD_N
2060   1886   -99   10    NC_PCIE_CLK100M_FWN
2038   1898   -99   10    PCIE_CLK100M_TBT_P
2011   1886   1     10    GND       
1984   1898   -99   10    PCIE_CLK100M_CAMERA_N
1961   1886   1040  10    PCIE_CLK100M_AP_P
1939   1898   -99   10    UNCONNECTED_76
1912   1886   1     10    GND       
1885   1898   -99   10    DP_INT_AUXCH_C_P
1863   1886   -99   10    DP_INT_ML_C_P<0>
1841   1898   -99   10    NC_INT_ML_CP<1>
1813   1886   1     10    GND       
1786   1898   -99   10    NC_INT_ML_CP<3>
1764   1886   -99   10    DP_TBTSNK1_ML_C_P<2>
1742   1898   464   10    TP_MCP_RSVD_B51
1715   1886   1     10    GND       
1687   1898   1074  10    DP_TBTSNK1_ML_C_P<3>
1665   1886   -99   10    DP_TBTSNK1_ML_C_P<1>
1643   1898   -99   10    DP_TBTSNK0_ML_C_N<2>
1616   1886   1     10    GND       
1589   1898   -99   10    DP_TBTSNK0_ML_C_P<3>
1567   1886   -99   10    DP_TBTSNK0_ML_C_N<1>
1544   1898   458   10    CPU_VCCST_PWRGD
1514   1898   1     10    GND       
1489   1898   -99   10    MCP_DC_A61_B61
1463   1896   -99   10    MCP_DC_B62_B63
1437   1901   -99   10    MCP_DC_B62_B63
2958   1879   -99   10    MCP_DC_C1_C2
2932   1875   -99   10    MCP_DC_C1_C2
2906   1873   590   10    LCD_IRQ_L 
2874   1874   1062  10    AP_S0IX_WAKE_SEL
2849   1877   -99   10    DP_TBTSNK0_AUXCH_C_N
2809   1877   578   10    EDP_PANEL_PWR
2779   1877   904   10    DP_TBTSNK0_HPD
2747   1877   988   10    DP_TBTSNK0_DDC_DATA
2708   1877   1     10    GND       
2678   1877   563   10    PCH_SATA_RCOMP
2646   1877   1     10    GND       
2606   1877   -99   10    PCIE_SSD_R2D_C_P<1>
2576   1877   -99   10    PCIE_SSD_R2D_C_N<0>
2544   1877   1     10    GND       
2505   1877   1     10    GND       
2490   1854   -99   10    PCIE_TBT_R2D_C_P<2>
2459   1854   -99   10    PCIE_TBT_R2D_C_P<0>
2443   1877   -99   10    PCIE_TBT_R2D_C_N<0>
2405   1844   426   10    PPVCC_S0_CPU
2378   1873   1     10    GND       
2356   1860   501   10    PCH_DIFFCLK_BIASREF
2334   1873   1     10    GND       
2306   1844   426   10    PPVCC_S0_CPU
2280   1873   -99   10    PCIE_AP_R2D_C_N
2258   1860   242   10    USB3_SD_R2D_C_N
2235   1873   236   10    USB3_SD_R2D_C_P
2207   1844   426   10    PPVCC_S0_CPU
2181   1873   -99   10    USB3_EXTA_R2D_C_N
2159   1860   54    10    PCH_TESTLOW_C34
2137   1873   55    10    PCH_TESTLOW_C35
2108   1844   426   10    PPVCC_S0_CPU
2082   1873   -99   10    NC_PCIE_CLK100M_FWP
2060   1860   1     10    GND       
2038   1873   1     10    GND       
2010   1844   426   10    PPVCC_S0_CPU
1984   1873   1039  10    PCIE_CLK100M_AP_N
1961   1860   -99   10    TP_PCIE_CLK100M_ENETSDP
1939   1873   -99   10    TP_PCIE_CLK100M_ENETSDN
1911   1844   426   10    PPVCC_S0_CPU
1885   1873   -99   10    DP_INT_ML_C_N<0>
1863   1860   -99   10    NC_INT_ML_CP<2>
1841   1873   -99   10    NC_INT_ML_CN<2>
1813   1844   426   10    PPVCC_S0_CPU
1786   1873   -99   10    DP_TBTSNK1_ML_C_N<2>
1764   1860   -99   10    DP_TBTSNK1_ML_C_P<0>
1742   1873   -99   10    DP_TBTSNK1_ML_C_N<0>
1715   1846   426   10    PPVCC_S0_CPU
1687   1873   1075  10    DP_TBTSNK1_ML_C_N<1>
1665   1860   1091  10    DP_TBTSNK0_ML_C_N<0>
1643   1873   1092  10    DP_TBTSNK0_ML_C_P<0>
1616   1846   426   10    PPVCC_S0_CPU
1589   1873   1     10    GND       
1567   1860   -99   10    DP_TBTSNK0_ML_C_P<1>
1544   1873   338   10    CPU_VR_READY
1501   1875   450   10    CPU_PWRGD 
1463   1870   39    10    TP_MCP_RSVD_C62
1437   1872   30    10    TP_MCP_RSVD_C63
2958   1851   -99   10    UNCONNECTED_79
2932   1842   1     10    GND       
2907   1844   945   10    PCH_STRP_TOPBLK_SWP_L
2852   1852   1     10    GND       
2825   1854   990   10    DP_INT_HPD
2794   1854   1     10    GND       
2763   1854   -99   10    DP_TBTSNK1_DDC_CLK
2727   1854   -99   10    DP_TBTSNK1_DDC_DATA
2693   1854   1     10    GND       
2662   1854   1     10    GND       
2626   1854   -99   10    UNCONNECTED_68
2591   1854   -99   10    PCIE_SSD_R2D_C_P<0>
2560   1854   1     10    GND       
2524   1854   498   10    MCP_EDP_RCOMP
2476   1829   1     10    GND       
2431   1854   1     10    GND       
2378   1847   1     10    GND       
2356   1834   1     10    GND       
2334   1847   1     10    GND       
2280   1847   1     10    GND       
2258   1834   1     10    GND       
2235   1847   1     10    GND       
2181   1847   1     10    GND       
2159   1834   1     10    GND       
2137   1847   1     10    GND       
2082   1847   1     10    GND       
2060   1834   1     10    GND       
2038   1847   1     10    GND       
1984   1847   1     10    GND       
1961   1834   1     10    GND       
1939   1847   1     10    GND       
1885   1847   1     10    GND       
1863   1834   1     10    GND       
1841   1847   1     10    GND       
1786   1847   1     10    GND       
1764   1834   1     10    GND       
1742   1847   1     10    GND       
1687   1847   1     10    GND       
1665   1834   1     10    GND       
1643   1847   1     10    GND       
1589   1847   1     10    GND       
1567   1834   -99   10    UNCONNECTED_80
1544   1847   1     10    GND       
1514   1853   456   10    PM_THRMTRIP_L
1488   1853   -99   10    UNCONNECTED_17
1463   1844   1     10    GND       
1437   1846   1     10    GND       
2958   1825   -99   10    UNCONNECTED_81
2932   1817   116   10    LCD_PSR_EN
2907   1818   1057  10    TBT_POC_RESET_L
2881   1818   576   10    ENET_MEDIA_SENSE
2855   1821   726   10    PCIE_SSD_D2R_P<0>
2818   1821   -99   10    PCIE_TBT_D2R_N<3>
2780   1821   -99   10    PCIE_TBT_D2R_P<1>
2743   1821   -99   10    PCIE_TBT_D2R_P<0>
2705   1821   1     10    GND       
2668   1821   -99   10    UNCONNECTED_29
2630   1821   -99   10    UNCONNECTED_30
2593   1821   1     10    GND       
2555   1821   343   10    USB3_EXTB_D2R_N
2518   1821   497   10    PPVCOMP_S0_CPU
2433   1822   426   10    PPVCC_S0_CPU
2378   1822   426   10    PPVCC_S0_CPU
2334   1822   426   10    PPVCC_S0_CPU
2280   1822   426   10    PPVCC_S0_CPU
2235   1822   426   10    PPVCC_S0_CPU
2181   1822   426   10    PPVCC_S0_CPU
2137   1822   426   10    PPVCC_S0_CPU
2082   1822   426   10    PPVCC_S0_CPU
2038   1822   426   10    PPVCC_S0_CPU
1984   1822   426   10    PPVCC_S0_CPU
1939   1822   426   10    PPVCC_S0_CPU
1885   1822   426   10    PPVCC_S0_CPU
1841   1822   426   10    PPVCC_S0_CPU
1786   1822   426   10    PPVCC_S0_CPU
1742   1822   426   10    PPVCC_S0_CPU
1687   1822   426   10    PPVCC_S0_CPU
1643   1822   426   10    PPVCC_S0_CPU
1589   1822   426   10    PPVCC_S0_CPU
1539   1820   404   10    XDP_CPUPCH_TRST_L
1514   1820   436   10    XDP_CPU_TCK
1488   1820   408   10    XDP_CPU_TMS
1463   1818   332   10    CPU_VCCSENSE_N
1437   1820   327   10    CPU_VCCSENSE_P
2958   1789   103   10    PCH_I2C1_SCL
2932   1787   1063  10    AP_S0IX_WAKE_L
2907   1786   1037  10    AP_RESET_L
2881   1786   561   10    BT_PWRRST_L
2855   1795   725   10    PCIE_SSD_D2R_N<0>
2818   1795   -99   10    PCIE_TBT_D2R_P<3>
2780   1795   -99   10    PCIE_TBT_D2R_N<1>
2743   1795   -99   10    PCIE_TBT_D2R_N<0>
2705   1795   1049  10    PCIE_AP_D2R_P
2668   1795   -99   10    NC_PCIE_FW_D2RN
2630   1795   -99   10    PCIE_CAMERA_D2R_N
2593   1795   1086  10    USB3_SD_D2R_P
2555   1795   342   10    USB3_EXTB_D2R_P
2518   1795   1     10    GND       
2457   1804   -99   10    UNCONNECTED_69
2406   1801   426   10    PPVCC_S0_CPU
2356   1801   1     10    GND       
2307   1801   426   10    PPVCC_S0_CPU
2258   1801   1     10    GND       
2208   1801   426   10    PPVCC_S0_CPU
2159   1801   1     10    GND       
2109   1801   426   10    PPVCC_S0_CPU
2060   1801   1     10    GND       
2011   1801   426   10    PPVCC_S0_CPU
1961   1801   1     10    GND       
1912   1801   426   10    PPVCC_S0_CPU
1863   1801   1     10    GND       
1813   1801   426   10    PPVCC_S0_CPU
1764   1801   1     10    GND       
1715   1801   426   10    PPVCC_S0_CPU
1665   1801   1     10    GND       
1616   1801   426   10    PPVCC_S0_CPU
1565   1801   1     10    GND       
1539   1787   426   10    PPVCC_S0_CPU
1514   1787   339   10    CPU_VR_EN 
1488   1787   1     10    GND       
1463   1789   429   10    XDP_CPU_TDO
1437   1789   407   10    XDP_CPU_TDI
2958   1758   575   10    PCH_BT_UART_CTS_L
2932   1758   597   10    PCH_UART1_TXD
2907   1759   1     10    GND       
2881   1759   562   10    PCH_I2C1_SDA
2855   1770   1     10    GND       
2818   1770   1     10    GND       
2780   1770   1     10    GND       
2743   1770   -99   10    PCIE_TBT_D2R_P<2>
2705   1770   1050  10    PCIE_AP_D2R_N
2668   1770   -99   10    NC_PCIE_FW_D2RP
2630   1770   -99   10    PCIE_CAMERA_D2R_P
2593   1770   1085  10    USB3_SD_D2R_N
2555   1770   1     10    GND       
2518   1770   301   10    USB3_EXTA_D2R_N
2461   1776   1     10    GND       
2433   1788   426   10    PPVCC_S0_CPU
2378   1788   426   10    PPVCC_S0_CPU
2334   1788   426   10    PPVCC_S0_CPU
2280   1788   426   10    PPVCC_S0_CPU
2235   1788   426   10    PPVCC_S0_CPU
2181   1788   426   10    PPVCC_S0_CPU
2137   1788   426   10    PPVCC_S0_CPU
2082   1788   426   10    PPVCC_S0_CPU
2038   1788   426   10    PPVCC_S0_CPU
1984   1788   426   10    PPVCC_S0_CPU
1939   1788   426   10    PPVCC_S0_CPU
1885   1788   426   10    PPVCC_S0_CPU
1841   1788   426   10    PPVCC_S0_CPU
1786   1788   426   10    PPVCC_S0_CPU
1742   1788   426   10    PPVCC_S0_CPU
1687   1788   426   10    PPVCC_S0_CPU
1643   1788   426   10    PPVCC_S0_CPU
1589   1788   426   10    PPVCC_S0_CPU
2855   1744   733   10    PCIE_SSD_D2R_P<3>
2818   1744   735   10    PCIE_SSD_D2R_P<1>
2780   1744   724   10    PCIE_SSD_D2R_P<2>
2743   1744   -99   10    PCIE_TBT_D2R_N<2>
2705   1744   427   10    PP1V05_S0 
2668   1744   1     10    GND       
2630   1744   427   10    PP1V05_S0 
2593   1744   1     10    GND       
2555   1744   -99   10    UNCONNECTED_82
2518   1744   300   10    USB3_EXTA_D2R_P
2461   1744   -99   10    UNCONNECTED_70
2441   1760   426   10    PPVCC_S0_CPU
1578   1763   1     10    GND       
1539   1761   432   10    CPU_PWR_DEBUG
1514   1761   25    10    XDP_BPM_L<1>
1488   1761   448   10    XDP_BPM_L<2>
1463   1759   449   10    XDP_BPM_L<3>
1437   1759   447   10    XDP_BPM_L<5>
2958   1728   -99   10    PCH_BT_UART_D2R
2932   1728   776   10    PCH_BT_UART_RTS_L
2907   1727   542   10    JTAG_ISP_TDO
2881   1727   540   10    PCH_UART1_CTS_L
2854   1719   720   10    PCIE_SSD_D2R_N<3>
2817   1719   734   10    PCIE_SSD_D2R_N<1>
2780   1719   723   10    PCIE_SSD_D2R_N<2>
2743   1719   1     10    GND       
2705   1719   427   10    PP1V05_S0 
2668   1719   -99   10    UNCONNECTED_51
2630   1719   585   10    PP1V5_S0  
2593   1719   427   10    PP1V05_S0 
2555   1719   496   10    PP1V05_S0_PCH_VCC_ICC
2518   1719   -99   10    UNCONNECTED_83
2482   1728   -99   10    UNCONNECTED_71
2461   1712   1     10    GND       
2441   1728   426   10    PPVCC_S0_CPU
1565   1734   -99   10    UNCONNECTED_42
1539   1728   1     10    GND       
1514   1728   433   10    XDP_BPM_L<0>
1488   1728   455   10    XDP_BPM_L<7>
1463   1730   412   10    XDP_CPU_PRDY_L
1437   1730   1     10    GND       
2958   1699   1     10    GND       
2932   1699   876   10    TPAD_SPI_MOSI
2907   1700   538   10    PCH_BT_UART_R2D
2881   1700   541   10    PCH_UART1_RXD
2760   1693   545   10    PP1V05_S0SW_PCH_HSIO
2724   1700   -99   10    UNCONNECTED_21
2687   1700   1     10    GND       
2649   1700   580   10    PP3V3_S0  
2612   1700   580   10    PP3V3_S0  
2574   1700   -99   10    UNCONNECTED_55
2537   1700   496   10    PP1V05_S0_PCH_VCC_ICC
2499   1700   -99   10    UNCONNECTED_23
2441   1696   426   10    PPVCC_S0_CPU
1578   1708   426   10    PPVCC_S0_CPU
1539   1702   454   10    XDP_BPM_L<4>
1514   1702   445   10    XDP_BPM_L<6>
1488   1702   181   10    CPU_CATERR_L
1463   1700   413   10    XDP_CPU_PREQ_L
1437   1700   425   10    CPU_PROCHOT_R_L
2958   1669   -99   10    HDMITBTMUX_LATCH
2932   1669   1025  10    SSD_RESET_L
2907   1668   113   10    ENET_LOW_PWR
2881   1668   536   10    AP_PCIE_DEV_WAKE
2854   1675   877   10    TPAD_SPI_CLK
2828   1675   560   10    AUD_SPI_CLK
2803   1675   1     10    GND       
2777   1675   539   10    AUD_SPI_MOSI
2742   1675   545   10    PP1V05_S0SW_PCH_HSIO
2705   1682   -99   10    UNCONNECTED_22
2668   1682   1     10    GND       
2630   1682   1     10    GND       
2593   1682   1     10    GND       
2555   1682   1     10    GND       
2518   1680   1     10    GND       
2461   1680   426   10    PPVCC_S0_CPU
1565   1683   1     10    GND       
1539   1669   -99   10    UNCONNECTED_43
1514   1669   29    10    TP_MCP_RSVD_L60
1488   1669   1     10    GND       
1463   1671   446   10    CPU_VIDALERT_R_L
1437   1671   424   10    CPU_VIDSOUT_R
2760   1656   545   10    PP1V05_S0SW_PCH_HSIO
2518   1648   -99   10    UNCONNECTED_56
2498   1664   -99   10    UNCONNECTED_24
2461   1648   1     10    GND       
2441   1664   426   10    PPVCC_S0_CPU
1578   1657   426   10    PPVCC_S0_CPU
2958   1640   572   10    FW_CLKREQ_L
2932   1640   102   10    SSD_BOOT  
2907   1641   1     10    GND       
2881   1641   537   10    HDMITBTMUX_FLAG
2854   1637   81    10    CAM_PCIE_RESET_L
2828   1637   480   10    AUD_SPI_MISO
2803   1637   819   10    TPAD_SPI_MISO
2777   1637   427   10    PP1V05_S0 
2742   1637   1     10    GND       
2498   1632   1     10    GND       
2441   1632   -99   10    UNCONNECTED_72
1565   1632   -99   10    UNCONNECTED_44
1539   1643   28    10    TP_CPU_RSVD_N59
1514   1643   -99   10    UNCONNECTED_84
1488   1643   36    10    TP_CPU_RSVDN61
1463   1641   460   10    CPU_PECI  
1437   1641   423   10    CPU_VIDSCLK_R
2958   1610   559   10    XDP_PCH_GPIO76
2932   1610   699   10    SSD_SR_EN_L
2907   1609   907   10    JTAG_TBT_TMS_PCH
2881   1609   653   10    SMC_RUNTIME_SCI_L
2760   1618   427   10    PP1V05_S0 
2518   1616   -99   10    UNCONNECTED_85
2461   1616   1     10    GND       
1578   1606   426   10    PPVCC_S0_CPU
1539   1610   1     10    GND       
1514   1610   27    10    TP_CPU_RSVD_P60
1488   1610   35    10    TP_CPU_RSVDP61
1463   1612   1     10    GND       
1437   1612   1     10    GND       
2854   1600   396   10    AUD_PWR_EN
2828   1600   495   10    AUD_SPI_CS_L
2803   1600   875   10    TPAD_SPI_CS_L
2777   1600   1     10    GND       
2742   1600   1     10    GND       
2518   1584   -99   10    UNCONNECTED_86
2498   1600   427   10    PP1V05_S0 
2461   1584   1     10    GND       
2441   1600   -99   10    UNCONNECTED_73
2958   1581   1     10    GND       
2932   1581   758   10    SSD_CLKREQ_L
2907   1582   903   10    XDP_PCH_GPIO17
2881   1582   658   10    LPC_SERIRQ
2760   1581   580   10    PP3V3_S0  
2498   1568   427   10    PP1V05_S0 
2441   1568   -99   10    UNCONNECTED_74
1565   1580   1     10    GND       
1539   1584   -99   10    UNCONNECTED_45
1514   1584   410   10    CPU_CFG<15>
1488   1584   31    10    CPU_CFG<14>
1463   1582   411   10    CPU_CFG<13>
1437   1582   417   10    CPU_CFG<12>
2958   1551   754   10    XDP_PCH_GPIO35
2932   1551   557   10    ENETSD_CLKREQ_L
2907   1550   558   10    PCH_SATALED_L
2881   1550   928   10    XDP_JTAG_ISP_TCK
2854   1562   951   10    TBT_CLKREQ_L
2828   1562   893   10    TBT_PWR_REQ_L
2803   1562   101   10    ODD_PWR_EN_L
2777   1562   580   10    PP3V3_S0  
2760   1543   1     10    GND       
2742   1562   -99   10    UNCONNECTED_75
2518   1552   1     10    GND       
2461   1552   1     10    GND       
1578   1555   426   10    PPVCC_S0_CPU
1539   1551   -99   10    UNCONNECTED_46
1514   1551   428   10    CPU_CFG<11>
1488   1551   1     10    GND       
1463   1553   409   10    CPU_CFG<19>
1437   1553   24    10    CPU_CFG<18>
2958   1522   146   10    XDP_FW_PME_L
2932   1522   556   10    PCH_TCO_TIMER_DISABLE
2907   1523   1     10    GND       
2881   1523   245   10    TBT_CIO_PLUG_EVENT_L
2854   1525   659   10    PM_CLKRUN_L
2828   1525   571   10    XDP_PCH_UART_SSD_L_BT_H
2803   1525   1     10    GND       
2777   1525   580   10    PP3V3_S0  
2742   1525   1     10    GND       
2498   1536   -99   10    UNCONNECTED_57
2441   1536   1     10    GND       
1565   1529   1     10    GND       
1539   1525   -99   10    UNCONNECTED_47
1514   1525   13    10    CPU_CFG<10>
1488   1525   37    10    CPU_CFG<9>
1463   1523   22    10    CPU_CFG<8>
1437   1523   422   10    CPU_CFG_RCOMP
2760   1506   580   10    PP3V3_S0  
2518   1520   1     10    GND       
2498   1504   479   10    PP1V05_S0_PCH_VCCAPLL_OPI
2461   1520   1     10    GND       
2441   1504   -99   10    UNCONNECTED_87
1578   1504   426   10    PPVCC_S0_CPU
2958   1492   594   10    XDP_LPCPLUS_GPIO
2932   1492   869   10    PCH_HSIO_PWR_EN
2907   1491   927   10    XDP_JTAG_ISP_TDI
2881   1491   100   10    TP_SPI_CS1_L
2854   1487   570   10    CAMERA_CLKREQ_L
2828   1487   534   10    SPI_IO<2> 
2803   1487   535   10    SPI_CS0_R_L
2777   1487   870   10    PP3V3_SUS 
2742   1487   1     10    GND       
2518   1488   -99   10    UNCONNECTED_54
2461   1488   -99   10    UNCONNECTED_88
1539   1492   1     10    GND       
1514   1492   34    10    CPU_CFG<7>
1488   1492   32    10    CPU_CFG<6>
1463   1494   33    10    CPU_CFG<5>
1437   1494   1     10    GND       
3213   1394   567   11    PCH_PM_SLP_S0_L
3199   1394   567   11    PCH_PM_SLP_S0_L
3185   1394   1     11    GND       
3185   1372   220   11    PM_SLP_S0_L
3199   1372   -99   11    UNCONNECTED_139
3213   1372   580   11    PP3V3_S0  
1063   2046   -99   12    UNCONNECTED_131
1062   2032   747   12    ALL_SYS_PWRGD
1062   2018   1     12    GND       
1085   2018   416   12    XDP_JTAG_CPU_ISOL_L
1085   2032   -99   12    UNCONNECTED_132
1085   2046   987   12    PP3V3_S5  
4905   2016   488   13    PPVRTC_G3H
4905   2036   987   13    PP3V3_S5  
4905   2055   868   13    SYSCLK_CLK25M_X2_R
4905   2075   873   13    SYSCLK_CLK25M_X1
4883   2097   874   13    PP3V3_S5RS3RS0_SYSCLKGEN
4864   2097   882   13    PP1V2_CAM_XTALPCIEVDD
4844   2097   1     13    GND       
4824   2097   847   13    SYSCLK_CLK25M_CAMERA
4803   2075   -99   13    UNCONNECTED_103
4803   2055   1     13    GND       
4803   2036   1     13    GND       
4803   2016   657   13    PCH_CLK32K_RTCX1
4824   1994   866   13    PP3V42_G3H
4844   1994   1109  13    PP3V3_TBTLC
4864   1994   1147  13    SYSCLK_CLK25M_TBT
4883   1994   1     13    GND       
4854   2045   1     13    GND       
3700   2109   219   14    PM_SLP_S3_L
3714   2108   747   14    ALL_SYS_PWRGD
3728   2108   1     14    GND       
3728   2131   458   14    CPU_VCCST_PWRGD
3714   2131   -99   14    UNCONNECTED_128
3700   2131   987   14    PP3V3_S5  
3198   1939   747   15    ALL_SYS_PWRGD
3179   1940   648   15    CPUVR_PGOOD_R
3159   1940   646   15    SYS_PWROK_R
3139   1940   1     15    GND       
3139   1913   586   15    PM_S0_PGOOD
3159   1913   1059  15    SMC_DELAYED_PWRGD
3179   1913   586   15    PM_S0_PGOOD
3198   1913   866   15    PP3V42_G3H
1555   889    -99   16    UNCONNECTED_104
1556   903    419   16    CPU_MEMVTT_PWR_EN_LSVDDQ
1556   916    1     16    GND       
1533   916    126   16    MEMVTT_PWR_EN
1533   903    -99   16    UNCONNECTED_105
1533   889    135   16    PP1V2_S3  
3351   1333   593   17    CAMERA_PWR_EN_PCH
3365   1332   356   17    PM_SLP_S4_L
3379   1332   1     17    GND       
3379   1354   121   17    CAMERA_PWR_EN
3365   1354   -99   17    UNCONNECTED_138
3351   1354   987   17    PP3V3_S5  
7464   1347   1060  18    JTAG_TBT_TDO
7478   1346   1     18    GND       
7492   1346   907   18    JTAG_TBT_TMS_PCH
7492   1369   229   18    JTAG_TBT_TMS
7478   1369   1109  18    PP3V3_TBTLC
7464   1369   542   18    JTAG_ISP_TDO
6780   1428   580   19    PP3V3_S0  
6780   1454   1026  19    PLT_RESET_L
6780   1479   1     19    GND       
6707   1479   1027  19    PLT_RST_BUF_L
6707   1428   580   19    PP3V3_S0  
3295   823    520   20    VREFMRGN_DQ_A
3295   803    521   20    VREFMRGN_DQ_B
3295   784    1     20    GND       
3295   764    611   20    VREFMRGN_CA_AB
3295   744    86    20    VREFMRGN_MEMVREG
3458   744    949   20    SMBUS_PCH_CLK
3458   764    950   20    SMBUS_PCH_DATA
3458   784    106   20    PP3V3_S3_VREFMRGN_DAC
3458   803    1     20    GND       
3458   823    1     20    GND       
3445   675    949   21    SMBUS_PCH_CLK
3410   650    950   21    SMBUS_PCH_DATA
3410   630    1     21    GND       
3410   611    1     21    GND       
3410   591    1     21    GND       
3410   571    591   21    VREFMRGN_CPU_EN
3410   551    652   21    VREFMRGN_DQ_A_EN
3445   526    1     21    GND       
3504   526    517   21    VREFMRGN_DQ_B_EN
3540   551    107   21    VREFMRGN_CA_A_EN
3540   571    609   21    VREFMRGN_CA_B_EN
3540   591    87    21    VREFMRGN_MEMVREG_EN
3540   611    89    21    VREFMRGN_SPARE_EN
3540   630    -99   21    UNCONNECTED_249
3540   650    924   21    PCA9557D_RESET_L
3504   675    106   21    PP3V3_S3_VREFMRGN_DAC
3475   601    1     21    GND       
3317   917    80    22    VREFMRGN_SPARE_BUF
3337   917    80    22    VREFMRGN_SPARE_BUF
3357   917    86    22    VREFMRGN_MEMVREG
3376   917    89    22    VREFMRGN_SPARE_EN
3317   897    1103  22    PP3V3_S3  
3376   897    1     22    GND       
3317   877    782   22    VREFMRGN_MEMVREG_BUF
3337   877    782   22    VREFMRGN_MEMVREG_BUF
3357   877    86    22    VREFMRGN_MEMVREG
3376   877    87    22    VREFMRGN_MEMVREG_EN
1172   278    -99   23    UNCONNECTED_146
1172   309    -99   23    UNCONNECTED_147
1172   341    565   23    PP1V8_S3  
1172   372    565   23    PP1V8_S3  
1172   404    565   23    PP1V8_S3  
1172   435    565   23    PP1V8_S3  
1172   498    135   23    PP1V2_S3  
1172   530    135   23    PP1V2_S3  
1172   561    565   23    PP1V8_S3  
1172   593    135   23    PP1V2_S3  
1172   624    -99   23    UNCONNECTED_150
1172   656    -99   23    UNCONNECTED_151
1198   278    -99   23    UNCONNECTED_152
1198   309    1     23    GND       
1198   341    16    23    MEM_A_ZQ<0>
1198   372    15    23    MEM_A_ZQ<1>
1198   404    1     23    GND       
1198   435    1     23    GND       
1198   498    -99   23    MEM_A_DQ<17>
1198   530    -99   23    MEM_A_DQ<22>
1198   561    -99   23    MEM_A_DQ<19>
1198   593    -99   23    MEM_A_DQ<20>
1198   624    1     23    GND       
1198   656    -99   23    UNCONNECTED_153
1223   309    -99   23    MEM_A_CAA<9>
1223   341    1     23    GND       
1223   372    -99   23    UNCONNECTED_143
1223   404    1     23    GND       
1223   435    1     23    GND       
1223   498    -99   23    MEM_A_DQ<23>
1223   530    -99   23    MEM_A_DQ<16>
1223   561    -99   23    MEM_A_DQ<21>
1223   593    -99   23    MEM_A_DQ<18>
1223   624    135   23    PP1V2_S3  
1249   309    -99   23    MEM_A_CAA<8>
1249   341    1     23    GND       
1249   372    135   23    PP1V2_S3  
1249   404    135   23    PP1V2_S3  
1249   435    135   23    PP1V2_S3  
1249   498    1     23    GND       
1249   530    -99   23    MEM_A_DQ<6>
1249   561    -99   23    MEM_A_DQS_P<2>
1249   593    -99   23    MEM_A_DQS_N<2>
1249   624    1     23    GND       
1274   309    -99   23    MEM_A_CAA<7>
1274   341    -99   23    MEM_A_CAA<6>
1274   372    1     23    GND       
1274   404    1     23    GND       
1274   435    1     23    GND       
1274   498    135   23    PP1V2_S3  
1274   530    -99   23    MEM_A_DQ<3>
1274   561    -99   23    MEM_A_DQ<5>
1274   593    -99   23    MEM_A_DQ<4>
1274   624    135   23    PP1V2_S3  
1300   309    135   23    PP1V2_S3  
1300   341    -99   23    MEM_A_CAA<5>
1300   372    1     23    GND       
1300   404    1     23    GND       
1300   435    1     23    GND       
1300   498    -99   23    MEM_A_DQ<7>
1300   530    -99   23    MEM_A_DQ<2>
1300   561    -99   23    MEM_A_DQ<1>
1300   593    -99   23    MEM_A_DQ<0>
1300   624    1     23    GND       
1326   309    135   23    PP1V2_S3  
1326   341    1     23    GND       
1326   372    1     23    GND       
1326   404    135   23    PP1V2_S3  
1326   435    1     23    GND       
1326   498    1     23    GND       
1326   530    1     23    GND       
1326   561    -99   23    MEM_A_DQS_P<0>
1326   593    -99   23    MEM_A_DQS_N<0>
1326   624    135   23    PP1V2_S3  
1351   309    1     23    GND       
1351   341    135   23    PP1V2_S3  
1351   372    45    23    PP0V6_S3_MEM_VREFCA_A
1351   404    135   23    PP1V2_S3  
1351   435    135   23    PP1V2_S3  
1351   498    135   23    PP1V2_S3  
1351   530    135   23    PP1V2_S3  
1351   561    1     23    GND       
1351   593    135   23    PP1V2_S3  
1351   624    135   23    PP1V2_S3  
1377   309    -99   23    MEM_A_CLK_N<0>
1377   341    -99   23    MEM_A_CLK_P<0>
1377   372    1     23    GND       
1377   404    135   23    PP1V2_S3  
1377   435    135   23    PP1V2_S3  
1377   498    438   23    MEM_A_ODT<0>
1377   530    135   23    PP1V2_S3  
1377   561    135   23    PP1V2_S3  
1377   593    46    23    PP0V6_S3_MEM_VREFDQ_A
1377   624    1     23    GND       
1402   309    1     23    GND       
1402   341    -99   23    MEM_A_CKE<0>
1402   372    -99   23    MEM_A_CKE<1>
1402   404    135   23    PP1V2_S3  
1402   435    135   23    PP1V2_S3  
1402   498    135   23    PP1V2_S3  
1402   530    -99   23    UNCONNECTED_144
1402   561    1     23    GND       
1402   593    135   23    PP1V2_S3  
1402   624    135   23    PP1V2_S3  
1428   309    135   23    PP1V2_S3  
1428   341    -99   23    MEM_A_CS_L<0>
1428   372    -99   23    MEM_A_CS_L<1>
1428   404    135   23    PP1V2_S3  
1428   435    1     23    GND       
1428   498    1     23    GND       
1428   530    1     23    GND       
1428   561    -99   23    MEM_A_DQS_P<1>
1428   593    -99   23    MEM_A_DQS_N<1>
1428   624    135   23    PP1V2_S3  
1454   309    135   23    PP1V2_S3  
1454   341    -99   23    MEM_A_CAA<4>
1454   372    1     23    GND       
1454   404    1     23    GND       
1454   435    1     23    GND       
1454   498    -99   23    MEM_A_DQ<8>
1454   530    -99   23    MEM_A_DQ<13>
1454   561    -99   23    MEM_A_DQ<14>
1454   593    -99   23    MEM_A_DQ<15>
1454   624    1     23    GND       
1479   309    -99   23    MEM_A_CAA<2>
1479   341    -99   23    MEM_A_CAA<3>
1479   372    1     23    GND       
1479   404    1     23    GND       
1479   435    1     23    GND       
1479   498    135   23    PP1V2_S3  
1479   530    -99   23    MEM_A_DQ<12>
1479   561    -99   23    MEM_A_DQ<10>
1479   593    -99   23    MEM_A_DQ<11>
1479   624    135   23    PP1V2_S3  
1505   309    -99   23    MEM_A_CAA<1>
1505   341    1     23    GND       
1505   372    135   23    PP1V2_S3  
1505   404    135   23    PP1V2_S3  
1505   435    135   23    PP1V2_S3  
1505   498    1     23    GND       
1505   530    -99   23    MEM_A_DQ<9>
1505   561    -99   23    MEM_A_DQS_P<3>
1505   593    -99   23    MEM_A_DQS_N<3>
1505   624    1     23    GND       
1530   309    -99   23    MEM_A_CAA<0>
1530   341    -99   23    UNCONNECTED_145
1530   372    1     23    GND       
1530   404    1     23    GND       
1530   435    1     23    GND       
1530   498    -99   23    MEM_A_DQ<24>
1530   530    -99   23    MEM_A_DQ<25>
1530   561    -99   23    MEM_A_DQ<26>
1530   593    -99   23    MEM_A_DQ<30>
1530   624    135   23    PP1V2_S3  
1556   278    -99   23    UNCONNECTED_154
1556   309    1     23    GND       
1556   341    1     23    GND       
1556   372    1     23    GND       
1556   404    1     23    GND       
1556   435    1     23    GND       
1556   498    -99   23    MEM_A_DQ<29>
1556   530    -99   23    MEM_A_DQ<28>
1556   561    -99   23    MEM_A_DQ<27>
1556   593    -99   23    MEM_A_DQ<31>
1556   624    1     23    GND       
1556   656    -99   23    UNCONNECTED_155
1582   278    -99   23    UNCONNECTED_156
1582   309    -99   23    UNCONNECTED_157
1582   341    565   23    PP1V8_S3  
1582   372    565   23    PP1V8_S3  
1582   404    565   23    PP1V8_S3  
1582   435    565   23    PP1V8_S3  
1582   498    135   23    PP1V2_S3  
1582   530    135   23    PP1V2_S3  
1582   561    565   23    PP1V8_S3  
1582   593    135   23    PP1V2_S3  
1582   624    -99   23    UNCONNECTED_148
1582   656    -99   23    UNCONNECTED_149
1720   278    -99   24    UNCONNECTED_161
1720   309    -99   24    UNCONNECTED_162
1720   341    565   24    PP1V8_S3  
1720   372    565   24    PP1V8_S3  
1720   404    565   24    PP1V8_S3  
1720   435    565   24    PP1V8_S3  
1720   498    135   24    PP1V2_S3  
1720   530    135   24    PP1V2_S3  
1720   561    565   24    PP1V8_S3  
1720   593    135   24    PP1V2_S3  
1720   624    -99   24    UNCONNECTED_165
1720   656    -99   24    UNCONNECTED_166
1746   278    -99   24    UNCONNECTED_167
1746   309    1     24    GND       
1746   341    43    24    MEM_A_ZQ<2>
1746   372    17    24    MEM_A_ZQ<3>
1746   404    1     24    GND       
1746   435    1     24    GND       
1746   498    -99   24    MEM_A_DQ<56>
1746   530    -99   24    MEM_A_DQ<57>
1746   561    -99   24    MEM_A_DQ<63>
1746   593    -99   24    MEM_A_DQ<59>
1746   624    1     24    GND       
1746   656    -99   24    UNCONNECTED_168
1771   309    -99   24    MEM_A_CAB<9>
1771   341    1     24    GND       
1771   372    -99   24    UNCONNECTED_158
1771   404    1     24    GND       
1771   435    1     24    GND       
1771   498    -99   24    MEM_A_DQ<61>
1771   530    -99   24    MEM_A_DQ<60>
1771   561    -99   24    MEM_A_DQ<62>
1771   593    -99   24    MEM_A_DQ<58>
1771   624    135   24    PP1V2_S3  
1797   309    -99   24    MEM_A_CAB<8>
1797   341    1     24    GND       
1797   372    135   24    PP1V2_S3  
1797   404    135   24    PP1V2_S3  
1797   435    135   24    PP1V2_S3  
1797   498    1     24    GND       
1797   530    -99   24    MEM_A_DQ<38>
1797   561    -99   24    MEM_A_DQS_P<7>
1797   593    -99   24    MEM_A_DQS_N<7>
1797   624    1     24    GND       
1822   309    -99   24    MEM_A_CAB<7>
1822   341    -99   24    MEM_A_CAB<6>
1822   372    1     24    GND       
1822   404    1     24    GND       
1822   435    1     24    GND       
1822   498    135   24    PP1V2_S3  
1822   530    -99   24    MEM_A_DQ<35>
1822   561    -99   24    MEM_A_DQ<33>
1822   593    -99   24    MEM_A_DQ<32>
1822   624    135   24    PP1V2_S3  
1848   309    135   24    PP1V2_S3  
1848   341    -99   24    MEM_A_CAB<5>
1848   372    1     24    GND       
1848   404    1     24    GND       
1848   435    1     24    GND       
1848   498    -99   24    MEM_A_DQ<39>
1848   530    -99   24    MEM_A_DQ<34>
1848   561    -99   24    MEM_A_DQ<37>
1848   593    -99   24    MEM_A_DQ<36>
1848   624    1     24    GND       
1874   309    135   24    PP1V2_S3  
1874   341    1     24    GND       
1874   372    1     24    GND       
1874   404    135   24    PP1V2_S3  
1874   435    1     24    GND       
1874   498    1     24    GND       
1874   530    1     24    GND       
1874   561    -99   24    MEM_A_DQS_P<4>
1874   593    -99   24    MEM_A_DQS_N<4>
1874   624    135   24    PP1V2_S3  
1899   309    1     24    GND       
1899   341    135   24    PP1V2_S3  
1899   372    45    24    PP0V6_S3_MEM_VREFCA_A
1899   404    135   24    PP1V2_S3  
1899   435    135   24    PP1V2_S3  
1899   498    135   24    PP1V2_S3  
1899   530    135   24    PP1V2_S3  
1899   561    1     24    GND       
1899   593    135   24    PP1V2_S3  
1899   624    135   24    PP1V2_S3  
1925   309    -99   24    MEM_A_CLK_N<1>
1925   341    -99   24    MEM_A_CLK_P<1>
1925   372    1     24    GND       
1925   404    135   24    PP1V2_S3  
1925   435    135   24    PP1V2_S3  
1925   498    438   24    MEM_A_ODT<0>
1925   530    135   24    PP1V2_S3  
1925   561    135   24    PP1V2_S3  
1925   593    46    24    PP0V6_S3_MEM_VREFDQ_A
1925   624    1     24    GND       
1950   309    1     24    GND       
1950   341    -99   24    MEM_A_CKE<2>
1950   372    -99   24    MEM_A_CKE<3>
1950   404    135   24    PP1V2_S3  
1950   435    135   24    PP1V2_S3  
1950   498    135   24    PP1V2_S3  
1950   530    -99   24    UNCONNECTED_159
1950   561    1     24    GND       
1950   593    135   24    PP1V2_S3  
1950   624    135   24    PP1V2_S3  
1976   309    135   24    PP1V2_S3  
1976   341    -99   24    MEM_A_CS_L<0>
1976   372    -99   24    MEM_A_CS_L<1>
1976   404    135   24    PP1V2_S3  
1976   435    1     24    GND       
1976   498    1     24    GND       
1976   530    1     24    GND       
1976   561    -99   24    MEM_A_DQS_P<5>
1976   593    -99   24    MEM_A_DQS_N<5>
1976   624    135   24    PP1V2_S3  
2002   309    135   24    PP1V2_S3  
2002   341    -99   24    MEM_A_CAB<4>
2002   372    1     24    GND       
2002   404    1     24    GND       
2002   435    1     24    GND       
2002   498    -99   24    MEM_A_DQ<40>
2002   530    -99   24    MEM_A_DQ<45>
2002   561    -99   24    MEM_A_DQ<42>
2002   593    -99   24    MEM_A_DQ<43>
2002   624    1     24    GND       
2027   309    -99   24    MEM_A_CAB<2>
2027   341    -99   24    MEM_A_CAB<3>
2027   372    1     24    GND       
2027   404    1     24    GND       
2027   435    1     24    GND       
2027   498    135   24    PP1V2_S3  
2027   530    -99   24    MEM_A_DQ<44>
2027   561    -99   24    MEM_A_DQ<46>
2027   593    -99   24    MEM_A_DQ<47>
2027   624    135   24    PP1V2_S3  
2053   309    -99   24    MEM_A_CAB<1>
2053   341    1     24    GND       
2053   372    135   24    PP1V2_S3  
2053   404    135   24    PP1V2_S3  
2053   435    135   24    PP1V2_S3  
2053   498    1     24    GND       
2053   530    -99   24    MEM_A_DQ<41>
2053   561    -99   24    MEM_A_DQS_P<6>
2053   593    -99   24    MEM_A_DQS_N<6>
2053   624    1     24    GND       
2078   309    -99   24    MEM_A_CAB<0>
2078   341    -99   24    UNCONNECTED_160
2078   372    1     24    GND       
2078   404    1     24    GND       
2078   435    1     24    GND       
2078   498    -99   24    MEM_A_DQ<53>
2078   530    -99   24    MEM_A_DQ<50>
2078   561    -99   24    MEM_A_DQ<54>
2078   593    -99   24    MEM_A_DQ<55>
2078   624    135   24    PP1V2_S3  
2104   278    -99   24    UNCONNECTED_169
2104   309    1     24    GND       
2104   341    1     24    GND       
2104   372    1     24    GND       
2104   404    1     24    GND       
2104   435    1     24    GND       
2104   498    -99   24    MEM_A_DQ<52>
2104   530    -99   24    MEM_A_DQ<51>
2104   561    -99   24    MEM_A_DQ<48>
2104   593    -99   24    MEM_A_DQ<49>
2104   624    1     24    GND       
2104   656    -99   24    UNCONNECTED_170
2130   278    -99   24    UNCONNECTED_171
2130   309    -99   24    UNCONNECTED_172
2130   341    565   24    PP1V8_S3  
2130   372    565   24    PP1V8_S3  
2130   404    565   24    PP1V8_S3  
2130   435    565   24    PP1V8_S3  
2130   498    135   24    PP1V2_S3  
2130   530    135   24    PP1V2_S3  
2130   561    565   24    PP1V8_S3  
2130   593    135   24    PP1V2_S3  
2130   624    -99   24    UNCONNECTED_163
2130   656    -99   24    UNCONNECTED_164
2268   278    -99   25    UNCONNECTED_176
2268   309    -99   25    UNCONNECTED_177
2268   341    565   25    PP1V8_S3  
2268   372    565   25    PP1V8_S3  
2268   404    565   25    PP1V8_S3  
2268   435    565   25    PP1V8_S3  
2268   498    135   25    PP1V2_S3  
2268   530    135   25    PP1V2_S3  
2268   561    565   25    PP1V8_S3  
2268   593    135   25    PP1V2_S3  
2268   624    -99   25    UNCONNECTED_180
2268   656    -99   25    UNCONNECTED_181
2294   278    -99   25    UNCONNECTED_182
2294   309    1     25    GND       
2294   341    56    25    MEM_B_ZQ<0>
2294   372    44    25    MEM_B_ZQ<1>
2294   404    1     25    GND       
2294   435    1     25    GND       
2294   498    -99   25    MEM_B_DQ<19>
2294   530    -99   25    MEM_B_DQ<18>
2294   561    -99   25    MEM_B_DQ<17>
2294   593    -99   25    MEM_B_DQ<21>
2294   624    1     25    GND       
2294   656    -99   25    UNCONNECTED_183
2319   309    -99   25    MEM_B_CAA<9>
2319   341    1     25    GND       
2319   372    -99   25    UNCONNECTED_173
2319   404    1     25    GND       
2319   435    1     25    GND       
2319   498    -99   25    MEM_B_DQ<22>
2319   530    -99   25    MEM_B_DQ<23>
2319   561    -99   25    MEM_B_DQ<16>
2319   593    -99   25    MEM_B_DQ<20>
2319   624    135   25    PP1V2_S3  
2345   309    -99   25    MEM_B_CAA<8>
2345   341    1     25    GND       
2345   372    135   25    PP1V2_S3  
2345   404    135   25    PP1V2_S3  
2345   435    135   25    PP1V2_S3  
2345   498    1     25    GND       
2345   530    -99   25    MEM_B_DQ<3>
2345   561    -99   25    MEM_B_DQS_P<2>
2345   593    -99   25    MEM_B_DQS_N<2>
2345   624    1     25    GND       
2371   309    -99   25    MEM_B_CAA<7>
2371   341    -99   25    MEM_B_CAA<6>
2371   372    1     25    GND       
2371   404    1     25    GND       
2371   435    1     25    GND       
2371   498    135   25    PP1V2_S3  
2371   530    -99   25    MEM_B_DQ<6>
2371   561    -99   25    MEM_B_DQ<5>
2371   593    -99   25    MEM_B_DQ<4>
2371   624    135   25    PP1V2_S3  
2396   309    135   25    PP1V2_S3  
2396   341    -99   25    MEM_B_CAA<5>
2396   372    1     25    GND       
2396   404    1     25    GND       
2396   435    1     25    GND       
2396   498    -99   25    MEM_B_DQ<7>
2396   530    -99   25    MEM_B_DQ<2>
2396   561    -99   25    MEM_B_DQ<1>
2396   593    -99   25    MEM_B_DQ<0>
2396   624    1     25    GND       
2422   309    135   25    PP1V2_S3  
2422   341    1     25    GND       
2422   372    1     25    GND       
2422   404    135   25    PP1V2_S3  
2422   435    1     25    GND       
2422   498    1     25    GND       
2422   530    1     25    GND       
2422   561    -99   25    MEM_B_DQS_P<0>
2422   593    -99   25    MEM_B_DQS_N<0>
2422   624    135   25    PP1V2_S3  
2447   309    1     25    GND       
2447   341    135   25    PP1V2_S3  
2447   372    74    25    PP0V6_S3_MEM_VREFCA_B
2447   404    135   25    PP1V2_S3  
2447   435    135   25    PP1V2_S3  
2447   498    135   25    PP1V2_S3  
2447   530    135   25    PP1V2_S3  
2447   561    1     25    GND       
2447   593    135   25    PP1V2_S3  
2447   624    135   25    PP1V2_S3  
2473   309    -99   25    MEM_B_CLK_N<0>
2473   341    -99   25    MEM_B_CLK_P<0>
2473   372    1     25    GND       
2473   404    135   25    PP1V2_S3  
2473   435    135   25    PP1V2_S3  
2473   498    481   25    MEM_B_ODT<0>
2473   530    135   25    PP1V2_S3  
2473   561    135   25    PP1V2_S3  
2473   593    75    25    PP0V6_S3_MEM_VREFDQ_B
2473   624    1     25    GND       
2498   309    1     25    GND       
2498   341    -99   25    MEM_B_CKE<0>
2498   372    -99   25    MEM_B_CKE<1>
2498   404    135   25    PP1V2_S3  
2498   435    135   25    PP1V2_S3  
2498   498    135   25    PP1V2_S3  
2498   530    -99   25    UNCONNECTED_174
2498   561    1     25    GND       
2498   593    135   25    PP1V2_S3  
2498   624    135   25    PP1V2_S3  
2524   309    135   25    PP1V2_S3  
2524   341    -99   25    MEM_B_CS_L<0>
2524   372    -99   25    MEM_B_CS_L<1>
2524   404    135   25    PP1V2_S3  
2524   435    1     25    GND       
2524   498    1     25    GND       
2524   530    1     25    GND       
2524   561    -99   25    MEM_B_DQS_P<1>
2524   593    -99   25    MEM_B_DQS_N<1>
2524   624    135   25    PP1V2_S3  
2550   309    135   25    PP1V2_S3  
2550   341    -99   25    MEM_B_CAA<4>
2550   372    1     25    GND       
2550   404    1     25    GND       
2550   435    1     25    GND       
2550   498    -99   25    MEM_B_DQ<13>
2550   530    -99   25    MEM_B_DQ<8>
2550   561    -99   25    MEM_B_DQ<14>
2550   593    -99   25    MEM_B_DQ<15>
2550   624    1     25    GND       
2575   309    -99   25    MEM_B_CAA<2>
2575   341    -99   25    MEM_B_CAA<3>
2575   372    1     25    GND       
2575   404    1     25    GND       
2575   435    1     25    GND       
2575   498    135   25    PP1V2_S3  
2575   530    -99   25    MEM_B_DQ<9>
2575   561    -99   25    MEM_B_DQ<10>
2575   593    -99   25    MEM_B_DQ<11>
2575   624    135   25    PP1V2_S3  
2601   309    -99   25    MEM_B_CAA<1>
2601   341    1     25    GND       
2601   372    135   25    PP1V2_S3  
2601   404    135   25    PP1V2_S3  
2601   435    135   25    PP1V2_S3  
2601   498    1     25    GND       
2601   530    -99   25    MEM_B_DQ<12>
2601   561    -99   25    MEM_B_DQS_P<3>
2601   593    -99   25    MEM_B_DQS_N<3>
2601   624    1     25    GND       
2626   309    -99   25    MEM_B_CAA<0>
2626   341    -99   25    UNCONNECTED_175
2626   372    1     25    GND       
2626   404    1     25    GND       
2626   435    1     25    GND       
2626   498    -99   25    MEM_B_DQ<24>
2626   530    -99   25    MEM_B_DQ<25>
2626   561    -99   25    MEM_B_DQ<31>
2626   593    -99   25    MEM_B_DQ<26>
2626   624    135   25    PP1V2_S3  
2652   278    -99   25    UNCONNECTED_184
2652   309    1     25    GND       
2652   341    1     25    GND       
2652   372    1     25    GND       
2652   404    1     25    GND       
2652   435    1     25    GND       
2652   498    -99   25    MEM_B_DQ<28>
2652   530    -99   25    MEM_B_DQ<29>
2652   561    -99   25    MEM_B_DQ<30>
2652   593    -99   25    MEM_B_DQ<27>
2652   624    1     25    GND       
2652   656    -99   25    UNCONNECTED_185
2678   278    -99   25    UNCONNECTED_186
2678   309    -99   25    UNCONNECTED_187
2678   341    565   25    PP1V8_S3  
2678   372    565   25    PP1V8_S3  
2678   404    565   25    PP1V8_S3  
2678   435    565   25    PP1V8_S3  
2678   498    135   25    PP1V2_S3  
2678   530    135   25    PP1V2_S3  
2678   561    565   25    PP1V8_S3  
2678   593    135   25    PP1V2_S3  
2678   624    -99   25    UNCONNECTED_178
2678   656    -99   25    UNCONNECTED_179
2816   278    -99   26    UNCONNECTED_191
2816   309    -99   26    UNCONNECTED_192
2816   341    565   26    PP1V8_S3  
2816   372    565   26    PP1V8_S3  
2816   404    565   26    PP1V8_S3  
2816   435    565   26    PP1V8_S3  
2816   498    135   26    PP1V2_S3  
2816   530    135   26    PP1V2_S3  
2816   561    565   26    PP1V8_S3  
2816   593    135   26    PP1V2_S3  
2816   624    -99   26    UNCONNECTED_195
2816   656    -99   26    UNCONNECTED_196
2842   278    -99   26    UNCONNECTED_197
2842   309    1     26    GND       
2842   341    61    26    MEM_B_ZQ<2>
2842   372    60    26    MEM_B_ZQ<3>
2842   404    1     26    GND       
2842   435    1     26    GND       
2842   498    -99   26    MEM_B_DQ<54>
2842   530    -99   26    MEM_B_DQ<50>
2842   561    -99   26    MEM_B_DQ<55>
2842   593    -99   26    MEM_B_DQ<52>
2842   624    1     26    GND       
2842   656    -99   26    UNCONNECTED_198
2867   309    -99   26    MEM_B_CAB<9>
2867   341    1     26    GND       
2867   372    -99   26    UNCONNECTED_188
2867   404    1     26    GND       
2867   435    1     26    GND       
2867   498    -99   26    MEM_B_DQ<53>
2867   530    -99   26    MEM_B_DQ<48>
2867   561    -99   26    MEM_B_DQ<51>
2867   593    -99   26    MEM_B_DQ<49>
2867   624    135   26    PP1V2_S3  
2893   309    -99   26    MEM_B_CAB<8>
2893   341    1     26    GND       
2893   372    135   26    PP1V2_S3  
2893   404    135   26    PP1V2_S3  
2893   435    135   26    PP1V2_S3  
2893   498    1     26    GND       
2893   530    -99   26    MEM_B_DQ<35>
2893   561    -99   26    MEM_B_DQS_P<6>
2893   593    -99   26    MEM_B_DQS_N<6>
2893   624    1     26    GND       
2919   309    -99   26    MEM_B_CAB<7>
2919   341    -99   26    MEM_B_CAB<6>
2919   372    1     26    GND       
2919   404    1     26    GND       
2919   435    1     26    GND       
2919   498    135   26    PP1V2_S3  
2919   530    -99   26    MEM_B_DQ<38>
2919   561    -99   26    MEM_B_DQ<37>
2919   593    -99   26    MEM_B_DQ<36>
2919   624    135   26    PP1V2_S3  
2944   309    135   26    PP1V2_S3  
2944   341    -99   26    MEM_B_CAB<5>
2944   372    1     26    GND       
2944   404    1     26    GND       
2944   435    1     26    GND       
2944   498    -99   26    MEM_B_DQ<39>
2944   530    -99   26    MEM_B_DQ<34>
2944   561    -99   26    MEM_B_DQ<33>
2944   593    -99   26    MEM_B_DQ<32>
2944   624    1     26    GND       
2970   309    135   26    PP1V2_S3  
2970   341    1     26    GND       
2970   372    1     26    GND       
2970   404    135   26    PP1V2_S3  
2970   435    1     26    GND       
2970   498    1     26    GND       
2970   530    1     26    GND       
2970   561    -99   26    MEM_B_DQS_P<4>
2970   593    -99   26    MEM_B_DQS_N<4>
2970   624    135   26    PP1V2_S3  
2995   309    1     26    GND       
2995   341    135   26    PP1V2_S3  
2995   372    74    26    PP0V6_S3_MEM_VREFCA_B
2995   404    135   26    PP1V2_S3  
2995   435    135   26    PP1V2_S3  
2995   498    135   26    PP1V2_S3  
2995   530    135   26    PP1V2_S3  
2995   561    1     26    GND       
2995   593    135   26    PP1V2_S3  
2995   624    135   26    PP1V2_S3  
3021   309    -99   26    MEM_B_CLK_N<1>
3021   341    -99   26    MEM_B_CLK_P<1>
3021   372    1     26    GND       
3021   404    135   26    PP1V2_S3  
3021   435    135   26    PP1V2_S3  
3021   498    481   26    MEM_B_ODT<0>
3021   530    135   26    PP1V2_S3  
3021   561    135   26    PP1V2_S3  
3021   593    75    26    PP0V6_S3_MEM_VREFDQ_B
3021   624    1     26    GND       
3047   309    1     26    GND       
3047   341    -99   26    MEM_B_CKE<2>
3047   372    -99   26    MEM_B_CKE<3>
3047   404    135   26    PP1V2_S3  
3047   435    135   26    PP1V2_S3  
3047   498    135   26    PP1V2_S3  
3047   530    -99   26    UNCONNECTED_189
3047   561    1     26    GND       
3047   593    135   26    PP1V2_S3  
3047   624    135   26    PP1V2_S3  
3072   309    135   26    PP1V2_S3  
3072   341    -99   26    MEM_B_CS_L<0>
3072   372    -99   26    MEM_B_CS_L<1>
3072   404    135   26    PP1V2_S3  
3072   435    1     26    GND       
3072   498    1     26    GND       
3072   530    1     26    GND       
3072   561    -99   26    MEM_B_DQS_P<5>
3072   593    -99   26    MEM_B_DQS_N<5>
3072   624    135   26    PP1V2_S3  
3098   309    135   26    PP1V2_S3  
3098   341    -99   26    MEM_B_CAB<4>
3098   372    1     26    GND       
3098   404    1     26    GND       
3098   435    1     26    GND       
3098   498    -99   26    MEM_B_DQ<45>
3098   530    -99   26    MEM_B_DQ<40>
3098   561    -99   26    MEM_B_DQ<46>
3098   593    -99   26    MEM_B_DQ<47>
3098   624    1     26    GND       
3123   309    -99   26    MEM_B_CAB<2>
3123   341    -99   26    MEM_B_CAB<3>
3123   372    1     26    GND       
3123   404    1     26    GND       
3123   435    1     26    GND       
3123   498    135   26    PP1V2_S3  
3123   530    -99   26    MEM_B_DQ<41>
3123   561    -99   26    MEM_B_DQ<42>
3123   593    -99   26    MEM_B_DQ<43>
3123   624    135   26    PP1V2_S3  
3149   309    -99   26    MEM_B_CAB<1>
3149   341    1     26    GND       
3149   372    135   26    PP1V2_S3  
3149   404    135   26    PP1V2_S3  
3149   435    135   26    PP1V2_S3  
3149   498    1     26    GND       
3149   530    -99   26    MEM_B_DQ<44>
3149   561    -99   26    MEM_B_DQS_P<7>
3149   593    -99   26    MEM_B_DQS_N<7>
3149   624    1     26    GND       
3174   309    -99   26    MEM_B_CAB<0>
3174   341    -99   26    UNCONNECTED_190
3174   372    1     26    GND       
3174   404    1     26    GND       
3174   435    1     26    GND       
3174   498    -99   26    MEM_B_DQ<63>
3174   530    -99   26    MEM_B_DQ<62>
3174   561    -99   26    MEM_B_DQ<58>
3174   593    -99   26    MEM_B_DQ<61>
3174   624    135   26    PP1V2_S3  
3200   278    -99   26    UNCONNECTED_199
3200   309    1     26    GND       
3200   341    1     26    GND       
3200   372    1     26    GND       
3200   404    1     26    GND       
3200   435    1     26    GND       
3200   498    -99   26    MEM_B_DQ<57>
3200   530    -99   26    MEM_B_DQ<56>
3200   561    -99   26    MEM_B_DQ<60>
3200   593    -99   26    MEM_B_DQ<59>
3200   624    1     26    GND       
3200   656    -99   26    UNCONNECTED_200
3226   278    -99   26    UNCONNECTED_201
3226   309    -99   26    UNCONNECTED_202
3226   341    565   26    PP1V8_S3  
3226   372    565   26    PP1V8_S3  
3226   404    565   26    PP1V8_S3  
3226   435    565   26    PP1V8_S3  
3226   498    135   26    PP1V2_S3  
3226   530    135   26    PP1V2_S3  
3226   561    565   26    PP1V8_S3  
3226   593    135   26    PP1V2_S3  
3226   624    -99   26    UNCONNECTED_193
3226   656    -99   26    UNCONNECTED_194
7749   1046   1     27    GND       
7786   1046   1073  27    P1V05TBT_SW
7823   1046   1073  27    P1V05TBT_SW
7861   1046   -99   27    NC_DP_TBTSRC_ML_CP<0>
7898   1046   -99   27    NC_DP_TBTSRC_ML_CP<1>
7935   1046   -99   27    NC_DP_TBTSRC_ML_CP<2>
7973   1046   -99   27    NC_DP_TBTSRC_ML_CP<3>
8010   1046   -99   27    DP_TBTPA_ML_C_P<1>
8047   1046   -99   27    DP_TBTPA_ML_C_P<3>
8085   1046   -99   27    NC_DP_TBTPB_ML_CP<1>
8122   1046   -99   27    NC_DP_TBTPB_ML_CP<3>
8159   1046   1     27    GND       
7749   1420   1099  27    TBT_SPI_MOSI
7786   1420   1100  27    TBT_TMU_CLK_OUT
7823   1420   928   27    XDP_JTAG_ISP_TCK
7861   1420   1     27    GND       
7898   1420   -99   27    PCIE_TBT_R2D_N<0>
7935   1420   -99   27    PCIE_TBT_R2D_P<1>
7973   1420   1     27    GND       
8010   1420   -99   27    PCIE_TBT_R2D_N<2>
8047   1420   -99   27    PCIE_TBT_R2D_P<3>
8085   1420   1     27    GND       
8122   1420   1     27    GND       
8159   1420   1139  27    SYSCLK_CLK25M_TBT_R
7730   1438   229   27    JTAG_TBT_TMS
7767   1438   1084  27    TBT_DFT_STRAP_1
7805   1438   904   27    DP_TBTSNK0_HPD
7842   1438   -99   27    TP_TBT_THERM_DP
7879   1438   -99   27    PCIE_TBT_R2D_P<0>
7917   1438   1     27    GND       
7954   1438   -99   27    PCIE_TBT_R2D_N<1>
7991   1438   -99   27    PCIE_TBT_R2D_P<2>
8029   1438   1     27    GND       
8066   1438   -99   27    PCIE_TBT_R2D_N<3>
8103   1438   -99   27    PCIE_CLK100M_TBT_P
8140   1438   1137  27    TP_TBT_XTAL25OUT
7749   1457   1098  27    DP_TBTSRC_HPD
7786   1457   1     27    GND       
7823   1457   1     27    GND       
7861   1457   1     27    GND       
7898   1457   1     27    GND       
7935   1457   1     27    GND       
7973   1457   1     27    GND       
8010   1457   1     27    GND       
8047   1457   1     27    GND       
8085   1457   1     27    GND       
8122   1457   1     27    GND       
8159   1457   1140  27    TP_TBT_MONDC1
7730   1476   1     27    GND       
7767   1476   231   27    TBT_ROM_SECURITY_XOR
7805   1476   -99   27    PCIE_TBT_D2R_C_P<0>
7842   1476   -99   27    PCIE_TBT_D2R_C_N<0>
7879   1476   -99   27    PCIE_TBT_D2R_C_P<1>
7917   1476   -99   27    PCIE_TBT_D2R_C_N<1>
7954   1476   -99   27    PCIE_TBT_D2R_C_P<2>
7991   1476   -99   27    PCIE_TBT_D2R_C_N<2>
8029   1476   -99   27    PCIE_TBT_D2R_C_P<3>
8066   1476   -99   27    PCIE_TBT_D2R_C_N<3>
8103   1476   -99   27    PCIE_CLK100M_TBT_N
8140   1476   1141  27    TP_TBT_MONDC0
7730   1065   1     27    GND       
7767   1065   1073  27    P1V05TBT_SW
7805   1065   -99   27    UNCONNECTED_89
7842   1065   1     27    GND       
7879   1065   -99   27    NC_DP_TBTSRC_ML_CN<0>
7917   1065   -99   27    NC_DP_TBTSRC_ML_CN<1>
7954   1065   -99   27    NC_DP_TBTSRC_ML_CN<2>
7991   1065   -99   27    NC_DP_TBTSRC_ML_CN<3>
8029   1065   1090  27    DP_TBTPA_ML_C_N<1>
8066   1065   -99   27    DP_TBTPA_ML_C_N<3>
8103   1065   -99   27    NC_DP_TBTPB_ML_CN<1>
8140   1065   -99   27    NC_DP_TBTPB_ML_CN<3>
7749   1084   1     27    GND       
7786   1084   1     27    GND       
7823   1084   1     27    GND       
7861   1084   1     27    GND       
7898   1084   1     27    GND       
7935   1084   1     27    GND       
7973   1084   1     27    GND       
8010   1084   1     27    GND       
8047   1084   1     27    GND       
8085   1084   1     27    GND       
8122   1084   1     27    GND       
8159   1084   1     27    GND       
7730   1102   898   27    PP3V3_S4  
7767   1102   1082  27    TBT_B_CONFIG1_BUF
7805   1102   -99   27    DP_TBTSNK1_ML_N<3>
7842   1102   -99   27    DP_TBTSNK1_ML_N<2>
7879   1102   -99   27    DP_TBTSNK1_ML_N<1>
7917   1102   -99   27    DP_TBTSNK1_ML_N<0>
7954   1102   -99   27    DP_TBTSNK0_ML_N<3>
7991   1102   -99   27    DP_TBTSNK0_ML_N<2>
8029   1102   -99   27    DP_TBTSNK0_ML_N<1>
8066   1102   1094  27    DP_TBTSNK0_ML_N<0>
8103   1102   1     27    GND       
8140   1102   1     27    GND       
7749   1121   898   27    PP3V3_S4  
7786   1121   1     27    GND       
7823   1121   -99   27    DP_TBTSNK1_ML_P<3>
7861   1121   -99   27    DP_TBTSNK1_ML_P<2>
7898   1121   -99   27    DP_TBTSNK1_ML_P<1>
7935   1121   -99   27    DP_TBTSNK1_ML_P<0>
7973   1121   -99   27    DP_TBTSNK0_ML_P<3>
8010   1121   -99   27    DP_TBTSNK0_ML_P<2>
8047   1121   -99   27    DP_TBTSNK0_ML_P<1>
8085   1121   1093  27    DP_TBTSNK0_ML_P<0>
8122   1121   -99   27    TBT_A_D2R_N<0>
8159   1121   -99   27    TBT_A_R2D_C_N<0>
7730   1140   1081  27    TBT_B_HV_EN
7767   1140   1078  27    TBT_B_DP_PWRDN
7805   1140   1     27    GND       
7842   1140   1     27    GND       
7879   1140   1     27    GND       
7917   1140   1     27    GND       
7954   1140   1     27    GND       
7991   1140   1     27    GND       
8029   1140   1     27    GND       
8066   1140   1     27    GND       
8103   1140   1     27    GND       
8140   1140   1     27    GND       
7749   1158   -99   27    DP_TBTSNK0_AUXCH_N
7786   1158   -99   27    DP_TBTSNK0_AUXCH_P
7823   1158   1     27    GND       
7861   1158   1     27    GND       
7898   1158   1122  27    PP1V05_TBTRDV
7935   1158   1122  27    PP1V05_TBTRDV
7973   1158   1122  27    PP1V05_TBTRDV
8010   1158   1122  27    PP1V05_TBTRDV
8047   1158   1122  27    PP1V05_TBTRDV
8085   1158   1     27    GND       
8122   1158   -99   27    TBT_A_D2R_P<0>
8159   1158   -99   27    TBT_A_R2D_C_P<0>
7730   1177   -99   27    DP_TBTSNK1_AUXCH_N
7767   1177   -99   27    DP_TBTSNK1_AUXCH_P
7805   1177   998   27    SMC_PME_S4_DARK_L
7842   1177   1095  27    PP3V3_TBTRDV
7879   1177   1122  27    PP1V05_TBTRDV
7917   1177   228   27    PP3V3_S4_TBT_F
7954   1177   1095  27    PP3V3_TBTRDV
7991   1177   1095  27    PP3V3_TBTRDV
8029   1177   1095  27    PP3V3_TBTRDV
8066   1177   1122  27    PP1V05_TBTRDV
8103   1177   1     27    GND       
8140   1177   1     27    GND       
7749   1196   -99   27    NC_DP_TBTSRC_AUXCH_CN
7786   1196   -99   27    NC_DP_TBTSRC_AUXCH_CP
7823   1196   1163  27    TBT_A_LSRX
7861   1196   1072  27    PP1V05_TBT
7898   1196   1107  27    PP1V05_TBTCIO
7935   1196   1107  27    PP1V05_TBTCIO
7973   1196   1     27    GND       
8010   1196   1     27    GND       
8047   1196   1122  27    PP1V05_TBTRDV
8085   1196   1     27    GND       
8122   1196   -99   27    TBT_A_D2R_N<1>
8159   1196   -99   27    TBT_A_R2D_C_N<1>
7730   1214   -99   27    NC_DP_TBTPB_AUXCH_CN
7767   1214   -99   27    NC_DP_TBTPB_AUXCH_CP
7805   1214   1132  27    TBT_A_CONFIG2_RC
7842   1214   1122  27    PP1V05_TBTRDV
7879   1214   1072  27    PP1V05_TBT
7917   1214   1107  27    PP1V05_TBTCIO
7954   1214   1     27    GND       
7991   1214   1122  27    PP1V05_TBTRDV
8029   1214   1122  27    PP1V05_TBTRDV
8066   1214   1122  27    PP1V05_TBTRDV
8103   1214   1     27    GND       
8140   1214   1     27    GND       
7749   1233   1146  27    DP_TBTPA_AUXCH_C_N
7786   1233   1145  27    DP_TBTPA_AUXCH_C_P
7823   1233   926   27    TBT_PWR_EN
7861   1233   1     27    GND       
7898   1233   1107  27    PP1V05_TBTCIO
7935   1233   1     27    GND       
7973   1233   1072  27    PP1V05_TBT
8010   1233   1122  27    PP1V05_TBTRDV
8047   1233   1095  27    PP3V3_TBTRDV
8085   1233   1     27    GND       
8122   1233   -99   27    TBT_A_D2R_P<1>
8159   1233   -99   27    TBT_A_R2D_C_P<1>
7730   1252   1077  27    TBT_B_CONFIG2_RC
7767   1252   1162  27    DP_TBTPA_HPD
7805   1252   -99   27    NC_TBT_B_LSTX
7842   1252   1056  27    TBT_BATLOW_L
7879   1252   1     27    GND       
7917   1252   1107  27    PP1V05_TBTCIO
7954   1252   1     27    GND       
7991   1252   1072  27    PP1V05_TBT
8029   1252   1072  27    PP1V05_TBT
8066   1252   1122  27    PP1V05_TBTRDV
8103   1252   1     27    GND       
8140   1252   1     27    GND       
7749   1270   1171  27    TBT_A_CIO_SEL
7786   1270   228   27    PP3V3_S4_TBT_F
7823   1270   1079  27    DP_TBTPB_HPD
7861   1270   1164  27    TBT_A_LSTX
7898   1270   1107  27    PP1V05_TBTCIO
7935   1270   1     27    GND       
7973   1270   1107  27    PP1V05_TBTCIO
8010   1270   1     27    GND       
8047   1270   1095  27    PP3V3_TBTRDV
8085   1270   1     27    GND       
8122   1270   -99   27    NC_TBT_B_D2RN<0>
8159   1270   -99   27    NC_TBT_B_R2D_CN<0>
7730   1289   1172  27    TBT_A_CONFIG1_BUF
7767   1289   1150  27    TBT_A_DP_PWRDN
7805   1289   528   27    PCH_TBT_PCIE_RESET_L
7842   1289   1076  27    TBT_B_LSRX
7879   1289   1     27    GND       
7917   1289   1107  27    PP1V05_TBTCIO
7954   1289   1     27    GND       
7991   1289   1107  27    PP1V05_TBTCIO
8029   1289   1072  27    PP1V05_TBT
8066   1289   1122  27    PP1V05_TBTRDV
8103   1289   1     27    GND       
8140   1289   1     27    GND       
7749   1308   -99   27    TBT_B_CIO_SEL
7786   1308   232   27    TBT_PWR_ON_POC_RST_L
7823   1308   1096  27    TBT_TEST_EN
7861   1308   986   27    TBT_A_HV_EN
7898   1308   1107  27    PP1V05_TBTCIO
7935   1308   1     27    GND       
7973   1308   1107  27    PP1V05_TBTCIO
8010   1308   1     27    GND       
8047   1308   1095  27    PP3V3_TBTRDV
8085   1308   1     27    GND       
8122   1308   -99   27    NC_TBT_B_D2RP<0>
8159   1308   -99   27    NC_TBT_B_R2D_CP<0>
7730   1326   230   27    TBTDP_AUXIO_EN
7767   1326   1108  27    TBT_DDC_XBAR_EN_L
7805   1326   1080  27    TBT_SPI_CS_L
7842   1326   1097  27    TBT_GPIO7 
7879   1326   1     27    GND       
7917   1326   1107  27    PP1V05_TBTCIO
7954   1326   1     27    GND       
7991   1326   1107  27    PP1V05_TBTCIO
8029   1326   1     27    GND       
8066   1326   1122  27    PP1V05_TBTRDV
8103   1326   1     27    GND       
8140   1326   1     27    GND       
7749   1345   244   27    TBT_GPIO2 
7786   1345   894   27    DP_TBTSNK1_HPD
7823   1345   1060  27    JTAG_TBT_TDO
7861   1345   1069  27    TBT_SPI_CLK
7898   1345   1107  27    PP1V05_TBTCIO
7935   1345   1     27    GND       
7973   1345   1107  27    PP1V05_TBTCIO
8010   1345   1     27    GND       
8047   1345   1122  27    PP1V05_TBTRDV
8085   1345   1123  27    TBT_RSENSE
8122   1345   -99   27    NC_TBT_B_D2RN<1>
8159   1345   -99   27    NC_TBT_B_R2D_CN<1>
7730   1364   1083  27    TBT_DFT_STRAP_3
7767   1364   951   27    TBT_CLKREQ_L
7805   1364   228   27    PP3V3_S4_TBT_F
7842   1364   1126  27    TBT_EN_CIO_PWR_L
7879   1364   1     27    GND       
7917   1364   1107  27    PP1V05_TBTCIO
7954   1364   1     27    GND       
7991   1364   1122  27    PP1V05_TBTRDV
8029   1364   1122  27    PP1V05_TBTRDV
8066   1364   1072  27    PP1V05_TBT
8103   1364   1     27    GND       
8140   1364   1     27    GND       
7749   1382   927   27    XDP_JTAG_ISP_TDI
7786   1382   228   27    PP3V3_S4_TBT_F
7823   1382   1061  27    TP_TBT_PCIE_RESET0_L
7861   1382   1110  27    TBT_TEST_PWR_GOOD
7898   1382   1095  27    PP3V3_TBTRDV
7935   1382   1122  27    PP1V05_TBTRDV
7973   1382   1122  27    PP1V05_TBTRDV
8010   1382   1125  27    TBT_MONOBSN
8047   1382   1124  27    TBT_MONOBSP
8085   1382   1138  27    TBT_RBIAS 
8122   1382   -99   27    NC_TBT_B_D2RP<1>
8159   1382   -99   27    NC_TBT_B_R2D_CP<1>
7730   1401   775   27    HDMITBTMUX_SEL_TBT
7767   1401   1071  27    TBT_SPI_MISO
7805   1401   1109  27    PP3V3_TBTLC
7842   1401   245   27    TBT_CIO_PLUG_EVENT_L
7879   1401   1     27    GND       
7917   1401   1     27    GND       
7954   1401   1     27    GND       
7991   1401   1     27    GND       
8029   1401   1     27    GND       
8066   1401   1     27    GND       
8103   1401   1     27    GND       
8140   1401   1     27    GND       
7539   1145   1080  28    TBT_SPI_CS_L
7519   1145   1071  28    TBT_SPI_MISO
7500   1145   1070  28    TBTROM_WP_L
7480   1145   1     28    GND       
7480   1040   1099  28    TBT_SPI_MOSI
7500   1040   1069  28    TBT_SPI_CLK
7519   1040   1068  28    TBTROM_HOLD_L
7539   1040   1109  28    PP3V3_TBTLC
7510   1092   1     28    GND       
7676   1549   1107  29    PP1V05_TBTCIO
7676   1569   1072  29    PP1V05_TBT
7696   1549   1107  29    PP1V05_TBTCIO
7696   1569   1072  29    PP1V05_TBT
7716   1549   1107  29    PP1V05_TBTCIO
7716   1569   1072  29    PP1V05_TBT
7735   1549   1     29    GND       
7735   1569   1111  29    TBT_EN_CIO_PWR
7416   1120   -99   30    TBTPOCRST_MR_L
7396   1120   1     30    GND       
7376   1120   -99   30    TBTPOCRST_SENSE
7376   1097   232   30    TBT_PWR_ON_POC_RST_L
7396   1097   -99   30    TBTPOCRST_CT
7416   1097   898   30    PP3V3_S4  
7007   1047   198   31    GND_TBTBST_SGND
7007   1066   198   31    GND_TBTBST_SGND
7007   1086   199   31    TBTBST_SNS2
7007   1106   198   31    GND_TBTBST_SGND
7007   1106   198   31    GND_TBTBST_SGND
7007   1145   200   31    TBTBST_SNS1
7007   1145   200   31    TBTBST_SNS1
7007   1184   222   31    TBTBST_BOOST
7007   1204   222   31    TBTBST_BOOST
7007   1224   -99   31    UNCONNECTED_130
7007   1224   -99   31    UNCONNECTED_130
7053   1249   1     31    GND       
7072   1249   1     31    GND       
7092   1249   1     31    GND       
7112   1249   1     31    GND       
7131   1249   1     31    GND       
7151   1249   1     31    GND       
7151   1249   1     31    GND       
7151   1249   1     31    GND       
7196   1204   222   31    TBTBST_BOOST
7196   1184   222   31    TBTBST_BOOST
7196   1184   222   31    TBTBST_BOOST
7196   1145   198   31    GND_TBTBST_SGND
7196   1125   198   31    GND_TBTBST_SGND
7196   1106   1032  31    TBTBST_EN_UVLO
7196   1106   1032  31    TBTBST_EN_UVLO
7196   1066   1058  31    PPVIN_S4SW_TBTBST_FET
7196   1047   1034  31    TBTBST_INTVCC
7196   1047   1034  31    TBTBST_INTVCC
7151   1021   217   31    TBTBST_VC 
7131   1021   216   31    TBTBST_FBX
7112   1021   209   31    TBTBST_SS 
7092   1021   210   31    TBTBST_RT 
7072   1021   198   31    GND_TBTBST_SGND
7053   1021   198   31    GND_TBTBST_SGND
7033   1021   198   31    GND_TBTBST_SGND
7102   1093   198   31    GND_TBTBST_SGND
7102   1184   222   31    TBTBST_BOOST
7499   1965   1     32    GND       
7499   1945   1     32    GND       
7499   1925   1     32    GND       
7499   1906   1     32    GND       
7499   1886   204   32    S4_PWR_EN 
7535   1851   1112  32    PP15V_TBT 
7555   1851   1112  32    PP15V_TBT 
7574   1851   1113  32    TBTAPWRSW_ISET_V3P3
7594   1851   1116  32    TBTAPWRSW_ISET_S3
7614   1851   1117  32    TBTAPWRSW_ISET_S0
7649   1886   986   32    TBT_A_HV_EN
7649   1906   1187  32    PP3V3RHV_S4_TBTAPWR
7649   1925   1     32    GND       
7649   1945   1187  32    PP3V3RHV_S4_TBTAPWR
7649   1965   1     32    GND       
7614   2000   1     32    GND       
7594   2000   705   32    PM_SLP_S3_BUF_L
7574   2000   1118  32    PP3V3_S4_TBTAPWR
7555   2000   987   32    PP3V3_S5  
7535   2000   987   32    PP3V3_S5  
7574   1925   1     32    GND       
8294   1675   1148  33    DP_TBTPA_AUXCH_N
8294   1659   1149  33    DP_TBTPA_AUXCH_P
8294   1639   1118  33    PP3V3_S4_TBTAPWR
8294   1620   988   33    DP_TBTSNK0_DDC_DATA
8294   1604   989   33    DP_TBTSNK0_DDC_CLK
8300   1587   1150  33    TBT_A_DP_PWRDN
8317   1581   -99   33    TBT_A_D2R_C_N<1>
8332   1581   -99   33    TBT_A_D2R_C_P<1>
8352   1581   1     33    GND       
8372   1581   -99   33    DP_TBTPA_ML_N<1>
8387   1581   -99   33    DP_TBTPA_ML_P<1>
8404   1587   1162  33    DP_TBTPA_HPD
8410   1604   1163  33    TBT_A_LSRX
8410   1620   1164  33    TBT_A_LSTX
8410   1639   1171  33    TBT_A_CIO_SEL
8410   1659   1172  33    TBT_A_CONFIG1_BUF
8410   1675   1186  33    TBT_A_HPD 
8404   1691   1182  33    TBT_A_CONFIG1_RC
8387   1697   1165  33    DP_A_LSX_ML_P<1>
8372   1697   1166  33    DP_A_LSX_ML_N<1>
8352   1697   1     33    GND       
8332   1697   305   33    TBT_A_D2R1_AUXDDC_P
8317   1697   304   33    TBT_A_D2R1_AUXDDC_N
8300   1691   230   33    TBTDP_AUXIO_EN
8352   1639   1     33    GND       
6793   1996   1046  34    BT_WAKE   
6777   1996   -99   34    UNCONNECTED_90
6753   1992   1     34    GND       
6753   1977   356   34    PM_SLP_S4_L
6753   1961   898   34    PP3V3_S4  
6777   1957   -99   34    USB_BT_P  
6793   1957   -99   34    USB_BT_N  
6816   1961   1     34    GND       
6816   1977   1044  34    USB_BT_CONN_N
6816   1992   1045  34    USB_BT_CONN_P
6971   1829   987   35    PP3V3_S5  
6971   1849   1042  35    P3V3WLAN_VMON
6971   1868   1037  35    AP_RESET_L
6971   1888   1043  35    AP_RESET_CONN_R_L
6896   1888   1     35    GND       
6896   1868   964   35    SMC_WIFI_PWR_EN
6896   1849   1052  35    AP_CLKREQ_Q_L
6896   1829   1041  35    AP_CLKREQ_R_L
6934   1859   1     35    GND       
7015   1101   1035  36    PP3V3_WLAN_R
7015   1081   987   36    PP3V3_S5  
6996   1101   1035  36    PP3V3_WLAN_R
6996   1081   987   36    PP3V3_S5  
6976   1101   1     36    GND       
6976   1081   964   36    SMC_WIFI_PWR_EN
7531   1737   1063  37    AP_S0IX_WAKE_L
7505   1737   1     37    GND       
7480   1737   510   37    PCIE_WAKE_L
7480   1820   1064  37    AP_PCIE_WAKE_L
7505   1820   987   37    PP3V3_S5  
7531   1820   1062  37    AP_S0IX_WAKE_SEL
6436   2090   1008  38    SMC_OOB1_R2D_L
6435   2076   1008  38    SMC_OOB1_R2D_L
6435   2062   1     38    GND       
6458   2062   1047  38    SMC_OOB1_R2D_CONN_L
6458   2076   -99   38    UNCONNECTED_140
6458   2090   685   38    PP3V3_S0SW_SSD
4466   226    732   39    SSD_PWR_EN
4480   225    717   39    SMC_OOB1_D2R_CONN_L
4493   225    1     39    GND       
4493   248    190   39    SMC_OOB1_D2R_L
4480   248    -99   39    UNCONNECTED_141
4466   248    580   39    PP3V3_S0  
4803   513    866   40    PP3V42_G3H
4803   494    757   40    P3V3SSD_VMON
4803   474    1025  40    SSD_RESET_L
4803   454    756   40    SSD_RESET_CONN_L
4878   454    1     40    GND       
4878   474    732   40    SSD_PWR_EN
4878   494    774   40    SSD_CLKREQ_CONN_L
4878   513    758   40    SSD_CLKREQ_L
4841   484    1     40    GND       
3962   542    1     41    GND       
3962   523    -99   41    MEM_CAM_DQS_P<1>
3962   503    -99   41    MEM_CAM_DQS_N<1>
3962   483    604   41    PP1V35_CAM
3962   464    -99   41    MEM_CAM_DQ<12>
3962   444    1     41    GND       
3962   424    632   41    PCIE_CAMERA_R2D_N
3962   405    624   41    PCIE_CAMERA_D2R_C_P
3962   365    630   41    PCIE_CLK100M_CAMERA_C_N
3962   326    623   41    CLK25M_CAM_CLKN
3962   306    622   41    CLK25M_CAM_CLKP
3962   286    1     41    GND       
3962   267    679   41    TP_CAM_LV_JTAG_TCK
3942   542    -99   41    MEM_CAM_DQ<10>
3942   523    -99   41    MEM_CAM_DQ<14>
3942   503    -99   41    MEM_CAM_DQ<15>
3942   483    -99   41    MEM_CAM_DQ<11>
3942   464    -99   41    MEM_CAM_DQ<8>
3942   444    1     41    GND       
3942   424    633   41    PCIE_CAMERA_R2D_P
3942   405    625   41    PCIE_CAMERA_D2R_C_N
3942   385    -99   41    UNCONNECTED_16
3942   365    631   41    PCIE_CLK100M_CAMERA_C_P
3942   346    703   41    TP_CAM_TEST_MODE0
3942   326    1     41    GND       
3942   306    882   41    PP1V2_CAM_XTALPCIEVDD
3942   286    678   41    TP_CAM_TEST_MODE2
3942   267    83    41    PP1V8_CAM 
3923   542    -99   41    MEM_CAM_DM<0>
3923   523    -99   41    MEM_CAM_DQ<0>
3923   503    -99   41    MEM_CAM_DQ<9>
3923   483    -99   41    MEM_CAM_DM<1>
3923   464    -99   41    MEM_CAM_DQ<13>
3923   424    1     41    GND       
3923   405    635   41    PP1V2_CAM_PCIE_VDD_FLT
3923   385    -99   41    UNCONNECTED_15
3923   365    1     41    GND       
3923   346    620   41    CAM_JTAG_SRST_L
3923   326    621   41    CAM_XTAL_SEL
3923   306    617   41    CAM_XTAL_FREQ
3923   286    677   41    TP_CAM_TEST_MODE1
3923   267    619   41    I2C_CAM_SMBDBG_DAT
3903   542    1     41    GND       
3903   523    -99   41    MEM_CAM_DQS_N<0>
3903   503    -99   41    MEM_CAM_DQ<3>
3903   483    604   41    PP1V35_CAM
3903   464    1     41    GND       
3903   444    83    41    PP1V8_CAM 
3903   424    134   41    PP3V3_S3RS0_CAMERA
3903   385    634   41    PP1V2_CAM_PCIE_PVDD_FLT
3903   346    684   41    TP_CAM_JTAG_TRST_L
3903   326    683   41    TP_CAM_JTAG_TMS
3903   306    626   41    CAM_UARTCTS
3903   286    120   41    TP_CAM_UARTRTS
3903   267    618   41    I2C_CAM_SMBDBG_CLK
3883   523    -99   41    MEM_CAM_DQS_P<0>
3883   503    -99   41    MEM_CAM_DQ<1>
3883   483    -99   41    MEM_CAM_DQ<2>
3883   464    1     41    GND       
3883   385    1     41    GND       
3883   365    702   41    TP_CAM_LV_JTAG_TDO
3883   346    701   41    TP_CAM_LV_JTAG_TDI
3883   326    682   41    TP_CAM_JTAG_TDI
3883   306    676   41    CAM_UARTRXD
3883   286    119   41    TP_CAM_UARTTXD
3883   267    616   41    CAM_DEBUG_RESET_L
3863   542    -99   41    MEM_CAM_DQ<5>
3863   523    -99   41    MEM_CAM_DQ<7>
3863   503    -99   41    MEM_CAM_DQ<4>
3863   483    -99   41    MEM_CAM_DQ<6>
3863   444    513   41    PP1V2_CAM 
3863   424    513   41    PP1V2_CAM 
3863   405    513   41    PP1V2_CAM 
3863   385    513   41    PP1V2_CAM 
3863   365    613   41    TP_CAM_LV_JTAG_TRSTN
3863   346    614   41    TP_CAM_LV_JTAG_TMS
3863   326    681   41    TP_CAM_JTAG_TDO
3863   306    680   41    TP_CAM_JTAG_TCK
3863   286    604   41    PP1V35_CAM
3863   267    882   41    PP1V2_CAM_XTALPCIEVDD
3844   542    1     41    GND       
3844   523    -99   41    MEM_CAM_CLK_N
3844   503    123   41    MEM_CAM_ZQ_S2
3844   483    604   41    PP1V35_CAM
3844   464    122   41    PP1V35_DDR_CLK
3844   444    1     41    GND       
3844   424    1     41    GND       
3844   405    1     41    GND       
3844   385    1     41    GND       
3844   365    -99   41    UNCONNECTED_2
3844   346    -99   41    UNCONNECTED_1
3844   326    615   41    CAM_PWR_SEL
3844   286    1     41    GND       
3844   267    83    41    PP1V8_CAM 
3824   523    -99   41    MEM_CAM_CLK_P
3824   503    -99   41    MEM_CAM_RAS_L
3824   483    -99   41    MEM_CAM_CAS_L
3824   464    1     41    GND       
3824   444    1     41    GND       
3824   424    1     41    GND       
3824   405    1     41    GND       
3824   385    1     41    GND       
3824   365    -99   41    UNCONNECTED_4
3824   346    -99   41    UNCONNECTED_3
3824   326    121   41    CAMERA_PWR_EN
3824   286    134   41    PP3V3_S3RS0_CAMERA
3824   267    134   41    PP3V3_S3RS0_CAMERA
3804   542    83    41    PP1V8_CAM 
3804   523    -99   41    MEM_CAM_WE_L
3804   503    -99   41    MEM_CAM_CKE
3804   483    -99   41    MEM_CAM_A<10>
3804   464    1     41    GND       
3804   444    1     41    GND       
3804   424    1     41    GND       
3804   405    1     41    GND       
3804   385    1     41    GND       
3804   365    -99   41    UNCONNECTED_5
3804   346    134   41    PP3V3_S3RS0_CAMERA
3804   326    606   41    CAM_TEST_OUT
3804   306    134   41    PP3V3_S3RS0_CAMERA
3804   286    134   41    PP3V3_S3RS0_CAMERA
3804   267    134   41    PP3V3_S3RS0_CAMERA
3785   542    1     41    GND       
3785   523    -99   41    MEM_CAM_BA<2>
3785   503    -99   41    MEM_CAM_BA<0>
3785   483    604   41    PP1V35_CAM
3785   464    1     41    GND       
3785   444    1     41    GND       
3785   424    1     41    GND       
3785   405    1     41    GND       
3785   385    1     41    GND       
3785   365    -99   41    UNCONNECTED_7
3785   346    -99   41    UNCONNECTED_6
3785   326    604   41    PP1V35_CAM
3785   306    511   41    P1V35_CAM_SRVLXD_PHASE
3785   286    511   41    P1V35_CAM_SRVLXD_PHASE
3785   267    605   41    GND_CAM_PVSSD
3765   542    -99   41    MEM_CAM_A<12>
3765   523    -99   41    MEM_CAM_BA<1>
3765   503    -99   41    MEM_CAM_A<0>
3765   483    -99   41    MEM_CAM_CS_L
3765   464    513   41    PP1V2_CAM 
3765   444    513   41    PP1V2_CAM 
3765   424    83    41    PP1V8_CAM 
3765   405    513   41    PP1V2_CAM 
3765   385    513   41    PP1V2_CAM 
3765   365    -99   41    UNCONNECTED_9
3765   346    -99   41    UNCONNECTED_8
3765   326    605   41    GND_CAM_PVSSD
3765   306    605   41    GND_CAM_PVSSD
3765   286    605   41    GND_CAM_PVSSD
3765   267    605   41    GND_CAM_PVSSD
3745   542    -99   41    MEM_CAM_A<4>
3745   523    -99   41    MEM_CAM_A<5>
3745   503    -99   41    MEM_CAM_A<3>
3745   483    -99   41    MEM_CAM_A<1>
3745   385    1     41    GND       
3745   365    515   41    CAM_TEST_MODE
3745   346    513   41    PP1V2_CAM 
3745   326    1     41    GND       
3745   306    506   41    P1V2_CAM_SRVLXC_PHASE
3745   286    134   41    PP3V3_S3RS0_CAMERA
3745   267    134   41    PP3V3_S3RS0_CAMERA
3726   542    1     41    GND       
3726   523    -99   41    MEM_CAM_A<7>
3726   503    -99   41    MEM_CAM_A<2>
3726   483    604   41    PP1V35_CAM
3726   464    84    41    PP0V675_CAM_VREF
3726   444    1     41    GND       
3726   424    1     41    GND       
3726   405    1     41    GND       
3726   385    -99   41    UNCONNECTED_12
3726   365    -99   41    UNCONNECTED_11
3726   346    -99   41    UNCONNECTED_10
3726   326    518   41    CAM_PCIE_WAKE_L
3726   306    512   41    GND_CAM_PVSSC
3726   286    506   41    P1V2_CAM_SRVLXC_PHASE
3726   267    134   41    PP3V3_S3RS0_CAMERA
3706   542    -99   41    MEM_CAM_A<13>
3706   523    -99   41    MEM_CAM_A<9>
3706   503    -99   41    MEM_CAM_A<8>
3706   483    -99   41    MEM_CAM_A<6>
3706   464    1     41    GND       
3706   444    -99   41    UNCONNECTED_14
3706   424    318   41    MIPI_CLK_P
3706   405    319   41    MIPI_DATA_P
3706   385    82    41    TP_CAM_PLL_BYPASS
3706   365    508   41    CAM_GPIO3 
3706   346    507   41    CAM_RAMCFG2
3706   326    509   41    CAM_RAMCFG1
3706   306    570   41    CAMERA_CLKREQ_L
3706   286    512   41    GND_CAM_PVSSC
3706   267    512   41    GND_CAM_PVSSC
3686   542    1     41    GND       
3686   523    -99   41    MEM_CAM_A<11>
3686   503    85    41    MEM_CAM_RESET_L
3686   483    -99   41    MEM_CAM_A<14>
3686   464    1     41    GND       
3686   444    -99   41    UNCONNECTED_13
3686   424    314   41    MIPI_CLK_N
3686   405    344   41    MIPI_DATA_N
3686   385    516   41    I2C_CAM_SDA
3686   365    340   41    I2C_CAM_SCK
3686   346    83    41    PP1V8_CAM 
3686   326    607   41    CAM_RAMCFG0
3686   306    514   41    CAM_SENSOR_WAKE_L
3686   286    81    41    CAM_PCIE_RESET_L
3686   267    512   41    GND_CAM_PVSSC
4092   1061   604   42    PP1V35_CAM
4092   1029   -99   42    MEM_CAM_DQ<13>
4092   998    -99   42    MEM_CAM_DQ<15>
4092   872    -99   42    MEM_CAM_DQ<12>
4092   840    604   42    PP1V35_CAM
4092   809    1     42    GND       
4060   1061   1     42    GND       
4060   1029   604   42    PP1V35_CAM
4060   998    1     42    GND       
4060   872    -99   42    MEM_CAM_DQS_N<1>
4060   840    -99   42    MEM_CAM_DQ<14>
4060   809    1     42    GND       
4029   1061   604   42    PP1V35_CAM
4029   1029   -99   42    MEM_CAM_DQ<11>
4029   998    -99   42    MEM_CAM_DQ<9>
4029   872    -99   42    MEM_CAM_DQS_P<1>
4029   840    -99   42    MEM_CAM_DQ<10>
4029   809    604   42    PP1V35_CAM
3997   1061   1     42    GND       
3997   1029   604   42    PP1V35_CAM
3997   998    -99   42    MEM_CAM_DM<1>
3997   872    -99   42    MEM_CAM_DQ<8>
3997   840    1     42    GND       
3997   809    604   42    PP1V35_CAM
3966   1061   1     42    GND       
3966   1029   1     42    GND       
3966   998    -99   42    MEM_CAM_DQ<0>
3966   872    -99   42    MEM_CAM_DM<0>
3966   840    1     42    GND       
3966   809    604   42    PP1V35_CAM
3934   1061   604   42    PP1V35_CAM
3934   1029   -99   42    MEM_CAM_DQ<2>
3934   998    -99   42    MEM_CAM_DQS_P<0>
3934   872    -99   42    MEM_CAM_DQ<1>
3934   840    -99   42    MEM_CAM_DQ<3>
3934   809    1     42    GND       
3903   1061   1     42    GND       
3903   1029   -99   42    MEM_CAM_DQ<6>
3903   998    -99   42    MEM_CAM_DQS_N<0>
3903   872    604   42    PP1V35_CAM
3903   840    1     42    GND       
3903   809    1     42    GND       
3871   1061   127   42    PP0V675_MEM_CAM_VREFDQ
3871   1029   604   42    PP1V35_CAM
3871   998    -99   42    MEM_CAM_DQ<4>
3871   872    -99   42    MEM_CAM_DQ<7>
3871   840    -99   42    MEM_CAM_DQ<5>
3871   809    604   42    PP1V35_CAM
3840   1061   -99   42    UNCONNECTED_96
3840   1029   1     42    GND       
3840   998    -99   42    MEM_CAM_RAS_L
3840   872    -99   42    MEM_CAM_CLK_P
3840   840    1     42    GND       
3840   809    -99   42    UNCONNECTED_97
3808   1061   637   42    MEM_CAM_ODT
3808   1029   604   42    PP1V35_CAM
3808   998    -99   42    MEM_CAM_CAS_L
3808   872    -99   42    MEM_CAM_CLK_N
3808   840    604   42    PP1V35_CAM
3808   809    -99   42    MEM_CAM_CKE
3777   1061   -99   42    UNCONNECTED_98
3777   1029   -99   42    MEM_CAM_CS_L
3777   998    -99   42    MEM_CAM_WE_L
3777   872    -99   42    MEM_CAM_A<10>
3777   840    124   42    MEM_CAM_ZQ_DDR
3777   809    -99   42    UNCONNECTED_99
3745   1061   1     42    GND       
3745   1029   -99   42    MEM_CAM_BA<0>
3745   998    -99   42    MEM_CAM_BA<2>
3745   872    -99   42    UNCONNECTED_100
3745   840    125   42    PP0V675_MEM_CAM_VREFCA
3745   809    1     42    GND       
3714   1061   604   42    PP1V35_CAM
3714   1029   -99   42    MEM_CAM_A<3>
3714   998    -99   42    MEM_CAM_A<0>
3714   872    -99   42    MEM_CAM_A<12>
3714   840    -99   42    MEM_CAM_BA<1>
3714   809    604   42    PP1V35_CAM
3682   1061   1     42    GND       
3682   1029   -99   42    MEM_CAM_A<5>
3682   998    -99   42    MEM_CAM_A<2>
3682   872    -99   42    MEM_CAM_A<1>
3682   840    -99   42    MEM_CAM_A<4>
3682   809    1     42    GND       
3651   1061   604   42    PP1V35_CAM
3651   1029   -99   42    MEM_CAM_A<7>
3651   998    -99   42    MEM_CAM_A<9>
3651   872    -99   42    MEM_CAM_A<11>
3651   840    -99   42    MEM_CAM_A<6>
3651   809    604   42    PP1V35_CAM
3619   1061   1     42    GND       
3619   1029   85    42    MEM_CAM_RESET_L
3619   998    -99   42    MEM_CAM_A<13>
3619   872    -99   42    MEM_CAM_A<14>
3619   840    -99   42    MEM_CAM_A<8>
3619   809    1     42    GND       
8462   556    1144  43    SDCONN_STATE_CHANGE_SAK_L
8462   570    1144  43    SDCONN_STATE_CHANGE_SAK_L
8462   584    1     43    GND       
8440   584    207   43    XDP_SDCONN_STATE_CHANGE_L
8440   570    -99   43    UNCONNECTED_129
8440   556    1103  43    PP3V3_S3  
8552   596    898   44    PP3V3_S4  
8552   576    1     44    GND       
8552   556    1     44    GND       
8552   537    -99   44    UNCONNECTED_250
8626   537    1     44    GND       
8626   556    1142  44    SD_CD_L   
8626   576    1143  44    SDCONN_DETECT_L
8626   596    1144  44    SDCONN_STATE_CHANGE_SAK_L
8589   566    1     44    GND       
8286   650    -99   45    USB3_SD_D2R_C_N
8286   666    -99   45    USB3_SD_D2R_C_P
8286   681    240   45    PP1V2_S0_SD_AVDD12
8286   697    -99   45    USB3_SD_R2D_N
8286   713    254   45    USB3_SD_R2D_P
8286   729    1     45    GND       
8286   744    1102  45    SDSCLK_CLK25M_X1
8286   760    1104  45    SDCLK_CLK25M_X2_R
8286   776    255   45    PP3V3_S0_SD_AVDD33
8304   794    256   45    SD_RTERM  
8319   794    -99   45    UNCONNECTED_204
8335   794    -99   45    UNCONNECTED_205
8351   794    -99   45    UNCONNECTED_206
8367   794    -99   45    UNCONNECTED_207
8382   794    -99   45    UNCONNECTED_208
8398   794    -99   45    UNCONNECTED_209
8414   794    -99   45    UNCONNECTED_210
8430   794    -99   45    UNCONNECTED_211
8445   794    -99   45    UNCONNECTED_212
8461   794    1143  45    SDCONN_DETECT_L
8477   794    238   45    PP1V2_S3_SD_DVDD12
8493   794    241   45    PP3V3_S0SW_SD
8508   794    265   45    SDCONN_WP 
8526   776    257   45    SDCONN_DATA<1>
8526   760    259   45    SDCONN_DATA<0>
8526   744    261   45    SDCONN_CLK
8526   729    262   45    SDCONN_CMD
8526   713    263   45    SDCONN_DATA<3>
8526   697    264   45    SDCONN_DATA<2>
8526   681    260   45    PP1V2_S0_SD_VUHS1
8526   666    241   45    PP3V3_S0SW_SD
8526   650    -99   45    UNCONNECTED_213
8508   632    -99   45    UNCONNECTED_203
8493   632    233   45    SD_SPI_CS_L
8477   632    253   45    SD_SPI_CLK
8461   632    252   45    SD_SPI_MOSI
8445   632    234   45    SD_SPI_MISO
8430   632    241   45    PP3V3_S0SW_SD
8414   632    251   45    PP3V3_S0_SD_CONN
8398   632    241   45    PP3V3_S0SW_SD
8382   632    -99   45    SD_RESET_R_L
8367   632    238   45    PP1V2_S3_SD_DVDD12
8351   632    255   45    PP3V3_S0_SD_AVDD33
8335   632    249   45    USB_SD_DP 
8319   632    239   45    USB_SD_DM 
8304   632    240   45    PP1V2_S0_SD_AVDD12
8406   713    1     45    GND       
8142   768    987   46    PP3V3_S5  
8126   768    1087  46    SD_PWR_EN 
8103   765    987   46    PP3V3_S5  
8103   765    987   46    PP3V3_S5  
8103   747    241   46    PP3V3_S0SW_SD
8103   747    241   46    PP3V3_S0SW_SD
8126   744    243   46    P3V3_SD_FET_RAMP
8142   744    1     46    GND       
8066   500    233   47    SD_SPI_CS_L
8066   520    234   47    SD_SPI_MISO
8066   539    235   47    SD_SPI_WP_L
8066   559    1     47    GND       
8171   559    252   47    SD_SPI_MOSI
8171   539    253   47    SD_SPI_CLK
8171   520    237   47    SD_SPI_HOLD_L
8171   500    241   47    PP3V3_S0SW_SD
8119   529    1     47    GND       
8594   1142   1     48    GND       
8568   1142   654   48    PP5V_S4RS3
8543   1142   654   48    PP5V_S4RS3
8517   1142   1133  48    USB_PWR_EN
8517   1252   275   48    USB_ILIM  
8543   1252   277   48    PP5V_S3_RTUSB_A_ILIM
8568   1252   277   48    PP5V_S3_RTUSB_A_ILIM
8594   1252   902   48    XDP_USB_EXTA_OC_L
8556   1197   1     48    GND       
8813   1528   -99   49    USB2_EXTA_MUXED_P
8815   1544   -99   49    USB2_EXTA_MUXED_N
8815   1562   1     49    GND       
8799   1562   1185  49    SMC_DEBUGPRT_TX_L
8784   1562   1184  49    SMC_DEBUGPRT_RX_L
8784   1544   -99   49    USB_EXTA_N
8784   1528   -99   49    USB_EXTA_P
8784   1511   1     49    GND       
8799   1511   866   49    PP3V42_G3H
8815   1511   1179  49    SMC_DEBUGPRT_EN_L
5972   267    356   50    PM_SLP_S4_L
5992   266    831   50    TPAD_USB_IF_EN
6012   266    919   50    TPAD_SPI_IF_EN_CONN
6032   266    1     50    GND       
6032   293    356   50    PM_SLP_S4_L
6012   293    159   50    TPAD_SPI_IF_EN
5992   293    897   50    TPAD_USB_IF_EN_CONN
5972   293    898   50    PP3V3_S4  
6036   1882   1     51    GND       
6061   1882   -99   51    UNCONNECTED_248
6087   1882   975   51    SMC_BMON_DISCRETE_ISENSE
6113   1882   978   51    SMC_OTHER_HI_ISENSE
6138   1882   1012  51    SMC_1V2S3_ISENSE
6164   1882   1019  51    SMC_P3V3S5_ISENSE
6189   1882   1009  51    SMC_CPUVR_ADJUST_ISENSE
6215   1882   1036  51    PP3V3_WLAN
6241   1882   185   51    SMC_CPU_DBGPWR_RD_L
6266   1882   1007  51    SMC_TMS   
6292   1882   1006  51    SMC_TDO   
6317   1882   -99   51    NC_SMC_FAN_1_TACH
6343   1882   468   51    LPC_AD<1> 
6036   1857   968   51    SMC_P3V3S0_ISENSE
6061   1857   967   51    SMC_CAMERA_ISENSE
6087   1857   977   51    SMC_DCIN_VSENSE
6113   1857   976   51    SMC_CPU_ISENSE
6138   1857   1029  51    SMC_PANEL_ISENSE
6164   1857   1010  51    SMC_LCDBKLT_ISENSE
6189   1857   1011  51    SMC_CPU_VSENSE
6215   1857   191   51    SMC_CPU_IMON_ISENSE
6241   1857   1008  51    SMC_OOB1_R2D_L
6266   1857   1005  51    SMC_TDI   
6292   1857   1017  51    WIFI_EVENT_L
6317   1857   132   51    SMC_WAKE_SCI_L
6343   1857   484   51    LPC_AD<0> 
6036   1831   969   51    SMC_WLAN_ISENSE
6061   1831   948   51    SMC_SSD_ISENSE
6087   1831   914   51    GND_SMC_AVSS
6113   1831   918   51    CPU_PECI_R
6138   1831   181   51    CPU_CATERR_L
6164   1831   182   51    SMC_PECI_L
6189   1831   1     51    GND       
6215   1831   -99   51    NC_BDV_BKL_PWM
6241   1831   190   51    SMC_OOB1_D2R_L
6266   1831   1004  51    SMC_TCK   
6292   1831   -99   51    NC_SMC_FAN_1_CTL
6317   1831   467   51    LPC_AD<2> 
6343   1831   201   51    SMC_LRESET_L
6036   1805   914   51    GND_SMC_AVSS
6061   1805   915   51    PP3V3_S5_AVREF_SMC
6087   1805   947   51    PP3V3_S5_SMC_VDDA
6113   1805   908   51    SMC_PCH_SUSWARN_L
6138   1805   202   51    CPU_THRMTRIP_3V3
6164   1805   999   51    PP1V2_S5_SMC_VDDC
6189   1805   866   51    PP3V42_G3H
6215   1805   -99   51    UNCONNECTED_247
6241   1805   1     51    GND       
6266   1805   995   51    SMC_SENSOR_PWR_EN
6292   1805   483   51    LPC_AD<3> 
6317   1805   469   51    LPC_FRAME_L
6343   1805   1161  51    SMBUS_SMC_0_S0_SDA
6036   1780   913   51    SMC_PBUS_VSENSE
6061   1780   944   51    SMC_HS_COMPUTING_ISENSE
6087   1780   914   51    GND_SMC_AVSS
6113   1780   1018  51    SMS_INT_L 
6138   1780   1     51    GND       
6164   1780   866   51    PP3V42_G3H
6215   1780   866   51    PP3V42_G3H
6241   1780   866   51    PP3V42_G3H
6266   1780   292   51    SMBUS_SMC_0_S0_SCL
6292   1780   1185  51    SMC_DEBUGPRT_TX_L
6317   1780   964   51    SMC_WIFI_PWR_EN
6343   1780   719   51    SMC_PWRFAIL_WARN_L
6036   1754   912   51    SMC_DCIN_ISENSE
6061   1754   911   51    SMC_BMON_ISENSE
6087   1754   -99   51    NC_SMC_GFX_THROTTLE_L
6113   1754   -99   51    NC_SMC_SYS_LED
6138   1754   971   51    SMC_BC_ACOK
6241   1754   1     51    GND       
6266   1754   866   51    PP3V42_G3H
6292   1754   1184  51    SMC_DEBUGPRT_RX_L
6317   1754   653   51    SMC_RUNTIME_SCI_L
6343   1754   916   51    LPC_PWRDWN_L
6036   1729   910   51    SMC_P1V05S0_VSENSE
6061   1729   241   51    PP3V3_S0SW_SD
6087   1729   946   51    SMC_TOPBLK_SWP_L
6113   1729   595   51    SMC_ADAPTER_EN
6266   1729   804   51    SMC_RESET_L
6292   1729   659   51    PM_CLKRUN_L
6317   1729   1016  51    SMC_EXTAL 
6343   1729   1002  51    SMC_XTAL  
6036   1703   909   51    SMC_CPUDDR_ISENSE
6061   1703   942   51    SMC_P1V05S0_ISENSE
6087   1703   941   51    MEM_EVENT_L
6113   1703   655   51    PM_SYSRST_L
6138   1703   1     51    GND       
6241   1703   1     51    GND       
6266   1703   639   51    PM_BATLOW_L
6292   1703   708   51    SMC_FAN_0_CTL
6317   1703   1001  51    LPC_CLK24M_SMC
6343   1703   658   51    LPC_SERIRQ
6036   1677   999   51    PP1V2_S5_SMC_VDDC
6061   1677   937   51    SMC_PCH_SUSACK_L
6087   1677   940   51    PM_PWRBTN_L
6113   1677   -99   51    NC_SMC_FAN_5_CTL
6138   1677   1     51    GND       
6164   1677   999   51    PP1V2_S5_SMC_VDDC
6189   1677   866   51    PP3V42_G3H
6215   1677   1     51    GND       
6241   1677   866   51    PP3V42_G3H
6266   1677   866   51    PP3V42_G3H
6292   1677   1     51    GND       
6317   1677   998   51    SMC_PME_S4_DARK_L
6343   1677   1000  51    SMC_S4_WAKESRC_EN
6036   1652   936   51    SMC_VCCIO_CPU_DIV2
6061   1652   337   51    CPU_PROCHOT_L
6087   1652   747   51    ALL_SYS_PWRGD
6113   1652   184   51    SMC_THRMTRIP
6138   1652   356   51    PM_SLP_S4_L
6164   1652   974   51    SMC_LID   
6189   1652   1179  51    SMC_DEBUGPRT_EN_L
6215   1652   993   51    SMBUS_SMC_3_SDA
6241   1652   596   51    PM_PCH_SYS_PWROK
6266   1652   848   51    SPI_SMC_CS_L
6292   1652   1     51    GND       
6317   1652   866   51    PP3V42_G3H
6343   1652   999   51    PP1V2_S5_SMC_VDDC
6036   1626   689   51    SPI_DESCRIPTOR_OVERRIDE_L
6061   1626   939   51    SMC_S5_PWRGD_VIN
6087   1626   966   51    SMC_RX_L  
6113   1626   1059  51    SMC_DELAYED_PWRGD
6138   1626   980   51    SMC_SENSOR_ALERT_L
6164   1626   973   51    SMC_ONOFF_L
6189   1626   -99   51    NC_SMC_GFX_OVERTEMP
6215   1626   889   51    SMBUS_SMC_3_SCL
6241   1626   188   51    S5_PWRGD  
6266   1626   752   51    SPI_SMC_CLK
6292   1626   187   51    SMC_SYS_KBDLED
6317   1626   -99   51    NC_SMC_DP_HPD_L
6343   1626   154   51    SMC_FAN_0_TACH
6036   1601   938   51    SMC_TX_L  
6061   1601   778   51    SMC_PM_G2_EN
6087   1601   925   51    PM_DSW_PWRGD
6113   1601   322   51    SMBUS_SMC_1_S0_SCL
6138   1601   887   51    SMC_PME_S4_WAKE_L
6164   1601   1028  51    PM_SLP_S5_L
6189   1601   -99   51    NC_SMBUS_SMC_4_ASF_SDA
6215   1601   369   51    SMBUS_SMC_2_S3_SDA
6241   1601   170   51    SPI_SMC_MISO
6266   1601   981   51    SMC_CLK32K
6292   1601   982   51    SYS_ONEWIRE
6317   1601   -99   51    NC_SMC_HIB_L
6343   1601   997   51    SMC_BIL_BUTTON_L
6036   1575   935   51    SMC_PROCHOT
6061   1575   906   51    SMBUS_SMC_1_S0_SDA
6087   1575   965   51    SMBUS_SMC_5_G3_SDA
6113   1575   972   51    SMBUS_SMC_5_G3_SCL
6138   1575   220   51    PM_SLP_S0_L
6164   1575   219   51    PM_SLP_S3_L
6189   1575   -99   51    NC_SMBUS_SMC_4_ASF_SCL
6215   1575   370   51    SMBUS_SMC_2_S3_SCL
6241   1575   189   51    SPI_SMC_MOSI
6266   1575   -99   51    NC_SMC_XOSC1
6292   1575   1015  51    TP_SMC_5VSW_PWR_EN
6317   1575   -99   51    NC_SMC_T25_EN_L
6343   1575   983   51    SMC_WAKE_L
6488   2277   866   52    PP3V42_G3H
6488   2257   914   52    GND_SMC_AVSS
6488   2237   203   52    PP3V42_G3H_SMC_SPVSR
6488   2218   194   52    SMC_MANUAL_RST_L
6382   2218   804   52    SMC_RESET_L
6382   2237   818   52    SMC_LSOC_RST_L
6382   2257   973   52    SMC_ONOFF_L
6382   2277   915   52    PP3V3_S5_AVREF_SMC
6435   2247   914   52    GND_SMC_AVSS
4504   1372   1     53    GND       
4504   1346   1     53    GND       
4504   1320   730   53    PP3V3_S4SW_SNS
4587   1320   760   53    ISNS_CAMERA_P
4587   1346   761   53    ISNS_CAMERA_N
4587   1372   739   53    ISNS_CAMERA_IOUT
5532   1095   1     54    GND       
5532   1120   1     54    GND       
5532   1146   730   54    PP3V3_S4SW_SNS
5615   1146   162   54    ISNS_HS_OTHER_P
5615   1120   158   54    ISNS_HS_OTHER_N
5615   1095   161   54    HS_OTHER_IOUT
6441   1159   1     55    GND       
6441   1133   1     55    GND       
6441   1108   730   55    PP3V3_S4SW_SNS
6524   1108   961   55    ISNS_P3V3_S0_P
6524   1133   992   55    ISNS_P3V3_S0_N
6524   1159   962   55    ISNS_P3V3_S0_IOUT
5424   1446   1     56    GND       
5449   1446   1     56    GND       
5475   1446   580   56    PP3V3_S0  
5475   1363   827   56    ISNS_HS_COMPUTING_P
5449   1363   828   56    ISNS_HS_COMPUTING_N
5424   1363   163   56    ISNS_HS_COMPUTING_IOUT
3998   1281   1     57    GND       
3998   1255   1     57    GND       
3998   1230   730   57    PP3V3_S4SW_SNS
4081   1230   137   57    ISNS_1V2_S3_P
4081   1255   136   57    ISNS_1V2_S3_N
4081   1281   688   57    ISNS_1V2_IOUT
6793   1182   1     58    GND       
6793   1157   1     58    GND       
6793   1131   730   58    PP3V3_S4SW_SNS
6876   1131   1023  58    ISNS_AIRPORT_P
6876   1157   1024  58    ISNS_AIRPORT_N
6876   1182   1022  58    ISNS_P5VWLAN_IOUT
4305   1191   1     59    GND       
4305   1217   1     59    GND       
4305   1242   730   59    PP3V3_S4SW_SNS
4222   1242   687   59    ISNS_SSD_P
4222   1217   686   59    ISNS_SSD_N
4222   1191   832   59    ISNS_P5VSSD_IOUT
7727   1909   1     60    GND       
7727   1883   1     60    GND       
7727   1858   730   60    PP3V3_S4SW_SNS
7810   1858   1127  60    ISNS_LCDBKLT_P
7810   1883   1128  60    ISNS_LCDBKLT_N
7810   1909   1129  60    ISNS_LCDBKLT_IOUT
362    1792   393   61    CPUVR_ISUM_R_P
387    1792   1     61    GND       
413    1792   394   61    CPUVR_ISUM_R_N
413    1865   395   61    CPUVR_ISUM_IOUT
362    1865   580   61    PP3V3_S0  
3417   1791   1     62    GND       
3442   1791   1     62    GND       
3468   1791   730   62    PP3V3_S4SW_SNS
3468   1708   129   62    ISNS_1V05_S0_P
3442   1708   114   62    ISNS_1V05_S0_N
3417   1708   115   62    P1V05S0_IOUT
3298   1057   1     63    GND       
3298   1083   1     63    GND       
3298   1109   730   63    PP3V3_S4SW_SNS
3381   1109   92    63    ISNS_CPUDDR_P
3381   1083   109   63    ISNS_CPUDDR_N
3381   1057   91    63    ISNS_CPUDDR_IOUT
4619   838    1     64    GND       
4644   838    1     64    GND       
4670   838    730   64    PP3V3_S4SW_SNS
4670   921    737   64    ISNS_P3V3S5_P
4644   921    736   64    ISNS_P3V3S5_N
4619   921    727   64    ISNS_P3V3S5_IOUT
6410   597    1     65    GND       
6410   571    1     65    GND       
6410   545    580   65    PP3V3_S0  
6493   545    816   65    CHGR_CSO_R_N
6493   571    817   65    CHGR_CSO_R_P
6493   597    959   65    BMON_IOUT 
6694   592    956   66    BMON_COMP_OUT
6694   566    1     66    GND       
6694   540    955   66    BMON_COMP_FB
6767   540    984   66    BMON_COMP_VREF
6767   592    580   66    PP3V3_S0  
6729   646    956   67    BMON_COMP_OUT
6747   646    1     67    GND       
6738   673    960   67    SMC_BMON_COMP_ALERT_L
6171   1129   931   68    HS_COMP_OUT
6145   1129   1     68    GND       
6120   1129   930   68    HS_COMP_FB
6120   1056   929   68    HS_COMP_VREF
6171   1056   580   68    PP3V3_S0  
6203   1231   931   69    HS_COMP_OUT
6203   1213   1     69    GND       
6231   1222   963   69    SMC_HS_COMP_ALERT_L
295    1775   388   70    PP3V3_SNS_CPUVR_ADJUST_ISNS
295    1794   402   70    CPUVR_ISNS1_P_R
295    1814   403   70    CPUVR_ISNS1_N_R
295    1834   193   70    SMC_CPUVR_ADJUST_ISENSE_R
295    1853   1     70    GND       
192    1853   389   70    CPUVRSNS_ADDR_SEL
192    1834   388   70    PP3V3_SNS_CPUVR_ADJUST_ISNS
192    1814   185   70    SMC_CPU_DBGPWR_RD_L
192    1794   906   70    SMBUS_SMC_1_S0_SDA
192    1775   322   70    SMBUS_SMC_1_S0_SCL
243    1814   1     70    GND       
5477   613    823   71    ISNS_HS_GAIN_P_R
5477   588    1     71    GND       
5477   562    823   71    ISNS_HS_GAIN_P_R
5560   562    828   71    ISNS_HS_COMPUTING_N
5560   588    827   71    ISNS_HS_COMPUTING_P
5560   613    820   71    ISNS_HS_GAIN_OUT
8344   1211   1     72    GND       
8370   1211   1     72    GND       
8395   1211   730   72    PP3V3_S4SW_SNS
8395   1294   1135  72    ISNS_PANEL_P
8370   1294   1136  72    ISNS_PANEL_N
8344   1294   1030  72    ISNS_PANEL_IOUT
2001   1447   461   73    PP3V3_S0_CPUTHMSNS_R
2027   1447   171   73    INLET_THMSNS_D1_P
2053   1447   172   73    INLET_THMSNS_D1_N
2078   1447   519   73    CPUTHMSNS_D2_P
2113   1482   477   73    CPUTHMSNS_D2_N
2113   1507   466   73    CPUTHMSNS_ADDR_SEL
2113   1533   -99   73    UNCONNECTED_137
2113   1558   1     73    GND       
2078   1593   970   73    CPUBMONSNS_ALERT_L
2053   1593   934   73    CPUTHMSNS_ALERT_L
2027   1593   906   73    SMBUS_SMC_1_S0_SDA
2001   1593   322   73    SMBUS_SMC_1_S0_SCL
1967   1558   463   73    CPUTHMSNS_DUR_SEL
1967   1533   462   73    CPUTHMSNS_TH_SEL
1967   1507   826   73    ISNS_HS_GAIN_N
1967   1482   825   73    ISNS_HS_GAIN_P
2040   1520   1     73    GND       
6732   1250   1021  74    PP3V3_S0_TBTMLB_ISNS_R
6732   1270   675   74    TBDTHMSNS_D2_P
6732   1290   690   74    TBDTHMSNS_D2_N
6732   1309   1089  74    TBT_MLBBOT_THMSNS_P
6732   1329   1088  74    TBT_MLBBOT_THMSNS_N
6571   1329   1     74    GND       
6571   1309   996   74    TBT_INLET_THM_L
6571   1290   994   74    TBTMLBSNS_ALERT_L
6571   1270   993   74    SMBUS_SMC_3_SDA
6571   1250   889   74    SMBUS_SMC_3_SCL
539    581    405   75    PP5V_S0   
540    567    580   75    PP3V3_S0  
540    553    1     75    GND       
518    553    2     75    PP3V3_S0_FAN
518    567    -99   75    UNCONNECTED_142
518    581    580   75    PP3V3_S0  
4503   1988   143   76    SPI_MLBROM_CS_L
4503   2038   850   76    SPI_MLB_IO1_MISO
4503   2088   769   76    SPI_MLB_IO2_WP_L
4503   2138   1     76    GND       
4291   2138   753   76    SPI_MLB_IO0_MOSI
4291   2088   751   76    SPI_MLB_CLK
4291   2038   144   76    SPI_MLB_IO3_HOLD_L
4291   1988   870   76    PP3V3_SUS 
4397   2063   1     76    GND       
4609   1975   1     77    GND       
4610   1994   870   77    PP3V3_SUS 
4610   2014   849   77    SPI_MLB_CS_L
4610   2034   1     77    GND       
4584   2034   612   77    SPIROM_USE_MLB
4584   2014   1     77    GND       
4584   1994   143   77    SPI_MLBROM_CS_L
4584   1975   870   77    PP3V3_SUS 
7493   774    227   78    PP5V_S3_U6210
7478   774    1     78    GND       
7462   774    225   78    MAX98300_R_P
7493   759    1067  78    SPKRAMP_ROUT_P
7478   759    1     78    GND       
7462   759    224   78    MAX98300_R_N
7493   743    1066  78    SPKRAMP_ROUT_N
7478   743    1065  78    SPKRAMP_SHDN_L
7462   743    226   78    R_AMP_GAIN
5488   2104   174   79    P3V42G3H_FB
5508   2104   866   79    PP3V42_G3H
5528   2104   175   79    P3V42G3H_BOOST
5547   2104   183   79    P3V42G3H_SW
5547   2033   1     79    GND       
5528   2033   180   79    PPVIN_G3H_P3V42G3H
5508   2033   -99   79    UNCONNECTED_244
5488   2033   169   79    P3V42G3H_SHDN_L
5518   2068   1     79    GND       
5197   313    793   80    CHGR_AGATE
5197   297    809   80    CHGR_DCIN 
5197   282    792   80    CHGR_ACIN 
5197   266    523   80    CHGR_VFRQ 
5197   250    791   80    CHGR_ICOMP
5197   235    790   80    CHGR_CELL 
5197   219    788   80    CHGR_VCOMP
5224   192    789   80    CHGR_VNEG 
5240   192    797   80    CHGR_AMON 
5256   192    965   80    SMBUS_SMC_5_G3_SDA
5271   192    972   80    SMBUS_SMC_5_G3_SCL
5287   192    866   80    PP3V42_G3H
5303   192    810   80    CHGR_RST_L
5318   192    971   80    SMC_BC_ACOK
5345   219    943   80    CHGR_BMON 
5345   235    811   80    CHGR_BGATE
5345   250    812   80    CHGR_CSO_N
5345   266    813   80    CHGR_CSO_P
5345   282    814   80    PP5V1_CHGR_VDD
5345   297    822   80    PP5V1_CHGR_VDDP
5345   313    815   80    CHGR_LGATE
5318   340    1     80    GND       
5303   340    160   80    CHGR_PHASE
5287   340    805   80    CHGR_UGATE
5271   340    807   80    CHGR_BOOT 
5256   340    806   80    CHGR_SGATE
5240   340    799   80    CHGR_CSI_N
5224   340    798   80    CHGR_CSI_P
5271   266    1     80    GND       
5211   739    800   81    P5V1_FB   
5211   759    801   81    PP5V5_CHGR_VDDP
5211   779    802   81    P5V1_BOOST
5211   799    803   81    P5V1_SW   
5140   799    1     81    GND       
5140   779    795   81    CHGR_DCIN_D
5140   759    795   81    CHGR_DCIN_D
5140   739    795   81    CHGR_DCIN_D
5176   769    1     81    GND       
293    1512   339   82    CPU_VR_EN 
293    1496   338   82    CPU_VR_READY
293    1480   192   82    CPUVR_IMON
293    1465   337   82    CPU_PROCHOT_L
293    1449   336   82    CPUVR_NTC 
293    1433   335   82    CPUVR_COMP
293    1417   333   82    CPUVR_FB  
293    1402   363   82    CPUVR_FB2 
309    1386   -99   82    UNCONNECTED_91
324    1386   364   82    PP5V_S0_CPUVR_VDD
340    1386   325   82    CPUVR_ISEN2
356    1386   365   82    CPUVR_ISEN1
372    1386   331   82    CPU_RTN   
387    1386   366   82    CPUVR_ISUMN_R
403    1386   379   82    CPUVR_ISUMP
419    1386   364   82    PP5V_S0_CPUVR_VDD
434    1402   380   82    PPVIN_S0_CPUVR_VIN
434    1417   381   82    CPUVR_FCCM
434    1433   -99   82    UNCONNECTED_92
434    1449   382   82    CPUVR_PWM1
434    1465   -99   82    UNCONNECTED_93
434    1480   324   82    CPUVR_PWM2
434    1496   -99   82    UNCONNECTED_95
434    1512   -99   82    UNCONNECTED_94
419    1528   391   82    CPUVR_DRSEL
403    1528   392   82    CPUVR_PROG3
387    1528   383   82    CPUVR_PROG2
372    1528   387   82    CPUVR_PROG1
356    1528   386   82    CPUVR_SLOPE
340    1528   384   82    CPU_VIDSOUT
324    1528   444   82    CPU_VIDALERT_L
309    1528   385   82    CPU_VIDSCLK
364    1457   1     82    GND       
724    1522   401   83    CPUVR_UGATE1
744    1522   400   83    CPUVR_BOOT1
763    1522   382   83    CPUVR_PWM1
783    1522   1     83    GND       
783    1589   406   83    CPUVR_LGATE1
763    1589   405   83    PP5V_S0   
744    1589   381   83    CPUVR_FCCM
724    1589   7     83    CPUVR_PHASE1
753    1555   1     83    GND       
492    914    357   84    CPUVR_UGATE2
472    914    358   84    CPUVR_BOOT2
452    914    324   84    CPUVR_PWM2
433    914    1     84    GND       
433    847    323   84    CPUVR_LGATE2
452    847    405   84    PP5V_S0   
472    847    381   84    CPUVR_FCCM
492    847    5     84    CPUVR_PHASE2
462    880    1     84    GND       
4432   1624   742   85    DDRREG_VTTSNS
4447   1624   135   85    PP1V2_S3  
4463   1624   741   85    PP0V6_S0_DDRVTT
4479   1624   1     85    GND       
4495   1624   740   85    PPVTT_S3_DDR_BUF
4518   1648   762   85    DDRREG_1V8_VREF
4518   1664   763   85    GND_DDRREG_SGND
4518   1679   783   85    DDRREG_FB 
4518   1695   764   85    DDRREG_VDDQSNS
4518   1711   1     85    GND       
4495   1735   784   85    DDRREG_DRVL
4479   1735   892   85    PP5V_S5   
4463   1735   765   85    DDRREG_LL 
4447   1735   767   85    DDRREG_DRVH
4432   1735   766   85    DDRREG_VBST
4408   1711   748   85    DDRREG_EN 
4408   1695   126   85    MEMVTT_PWR_EN
4408   1679   745   85    DDRREG_TRIP
4408   1664   744   85    DDRREG_MODE
4408   1648   743   85    DDRREG_PGOOD
4463   1679   763   85    GND_DDRREG_SGND
5125   1497   855   86    P5V_S4RS3_DRVH
5125   1517   654   86    PP5V_S4RS3
5125   1537   856   86    P3V3_S5_RF
5125   1556   857   86    P5VS4RS3_EN_R
5125   1576   643   86    P5VS4RS3_PGOOD
5125   1596   858   86    P5VP3V3_SKIPSEL
5125   1615   859   86    P5V_S4RS3_CSP1
5125   1635   860   86    P5V_S4RS3_CSN1
5100   1661   861   86    P5V_S4RS3_VFB1
5080   1661   863   86    P5V_S4RS3_COMP1
5060   1661   862   86    P5V_S4RS3_FUNC
5041   1661   778   86    SMC_PM_G2_EN
5021   1661   845   86    P5VP3V3_VREF2
5001   1661   892   86    PP5V_S5   
4982   1661   844   86    P3V3_S5_COMP2
4962   1661   843   86    P3V3_S5_VFB2
4936   1635   841   86    P3V3_S5_CSN2
4936   1615   781   86    P3V3_S5_CSP2
4936   1596   858   86    P5VP3V3_SKIPSEL
4936   1576   188   86    S5_PWRGD  
4936   1556   840   86    P3V3S5_EN_R
4936   1537   864   86    P5VP3V3_VREG3
4936   1517   839   86    PPBUS_S5_HS_OTHER_ISNS
4936   1497   838   86    P3V3_S5_DRVH
4962   1472   837   86    P3V3_S5_LL
4982   1472   836   86    P3V3_S5_VBST
5001   1472   853   86    P3V3_S5_DRVL
5021   1472   1     86    GND       
5041   1472   892   86    PP5V_S5   
5060   1472   835   86    P5V_S4RS3_DRVL
5080   1472   834   86    P5V_S4RS3_VBST
5100   1472   854   86    P5V_S4RS3_LL
5031   1566   779   86    GND_P5VP3V3_SGND
3847   1886   698   87    P1V05S0_VTT
3831   1886   427   87    PP1V05_S0 
3815   1886   698   87    P1V05S0_VTT
3800   1886   1     87    GND       
3784   1886   671   87    P1V05S0_VTTREF
3760   1862   670   87    P1V05_S0_VREF
3760   1847   707   87    P1V05S0_AGND
3760   1831   669   87    P1V05S0_FB
3760   1815   668   87    P1V05S0_VDDQSNS
3760   1799   1     87    GND       
3784   1776   667   87    P1V05S0_DRVL
3800   1776   654   87    PP5V_S4RS3
3815   1776   130   87    P1V05S0_LL
3831   1776   692   87    P1V05S0_DRVH
3847   1776   693   87    P1V05S0_VBST
3871   1799   706   87    P1V05S0_EN
3871   1815   694   87    P1V05S3_EN
3871   1831   695   87    P1V05S0_TRIP
3871   1847   696   87    P1V05S0_MODE
3871   1862   697   87    P1V05S0_PGOOD
3815   1831   707   87    P1V05S0_AGND
7916   2124   1     88    GND       
7916   2104   1     88    GND       
7916   2084   1159  88    BKL_EN    
7916   2065   1156  88    BKL_PWM   
7916   2045   291   88    PPVOUT_SW_LCDBKLT_FB
7897   2124   289   88    LCDBKLT_BOOST
7897   2104   289   88    LCDBKLT_BOOST
7897   2084   1158  88    BKL_ISET  
7897   2065   1130  88    BKL_FSET  
7897   2045   1120  88    GND_BKL_SGND
7877   2124   405   88    PP5V_S0   
7877   2104   1160  88    BKL_FLTR  
7877   2084   288   88    BKL_FAULT 
7877   2065   580   88    PP3V3_S0  
7877   2045   280   88    BKL_ISEN3 
7857   2124   405   88    PP5V_S0   
7857   2104   1121  88    BKL_VSYNC_R
7857   2084   287   88    BKL_SCL   
7857   2065   1119  88    BKL_SDA   
7857   2045   279   88    BKL_ISEN2 
7837   2124   282   88    BKL_ISEN6 
7837   2104   281   88    BKL_ISEN5 
7837   2084   290   88    BKL_ISEN4 
7837   2065   1     88    GND       
7837   2045   1169  88    BKL_ISEN1 
6143   337    922   89    KBDLED_ANODE
6143   317    405   89    PP5V_S0   
6143   298    187   89    SMC_SYS_KBDLED
6143   278    1     89    GND       
6216   278    -99   89    UNCONNECTED_135
6216   298    920   89    KBDLED_FB 
6216   317    921   89    KBDLED_SW 
6216   337    1     89    GND       
6180   307    1     89    GND       
773    910    987   90    PP3V3_S5  
753    910    355   90    P1V8S3_EN 
734    910    376   90    P1V8S3_PGOOD
714    910    987   90    PP3V3_S5  
714    799    1     90    GND       
734    799    374   90    P1V8S3_FB 
753    799    1     90    GND       
773    799    375   90    P1V8S3_SW 
743    855    1     90    GND       
617    2000   437   91    PP1V05_SUS
617    1975   -99   91    UNCONNECTED_136
617    1949   870   91    PP3V3_SUS 
693    1949   870   91    PP3V3_SUS 
693    1975   1     91    GND       
693    2000   870   91    PP3V3_SUS 
655    1975   1     91    GND       
3210   1611   585   92    PP1V5_S0  
3184   1611   -99   92    UNCONNECTED_246
3158   1611   705   92    PM_SLP_S3_BUF_L
3158   1534   987   92    PP3V3_S5  
3184   1534   1     92    GND       
3210   1534   565   92    PP1V8_S3  
3184   1573   1     92    GND       
6051   572    899   93    PP3V3_S4_FET_R
6051   592    987   93    PP3V3_S5  
6070   572    899   93    PP3V3_S4_FET_R
6070   592    987   93    PP3V3_S5  
6090   572    1     93    GND       
6090   592    204   93    S4_PWR_EN 
2751   2168   405   94    PP5V_S0   
2736   2168   427   94    PP1V05_S0 
2712   2164   427   94    PP1V05_S0 
2712   2164   427   94    PP1V05_S0 
2712   2128   545   94    PP1V05_S0SW_PCH_HSIO
2712   2128   545   94    PP1V05_S0SW_PCH_HSIO
2736   2124   545   94    PP1V05_S0SW_PCH_HSIO
2751   2124   1     94    GND       
2759   2146   869   94    PCH_HSIO_PWR_EN
5933   692    901   95    PP3V3_S3_FET_R
5952   692    987   95    PP3V3_S5  
5933   673    901   95    PP3V3_S3_FET_R
5952   673    987   95    PP3V3_S5  
5933   653    1     95    GND       
5952   653    900   95    P3V3S3_EN 
2661   1442   494   96    PP3V3_SUS_FET_R
2661   1422   987   96    PP3V3_S5  
2641   1442   494   96    PP3V3_SUS_FET_R
2641   1422   987   96    PP3V3_S5  
2622   1442   1     96    GND       
2622   1422   478   96    P3V3SUS_EN
6691   1035   991   97    PP3V3_S0_FET_R
6691   1015   987   97    PP3V3_S5  
6672   1035   991   97    PP3V3_S0_FET_R
6672   1015   987   97    PP3V3_S5  
6652   1035   1     97    GND       
6652   1015   759   97    P3V3S0_EN 
883    460    398   98    PP1V5_S0SW_AUDIO
903    460    585   98    PP1V5_S0  
883    440    398   98    PP1V5_S0SW_AUDIO
903    440    585   98    PP1V5_S0  
883    421    1     98    GND       
903    421    371   98    P1V5S0SW_AUDIO_EN
6311   569    923   99    PP3V3_S4SW_SNS_FET_R
6311   589    987   99    PP3V3_S5  
6331   569    923   99    PP3V3_S4SW_SNS_FET_R
6331   589    987   99    PP3V3_S5  
6351   569    1     99    GND       
6351   589    995   99    SMC_SENSOR_PWR_EN
4543   1011   987   100   PP3V3_S5  
4543   1031   732   100   SSD_PWR_EN
4532   1060   987   100   PP3V3_S5  
4532   1060   987   100   PP3V3_S5  
4502   1060   729   100   PP3V3_S0SW_SSD_FET_R
4502   1060   729   100   PP3V3_S0SW_SSD_FET_R
4491   1031   728   100   P3V3S0SW_SSD_FET_RAMP
4491   1011   1     100   GND       
555    564    654   101   PP5V_S4RS3
570    564    4     101   P5VS0_EN  
594    567    654   101   PP5V_S4RS3
594    567    654   101   PP5V_S4RS3
594    585    354   101   PP5V_S0_FET_R
594    585    354   101   PP5V_S0_FET_R
570    588    3     101   P5VS0_FET_RAMP
555    588    1     101   GND       
3323   2113   987   102   PP3V3_S5  
3323   2087   870   102   PP3V3_SUS 
3323   2062   118   102   SUS_PGOOD_CT
3254   2062   117   102   TP_SUS_PGOOD_MR_L
3254   2087   1     102   GND       
3254   2113   584   102   PM_RSMRST_L
3288   2087   1     102   GND       
3330   2025   -99   103   UNCONNECTED_245
3330   2045   580   103   PP3V3_S0  
3330   2065   665   103   P5V_DIV_VMON
3330   2084   1     103   GND       
3220   2084   603   103   P1V5_DIV_VMON
3220   2065   602   103   P1V05_DIV_VMON
3220   2045   580   103   PP3V3_S0  
3220   2025   647   103   ALL_SYS_PWRGD_R
3275   2055   1     103   GND       
6590   1472   1000  104   SMC_S4_WAKESRC_EN
6576   1473   1028  104   PM_SLP_S5_L
6563   1473   1     104   GND       
6563   1451   204   104   S4_PWR_EN 
6576   1451   -99   104   UNCONNECTED_218
6590   1451   987   104   PP3V3_S5  
2936   1016   525   105   PM_SLP_S3_R_L
2911   1016   525   105   PM_SLP_S3_R_L
2885   1016   1     105   GND       
2885   943    705   105   PM_SLP_S3_BUF_L
2936   943    987   105   PP3V3_S5  
8405   1188   578   106   EDP_PANEL_PWR
8379   1188   987   106   PP3V3_S5  
8354   1188   987   106   PP3V3_S5  
8354   1262   276   106   PP3V3_S0SW_LCD_R
8379   1262   276   106   PP3V3_S0SW_LCD_R
8405   1262   1     106   GND       
8379   1225   1     106   GND       
1126   2045   404   107   XDP_CPUPCH_TRST_L
1126   2025   416   107   XDP_JTAG_CPU_ISOL_L
1126   2005   443   107   XDP_PCH_TDO
1188   2005   429   107   XDP_CPU_TDO
1188   2025   416   107   XDP_JTAG_CPU_ISOL_L
1188   2045   430   107   XDP_TRST_L
949    1885   408   108   XDP_CPU_TMS
949    1865   416   108   XDP_JTAG_CPU_ISOL_L
949    1846   421   108   XDP_PCH_TDI
1010   1846   407   108   XDP_CPU_TDI
1010   1865   416   108   XDP_JTAG_CPU_ISOL_L
1010   1885   415   108   XDP_PCH_TMS
3095   1794   1     109   GND       
3075   1794   689   109   SPI_DESCRIPTOR_OVERRIDE_L
3056   1794   372   109   PP1V5_S0SW_AUDIO_HDA
3056   1732   573   109   SPI_DESCRIPTOR_OVERRIDE
3075   1732   574   109   SPI_DESCRIPTOR_OVERRIDE_LS5V
3095   1732   574   109   SPI_DESCRIPTOR_OVERRIDE_LS5V
7101   340    1     110   GND       
7081   340    204   110   S4_PWR_EN 
7061   340    206   110   DBGLED_S3_D
7061   401    1     110   GND       
7081   401    356   110   PM_SLP_S4_L
7101   401    205   110   DBGLED_S4_D
7352   554    1     111   GND       
7332   554    219   111   PM_SLP_S3_L
7312   554    208   111   DBGLED_S0_D
7312   616    1     111   GND       
7332   616    220   111   PM_SLP_S0_L
7352   616    223   111   DBGLED_S0I3_D
3661   1280   442   112   CPU_DIMMA_VREFDQ
3661   1299   591   112   VREFMRGN_CPU_EN
3661   1319   651   112   CPU_MEM_VREFCA_A_ISOL
3600   1319   640   112   CPU_DIMM_VREFCA
3600   1299   591   112   VREFMRGN_CPU_EN
3600   1280   650   112   CPU_MEM_VREFDQ_A_ISOL
3748   1331   673   113   VREFMRGN_DQ_A_RDIV
3729   1331   666   113   VREFMRGN_DQ_A_EN_RC
3709   1331   651   113   CPU_MEM_VREFCA_A_ISOL
3709   1270   638   113   VREFMRGN_CA_A_RDIV
3729   1270   649   113   VREFMRGN_CA_A_EN_RC
3748   1270   650   113   CPU_MEM_VREFDQ_A_ISOL
3234   1010   582   114   CPU_DIMMB_VREFDQ
3234   990    591   114   VREFMRGN_CPU_EN
3234   971    88    114   CPU_MEM_VREFCA_B_ISOL
3295   971    640   114   CPU_DIMM_VREFCA
3295   990    591   114   VREFMRGN_CPU_EN
3295   1010   90    114   CPU_MEM_VREFDQ_B_ISOL
3370   1010   522   115   VREFMRGN_DQ_B_RDIV
3370   990    592   115   VREFMRGN_DQ_B_EN_RC
3370   971    88    115   CPU_MEM_VREFCA_B_ISOL
3432   971    610   115   VREFMRGN_CA_B_RDIV
3432   990    608   115   VREFMRGN_CA_B_EN_RC
3432   1010   90    115   CPU_MEM_VREFDQ_B_ISOL
7847   1619   1     116   GND       
7847   1639   1126  116   TBT_EN_CIO_PWR_L
7847   1659   1126  116   TBT_EN_CIO_PWR_L
7786   1659   893   116   TBT_PWR_REQ_L
7786   1639   580   116   PP3V3_S0  
7786   1619   1111  116   TBT_EN_CIO_PWR
6966   825    197   117   TBTBST_PWREN_DIV_L
6998   825    1058  117   PPVIN_S4SW_TBTBST_FET
6998   857    1058  117   PPVIN_S4SW_TBTBST_FET
6966   857    952   117   PPBUS_G3H 
7238   939    1     118   GND       
7257   939    1055  118   TBTBST_SHDN_DIV
7277   939    1055  118   TBTBST_SHDN_DIV
7277   1000   1     118   GND       
7257   1000   1059  118   SMC_DELAYED_PWRGD
7238   1000   1032  118   TBTBST_EN_UVLO
8325   550    1     119   GND       
8325   570    1144  119   SDCONN_STATE_CHANGE_SAK_L
8325   590    998   119   SMC_PME_S4_DARK_L
8264   590    1     119   GND       
8264   570    1101  119   SMC_PME_SDCONN
8264   550    1101  119   SMC_PME_SDCONN
6450   2174   1020  120   PM_THRMTRIP_R_L
6467   2174   1     120   GND       
6459   2202   202   120   CPU_THRMTRIP_3V3
5955   1408   1     121   GND       
5935   1408   935   121   SMC_PROCHOT
5915   1408   456   121   PM_THRMTRIP_L
5915   1347   1     121   GND       
5935   1347   184   121   SMC_THRMTRIP
5955   1347   337   121   CPU_PROCHOT_L
5496   1526   1     122   GND       
5496   1540   995   122   SMC_SENSOR_PWR_EN
5496   1554   166   122   PBUS_S0_VSENSE
5534   1554   952   122   PPBUS_G3H 
5534   1540   177   122   PBUSVSENS_EN_L_DIV
5534   1526   176   122   PBUSVSENS_EN_L
5342   1525   1     123   GND       
5342   1539   105   123   PM_SLP_SUS_L
5342   1552   173   123   DCIN_S5_VSENSE
5380   1552   770   123   PPDCIN_G3H_ISOL
5380   1539   165   123   PDCINVSENS_EN_L_DIV
5380   1525   164   123   DCINVSENS_EN_L
3731   695    519   124   CPUTHMSNS_D2_P
3713   695    477   124   CPUTHMSNS_D2_N
3722   668    519   124   CPUTHMSNS_D2_P
8242   1065   1106  125   TBTTHMSNS_D2_R_P
8224   1065   1105  125   TBTTHMSNS_D2_R_N
8233   1093   1106  125   TBTTHMSNS_D2_R_P
4896   2188   171   126   INLET_THMSNS_D1_P
4878   2188   172   126   INLET_THMSNS_D1_N
4887   2216   171   126   INLET_THMSNS_D1_P
6647   1299   1088  127   TBT_MLBBOT_THMSNS_N
6647   1282   1089  127   TBT_MLBBOT_THMSNS_P
6620   1291   1088  127   TBT_MLBBOT_THMSNS_N
1060   192    675   128   TBDTHMSNS_D2_P
1042   192    690   128   TBDTHMSNS_D2_N
1051   164    675   128   TBDTHMSNS_D2_P
5674   796    477   129   CPUTHMSNS_D2_N
5674   778    519   129   CPUTHMSNS_D2_P
5646   787    477   129   CPUTHMSNS_D2_N
5453   1641   770   130   PPDCIN_G3H_ISOL
5453   1641   770   130   PPDCIN_G3H_ISOL
5453   1641   770   130   PPDCIN_G3H_ISOL
5419   1692   167   130   DCIN_ISOL_GATE_R
5488   1692   794   130   PPDCIN_G3H
5453   1697   794   130   PPDCIN_G3H
5632   555    805   131   CHGR_UGATE
5632   605    155   131   PPDCIN_G3H_CHGR
5632   655    155   131   PPDCIN_G3H_CHGR
5632   705    155   131   PPDCIN_G3H_CHGR
5857   705    1     131   GND       
5857   655    1     131   GND       
5857   605    1     131   GND       
5857   555    815   131   CHGR_LGATE
5677   630    155   131   PPDCIN_G3H_CHGR
5769   630    160   131   CHGR_PHASE
6740   535    195   132   PPVBAT_G3H_CHGR_R
6740   585    195   132   PPVBAT_G3H_CHGR_R
6740   635    195   132   PPVBAT_G3H_CHGR_R
6740   685    811   132   CHGR_BGATE
6902   610    985   132   PPVBAT_G3H_CONN
4868   252    794   133   PPDCIN_G3H
4831   252    794   133   PPDCIN_G3H
4784   268    755   133   CHGR_AGATE_DIV
4868   182    153   133   PPDCIN_G3H_INRUSH
4831   182    153   133   PPDCIN_G3H_INRUSH
4784   166    808   133   CHGR_SGATE_DIV
4873   337    -99   133   UNCONNECTED_214
4873   97     -99   133   UNCONNECTED_216
4781   97     -99   133   UNCONNECTED_217
4781   337    -99   133   UNCONNECTED_215
703    1512   7     134   CPUVR_PHASE1
677    1512   7     134   CPUVR_PHASE1
652    1512   7     134   CPUVR_PHASE1
626    1512   401   134   CPUVR_UGATE1
665    1600   390   134   PPBUS_S5_HS_COMPUTING_ISNS
785    1630   1     135   GND       
810    1630   1     135   GND       
836    1630   1     135   GND       
862    1630   406   135   CPUVR_LGATE1
823    1542   7     135   CPUVR_PHASE1
579    936    5     136   CPUVR_PHASE2
579    911    5     136   CPUVR_PHASE2
579    885    5     136   CPUVR_PHASE2
579    860    357   136   CPUVR_UGATE2
491    898    390   136   PPBUS_S5_HS_COMPUTING_ISNS
458    1021   1     137   GND       
458    1047   1     137   GND       
458    1072   1     137   GND       
458    1098   323   137   CPUVR_LGATE2
546    1059   5     137   CPUVR_PHASE2
4187   1630   390   138   PPBUS_S5_HS_COMPUTING_ISNS
4187   1630   390   138   PPBUS_S5_HS_COMPUTING_ISNS
4226   1639   767   138   DDRREG_DRVH
4251   1639   765   138   DDRREG_LL 
4251   1519   784   138   DDRREG_DRVL
4226   1519   704   138   PDDR_S3_REG_L
4200   1519   704   138   PDDR_S3_REG_L
4175   1519   704   138   PDDR_S3_REG_L
4213   1579   1     138   GND       
5333   1173   839   139   PPBUS_S5_HS_OTHER_ISNS
5333   1173   839   139   PPBUS_S5_HS_OTHER_ISNS
5372   1182   855   139   P5V_S4RS3_DRVH
5397   1182   854   139   P5V_S4RS3_LL
5397   1062   835   139   P5V_S4RS3_DRVL
5372   1062   156   139   P5V_S4RS3_REG_L
5346   1062   156   139   P5V_S4RS3_REG_L
5320   1062   156   139   P5V_S4RS3_REG_L
5359   1122   1     139   GND       
4902   1345   839   140   PPBUS_S5_HS_OTHER_ISNS
4902   1345   839   140   PPBUS_S5_HS_OTHER_ISNS
4911   1306   838   140   P3V3_S5_DRVH
4911   1281   837   140   P3V3_S5_LL
4791   1281   853   140   P3V3_S5_DRVL
4791   1306   141   140   P3V3_S5_REG_L
4791   1332   141   140   P3V3_S5_REG_L
4791   1358   141   140   P3V3_S5_REG_L
4851   1319   1     140   GND       
3952   1485   674   141   P1V05S0_DRVH_R
3927   1485   130   141   P1V05S0_LL
3901   1485   130   141   P1V05S0_LL
3875   1485   130   141   P1V05S0_LL
3875   1602   1     141   GND       
3901   1602   1     141   GND       
3927   1602   667   141   P1V05S0_DRVL
3952   1602   390   141   PPBUS_S5_HS_COMPUTING_ISNS
3953   1544   390   141   PPBUS_S5_HS_COMPUTING_ISNS
3891   1544   1     141   GND       
7959   1769   283   142   PPVIN_S0SW_LCDBKLT_FET
7959   1732   283   142   PPVIN_S0SW_LCDBKLT_FET
7959   1694   247   142   LCDBKLT_EN_DIV_L
7876   1694   246   142   PPVIN_S0SW_LCDBKLTFET
7876   1732   283   142   PPVIN_S0SW_LCDBKLT_FET
7876   1769   283   142   PPVIN_S0SW_LCDBKLT_FET
8057   1750   1     143   GND       
8037   1750   248   143   BKLT_PLT_RST_L
8017   1750   1152  143   LCDBKLT_EN_L
8017   1811   285   143   LCDBKLT_DISABLE
8037   1811   284   143   EDP_BKLT_EN
8057   1811   285   143   LCDBKLT_DISABLE
2878   2085   545   144   PP1V05_S0SW_PCH_HSIO
2904   2085   545   144   PP1V05_S0SW_PCH_HSIO
2930   2085   545   144   PP1V05_S0SW_PCH_HSIO
2955   2085   601   144   HSIOFET_EN
2917   2171   427   144   PP1V05_S0 
3313   1881   1     145   GND       
3313   1867   587   145   HSIOFET_EN_L
3313   1854   598   145   HSIOFET_DRV_H
3351   1854   405   145   PP5V_S0   
3351   1867   587   145   HSIOFET_EN_L
3351   1881   645   145   HSIOFET_DRV_L
3034   1912   1     146   GND       
3014   1912   869   146   PCH_HSIO_PWR_EN
2995   1912   599   146   HSIOFET_DISCHARGE
2995   1850   1     146   GND       
3014   1850   587   146   HSIOFET_EN_L
3034   1850   587   146   HSIOFET_EN_L
3532   2052   672   147   VMON_Q4_BASE
3506   2045   -99   147   UNCONNECTED_252
3481   2052   664   147   S0PGD_BJT_GND_R
3473   2024   747   147   ALL_SYS_PWRGD
3481   1997   660   147   VMON_Q2_BASE
3506   2004   661   147   S0PGD_C   
3532   1997   663   147   VMON_Q3_BASE
3537   2024   -99   147   UNCONNECTED_251
7124   447    211   148   DBGLED_S5 
7081   447    1     148   GND       
7124   514    212   149   DBGLED_S4 
7081   514    205   149   DBGLED_S4_D
7124   582    213   150   DBGLED_S3 
7081   582    206   150   DBGLED_S3_D
7124   650    214   151   DBGLED_S0I3
7081   650    223   151   DBGLED_S0I3_D
7124   718    215   152   DBGLED_S0 
7081   718    208   152   DBGLED_S0_D
7911   834    1     153   GND       
7911   926    1073  153   P1V05TBT_SW
7404   1318   222   154   TBTBST_BOOST
7507   1318   1112  154   PP15V_TBT 
8941   1497   1     155   GND       
8941   1514   299   155   USB2_EXTA_MUXED_F_P
8941   1576   1     156   GND       
8941   1559   298   156   USB2_EXTA_MUXED_F_N
9033   1430   1     157   GND       
9016   1430   297   157   USB3_EXTA_R2D_N
9033   1394   1     158   GND       
9016   1394   296   158   USB3_EXTA_R2D_P
8969   1632   1     159   GND       
8952   1632   300   159   USB3_EXTA_D2R_P
8969   1669   1     160   GND       
8952   1669   301   160   USB3_EXTA_D2R_N
6558   597    958   161   BMON_IOUT_D
6542   597    959   161   BMON_IOUT 
5912   1187   905   162   HS_IOUT_D 
5912   1171   163   162   ISNS_HS_COMPUTING_IOUT
6752   233    972   163   SMBUS_SMC_5_G3_SCL
6713   233    965   163   SMBUS_SMC_5_G3_SDA
6733   176    1     163   GND       
5624   1759   179   164   PPBUS_G3H_R
5573   1759   178   164   PP18V5_DCIN_ISOL_R
5599   1832   180   164   PPVIN_G3H_P3V42G3H
5501   1839   1     165   GND       
5485   1839   168   165   DCIN_ISOL_GATE
4885   196    770   166   PPDCIN_G3H_ISOL
4936   196    770   166   PPDCIN_G3H_ISOL
4911   269    771   166   PPCHGR_DCIN_D_R
7880   2277   289   167   LCDBKLT_BOOST
8005   2277   1155  167   PPHV_S0SW_LCDBKLT
968    298    397   168   P1V5CODEC_EN_D
952    298    396   168   AUD_PWR_EN
6571   1532   1014  169   P5VS4RS3_EN_RC
6571   1548   1013  169   P5VS4RS3_EN_D
6593   681    759   170   P3V3S0_EN 
6593   664    957   170   P3V3S0_EN_D
4016   1669   705   171   PM_SLP_S3_BUF_L
4016   1686   746   171   P1V05_EN_D
598    218    1     172   GND       
598    235    341   172   USB3_EXTB_D2R_RC_N
641    218    1     173   GND       
641    235    347   173   USB3_EXTB_D2R_RC_P
581    448    1     174   GND       
564    448    352   174   USB3_EXTB_R2D_N
581    491    1     175   GND       
564    491    351   175   USB3_EXTB_R2D_P
207    1805   1     176   GND       
3311   1801   1     177   GND       
1071   1801   1     178   GND       
3311   1181   1     179   GND       
1071   1181   1     180   GND       
1071   555    1     181   GND       
5812   1804   1     182   GND       
749    2038   1     183   GND       
749    2145   1     183   GND       
765    2038   38    183   CPU_CFG<17>
765    2145   413   183   XDP_CPU_PREQ_L
781    2038   12    183   CPU_CFG<16>
781    2145   412   183   XDP_CPU_PRDY_L
797    2038   1     183   GND       
797    2145   1     183   GND       
812    2038   22    183   CPU_CFG<8>
812    2145   11    183   CPU_CFG<0>
828    2038   37    183   CPU_CFG<9>
828    2145   10    183   CPU_CFG<1>
844    2038   1     183   GND       
844    2145   1     183   GND       
860    2038   13    183   CPU_CFG<10>
860    2145   14    183   CPU_CFG<2>
875    2038   428   183   CPU_CFG<11>
875    2145   414   183   CPU_CFG<3>
891    2038   1     183   GND       
891    2145   1     183   GND       
907    2038   409   183   CPU_CFG<19>
907    2145   433   183   XDP_BPM_L<0>
923    2038   24    183   CPU_CFG<18>
923    2145   25    183   XDP_BPM_L<1>
938    2038   1     183   GND       
938    2145   1     183   GND       
954    2038   417   183   CPU_CFG<12>
954    2145   23    183   CPU_CFG<4>
970    2038   411   183   CPU_CFG<13>
970    2145   33    183   CPU_CFG<5>
985    2038   1     183   GND       
985    2145   1     183   GND       
1001   2038   31    183   CPU_CFG<14>
1001   2145   32    183   CPU_CFG<6>
1017   2038   410   183   CPU_CFG<15>
1017   2145   34    183   CPU_CFG<7>
1033   2038   1     183   GND       
1033   2145   1     183   GND       
1048   2038   -99   183   UNCONNECTED_236
1048   2145   451   183   XDP_CPU_VCCST_PWRGD
1064   2038   -99   183   UNCONNECTED_237
1064   2145   453   183   XDP_CPU_PWRBTN_L
1080   2038   427   183   PP1V05_S0 
1080   2145   427   183   PP1V05_S0 
1096   2038   434   183   XDP_CPURST_L
1096   2145   432   183   CPU_PWR_DEBUG
1111   2038   41    183   XDP_DBRESET_L
1111   2145   431   183   XDP_SYS_PWROK
1127   2038   1     183   GND       
1127   2145   1     183   GND       
1143   2038   443   183   XDP_PCH_TDO
1143   2145   950   183   SMBUS_PCH_DATA
1159   2038   430   183   XDP_TRST_L
1159   2145   949   183   SMBUS_PCH_CLK
1174   2038   421   183   XDP_PCH_TDI
1174   2145   435   183   XDP_PCH_TCK
1190   2038   415   183   XDP_PCH_TMS
1190   2145   436   183   XDP_CPU_TCK
1206   2038   26    183   XDP_CPU_PRESENT_L
1206   2145   1     183   GND       
734    2038   1     183   GND       
734    2145   1     183   GND       
1222   2038   1     183   GND       
1222   2145   1     183   GND       
9148   2248   1190  184   TBTACONN_1_C
9251   2248   1186  184   TBT_A_HPD 
9182   2224   309   184   TBT_A_R2D_P<0>
9284   2224   311   184   TBT_A_D2R_C_P<0>
9148   2200   308   184   TBT_A_R2D_N<0>
9251   2200   310   184   TBT_A_D2R_C_N<0>
9115   2177   1191  184   TBTACONN_7_C
9217   2177   1     184   GND       
9182   2153   1165  184   DP_A_LSX_ML_P<1>
9284   2153   307   184   DP_TBTPA_ML_P<3>
9148   2129   1166  184   DP_A_LSX_ML_N<1>
9251   2129   306   184   DP_TBTPA_ML_N<3>
9115   2106   1     184   GND       
9217   2106   1     184   GND       
9182   2082   303   184   TBT_A_R2D_P<1>
9284   2082   305   184   TBT_A_D2R1_AUXDDC_P
9148   2058   302   184   TBT_A_R2D_N<1>
9251   2058   304   184   TBT_A_D2R1_AUXDDC_N
9115   2035   1     184   GND       
9217   2035   1188  184   PP3V3RHV_S4_TBTAPWR_F
9304   1967   1     184   GND       
9174   1967   1     184   GND       
9072   2076   1     184   GND       
9072   2207   1     184   GND       
9174   2315   1     184   GND       
9304   2315   1     184   GND       
9316   2186   1     184   GND       
9316   2057   1     184   GND       
9225   2290   -99   184   UNCONNECTED_224
9225   1993   -99   184   UNCONNECTED_223
7126   1439   1036  185   PP3V3_WLAN
7126   1470   1017  185   WIFI_EVENT_L
7126   1502   1     185   GND       
7126   1533   1048  185   PCIE_AP_R2D_N
7126   1565   1038  185   PCIE_AP_R2D_P
7126   1596   1     185   GND       
7126   1628   1039  185   PCIE_CLK100M_AP_N
7126   1659   1040  185   PCIE_CLK100M_AP_P
7126   1691   1     185   GND       
7126   1722   1049  185   PCIE_AP_D2R_P
7126   1754   1050  185   PCIE_AP_D2R_N
7126   1785   1     185   GND       
7126   1872   1064  185   AP_PCIE_WAKE_L
7126   1903   1051  185   AP_RESET_CONN_L
7126   1935   1052  185   AP_CLKREQ_Q_L
7126   1966   1044  185   USB_BT_CONN_N
7126   1998   1045  185   USB_BT_CONN_P
7126   2029   898   185   PP3V3_S4  
7207   1356   1     185   GND       
7349   1734   1     185   GND       
7207   2112   1     185   GND       
7286   1419   -99   185   UNCONNECTED_222
7286   2049   -99   185   UNCONNECTED_221
4344   108    636   186   PP3V3_S0SW_SSD_FLT
4344   134    636   186   PP3V3_S0SW_SSD_FLT
4344   159    636   186   PP3V3_S0SW_SSD_FLT
4344   185    636   186   PP3V3_S0SW_SSD_FLT
4344   210    636   186   PP3V3_S0SW_SSD_FLT
4344   236    1     186   GND       
4344   261    699   186   SSD_SR_EN_L
4344   287    756   186   SSD_RESET_CONN_L
4344   313    700   186   SSD_BOOT_R
4344   338    1     186   GND       
4344   364    709   186   PCIE_SSD_R2D_N<3>
4344   389    710   186   PCIE_SSD_R2D_P<3>
4344   415    1     186   GND       
4344   441    711   186   PCIE_SSD_R2D_N<2>
4344   466    712   186   PCIE_SSD_R2D_P<2>
4344   492    1     186   GND       
4344   580    1     186   GND       
4344   606    713   186   PCIE_SSD_R2D_N<1>
4344   632    714   186   PCIE_SSD_R2D_P<1>
4344   657    1     186   GND       
4344   683    715   186   PCIE_SSD_R2D_N<0>
4344   708    716   186   PCIE_SSD_R2D_P<0>
4344   734    1     186   GND       
4344   760    774   186   SSD_CLKREQ_CONN_L
4344   785    636   186   PP3V3_S0SW_SSD_FLT
4344   811    636   186   PP3V3_S0SW_SSD_FLT
4344   836    636   186   PP3V3_S0SW_SSD_FLT
4344   862    636   186   PP3V3_S0SW_SSD_FLT
4624   862    1     186   GND       
4624   836    500   186   PCIE_CLK100M_SSD_P
4624   811    499   186   PCIE_CLK100M_SSD_N
4624   785    1     186   GND       
4624   734    1     186   GND       
4624   708    726   186   PCIE_SSD_D2R_P<0>
4624   683    725   186   PCIE_SSD_D2R_N<0>
4624   657    1     186   GND       
4624   632    735   186   PCIE_SSD_D2R_P<1>
4624   606    734   186   PCIE_SSD_D2R_N<1>
4624   580    1     186   GND       
4624   492    1     186   GND       
4624   466    724   186   PCIE_SSD_D2R_P<2>
4624   441    723   186   PCIE_SSD_D2R_N<2>
4624   415    1     186   GND       
4624   389    733   186   PCIE_SSD_D2R_P<3>
4624   364    720   186   PCIE_SSD_D2R_N<3>
4624   338    1     186   GND       
4624   287    732   186   SSD_PWR_EN
4624   261    719   186   SMC_PWRFAIL_WARN_L
4624   236    731   186   TP_SSD_DEVSLP
4624   210    718   186   SSD_PCIE_SEL_L
4624   159    717   186   SMC_OOB1_D2R_CONN_L
4624   134    1047  186   SMC_OOB1_R2D_CONN_L
4624   108    1     186   GND       
4620   536    1     186   GND       
4545   38     1     186   GND       
4400   38     1     186   GND       
4400   932    1     186   GND       
4545   932    1     186   GND       
4620   75     1     186   GND       
4620   185    1     186   GND       
4620   313    1     186   GND       
4620   760    1     186   GND       
4620   894    1     186   GND       
4479   102    -99   186   UNCONNECTED_107
4479   868    -99   186   UNCONNECTED_106
417    452    1     187   GND       
433    452    313   187   MIPI_CLK_CONN_N
448    452    315   187   MIPI_CLK_CONN_P
464    452    320   187   CAM_SENSOR_WAKE_L_CONN
480    452    316   187   MIPI_DATA_CONN_N
496    452    317   187   MIPI_DATA_CONN_P
511    452    1     187   GND       
527    452    906   187   SMBUS_SMC_1_S0_SDA
543    452    322   187   SMBUS_SMC_1_S0_SCL
559    452    340   187   I2C_CAM_SCK
574    452    516   187   I2C_CAM_SDA
590    452    353   187   PP5V_S3RS0_ALSCAM_F
354    341    1     187   GND       
653    341    1     187   GND       
8784   886    273   188   SDCONN_R_DATA<3>
8784   787    272   188   SDCONN_CMD_R
8784   689    1     188   GND       
8784   590    251   188   PP3V3_S0_SD_CONN
8784   492    267   188   SD_CONN_CLK
8784   394    1     188   GND       
8784   298    258   188   SDCONN_R_DATA<0>
8784   231    268   188   SDCONN_R_DATA<1>
8784   984    274   188   SDCONN_R_DATA<2>
8880   836    295   188   UNCONNECTED_124
8880   738    294   188   UNCONNECTED_125
8880   443    293   188   UNCONNECTED_126
8880   345    266   188   UNCONNECTED_127
8784   154    1142  188   SD_CD_L   
9115   68     1     188   GND       
8850   94     265   188   SDCONN_WP 
8913   1155   1     188   GND       
8913   51     1     188   GND       
9409   1155   1     188   GND       
9409   51     1     188   GND       
8821   1098   -99   188   UNCONNECTED_123
8845   541    -99   188   UNCONNECTED_122
9132   1320   1183  189   PP5V_S3_RTUSB_A_F
9132   1379   296   189   USB3_EXTA_R2D_P
9132   1427   297   189   USB3_EXTA_R2D_N
9132   1474   1     189   GND       
9132   1521   298   189   USB2_EXTA_MUXED_F_N
9132   1568   299   189   USB2_EXTA_MUXED_F_P
9132   1616   1     189   GND       
9132   1663   300   189   USB3_EXTA_D2R_P
9132   1710   301   189   USB3_EXTA_D2R_N
9132   1769   1     189   GND       
9149   1248   1     189   GND       
9084   1273   1     189   GND       
9084   1383   1     189   GND       
9084   1494   1     189   GND       
9084   1604   1     189   GND       
9084   1714   1     189   GND       
9084   1824   1     189   GND       
9149   1844   1     189   GND       
9266   1192   -99   189   UNCONNECTED_220
9266   1888   -99   189   UNCONNECTED_219
5640   306    974   190   SMC_LID   
5656   306    883   190   TPAD_SPI_MISO_R
5671   306    1     190   GND       
5687   306    829   190   USB_TPAD_P
5703   306    830   190   USB_TPAD_N
5719   306    1     190   GND       
5734   306    884   190   TPAD_SPI_CLK_R
5750   306    888   190   TPAD_WAKE_L
5766   306    885   190   TPAD_SPI_MOSI_R
5782   306    891   190   PP3V3_S4_IPD
5797   306    886   190   TPAD_SPI_CS_R_L
5813   306    919   190   TPAD_SPI_IF_EN_CONN
5829   306    896   190   TPAD_SPI_INT_S4_WAKE_L_CONN
5845   306    890   190   PP5V_S4_IPD
5860   306    897   190   TPAD_USB_IF_EN_CONN
5876   306    993   190   SMBUS_SMC_3_SDA
5892   306    889   190   SMBUS_SMC_3_SCL
5908   306    818   190   SMC_LSOC_RST_L
5923   306    866   190   PP3V42_G3H
5939   306    973   190   SMC_ONOFF_L
5613   218    1     190   GND       
5966   218    1     190   GND       
270    532    405   191   PP5V_S0   
270    551    321   191   FAN_RT_TACH
270    571    312   191   FAN_RT_PWM
270    591    1     191   GND       
136    509    -99   191   UNCONNECTED_234
136    613    -99   191   UNCONNECTED_235
4637   2092   1     192   GND       
4637   2199   866   192   PP3V42_G3H
4653   2092   851   192   SPI_ALT_CLK
4653   2199   149   192   SPI_ALT_IO0_MOSI
4669   2092   871   192   SPI_ALT_CS_L
4669   2199   852   192   SPI_ALT_IO1_MISO
4685   2092   612   192   SPIROM_USE_MLB
4685   2199   150   192   SPI_ALT_IO2_WP_L
4700   2092   1007  192   SMC_TMS   
4700   2199   152   192   SPI_ALT_IO3_HOLD_L
4716   2092   1004  192   SMC_TCK   
4716   2199   804   192   SMC_RESET_L
4619   2092   1     192   GND       
4619   2199   1     192   GND       
4735   2092   1     192   GND       
4735   2199   1     192   GND       
7650   829    1067  193   SPKRAMP_ROUT_P
7650   781    1066  193   SPKRAMP_ROUT_N
7798   874    1     193   GND       
7798   736    1     193   GND       
6943   230    985   194   PPVBAT_G3H_CONN
6884   230    985   194   PPVBAT_G3H_CONN
6825   230    985   194   PPVBAT_G3H_CONN
6766   230    972   194   SMBUS_SMC_5_G3_SCL
6707   230    965   194   SMBUS_SMC_5_G3_SDA
6648   230    953   194   SYS_DETECT_L
6589   230    1     194   GND       
6530   230    1     194   GND       
6471   230    1     194   GND       
228    93     794   195   PPDCIN_G3H
228    152    794   195   PPDCIN_G3H
228    211    654   195   PP5V_S4RS3
228    270    1     195   GND       
228    329    1     195   GND       
228    388    1     195   GND       
6201   317    920   196   KBDLED_FB 
6181   317    920   196   KBDLED_FB 
6161   317    922   196   KBDLED_ANODE
6142   317    922   196   KBDLED_ANODE
6223   183    -99   196   UNCONNECTED_232
6119   183    -99   196   UNCONNECTED_233
8288   1847   1     197   GND       
8301   1839   -99   197   UNCONNECTED_228
8314   1831   1155  197   PPHV_S0SW_LCDBKLT
8328   1822   1155  197   PPHV_S0SW_LCDBKLT
8341   1814   -99   197   UNCONNECTED_231
8354   1806   1154  197   LED_RETURN_6
8368   1797   1168  197   LED_RETURN_5
8381   1789   1153  197   LED_RETURN_4
8394   1781   1151  197   LED_RETURN_3
8408   1772   1167  197   LED_RETURN_2
8421   1764   1176  197   LED_RETURN_1
8434   1756   -99   197   UNCONNECTED_227
8448   1747   1     197   GND       
8461   1739   1175  197   DP_INT_HPD_CONN
8475   1731   1174  197   I2C_TCON_SDA_R
8488   1722   1173  197   I2C_TCON_SCL_R
8501   1714   1     197   GND       
8515   1706   1170  197   PP3V3_S0SW_LCD_UF
8528   1697   1170  197   PP3V3_S0SW_LCD_UF
8541   1689   1     197   GND       
8555   1681   1178  197   DP_INT_AUX_CH_C_N
8568   1672   1181  197   DP_INT_AUX_CH_C_P
8581   1664   1     197   GND       
8595   1655   1177  197   DP_INT_ML_P<0>
8608   1647   1180  197   DP_INT_ML_N<0>
8621   1639   1     197   GND       
8635   1630   -99   197   UNCONNECTED_229
8648   1622   -99   197   UNCONNECTED_230
8661   1614   1     197   GND       
8675   1605   1     197   GND       
8257   1865   1     197   GND       
8704   1585   1     197   GND       
8209   1928   1     197   GND       
8781   1570   1     197   GND       
8258   2006   1     197   GND       
8830   1648   1     197   GND       
8340   1857   1     197   GND       
8420   1807   1     197   GND       
8500   1756   1     197   GND       
8580   1706   1     197   GND       
8660   1656   1     197   GND       
8263   1930   -99   197   UNCONNECTED_226
8760   1620   -99   197   UNCONNECTED_225
821    461    971   198   SMC_BC_ACOK
699    461    1     198   GND       
821    446    1133  198   USB_PWR_EN
699    446    1     198   GND       
821    430    933   198   FINSTACKSNS_ALERT_L
699    430    352   198   USB3_EXTB_R2D_N
821    414    398   198   PP1V5_S0SW_AUDIO
699    414    351   198   USB3_EXTB_R2D_P
821    398    580   198   PP3V3_S0  
699    398    1     198   GND       
821    383    369   198   SMBUS_SMC_2_S3_SDA
699    383    1053  198   SPKRAMP_INR_N
821    367    370   198   SMBUS_SMC_2_S3_SCL
699    367    1054  198   SPKRAMP_INR_P
823    343    1     198   GND       
696    343    1     198   GND       
696    343    1     198   GND       
696    343    1     198   GND       
821    320    982   198   SYS_ONEWIRE
699    320    1     198   GND       
821    304    866   198   PP3V42_G3H
699    304    1     198   GND       
821    288    367   198   XDP_USB_EXTB_OC_L
699    288    1     198   GND       
821    272    504   198   HDA_RST_L 
699    272    1     198   GND       
821    257    974   198   SMC_LID   
699    257    350   198   PP5V_S0_ALT_AUD_LDO_EN
821    241    1065  198   SPKRAMP_SHDN_L
699    241    396   198   AUD_PWR_EN
823    217    1     198   GND       
696    217    1     198   GND       
696    217    1     198   GND       
696    217    1     198   GND       
821    194    1     198   GND       
699    194    349   198   USB_EXTB_P
821    178    1     198   GND       
699    178    348   198   USB_EXTB_N
821    162    482   198   HDA_SYNC  
699    162    1     198   GND       
821    146    1     198   GND       
699    146    347   198   USB3_EXTB_D2R_RC_P
821    131    368   198   HDA_SDIN0 
699    131    341   198   USB3_EXTB_D2R_RC_N
821    115    485   198   HDA_BIT_CLK
699    115    1     198   GND       
821    99     486   198   HDA_SDOUT 
699    99     1     198   GND       
826    479    1     198   GND       
694    479    1     198   GND       
826    82     1     198   GND       
694    82     1     198   GND       
2669   1340   488   199   PPVRTC_G3H
2669   1371   1     199   GND       
2702   1340   488   200   PPVRTC_G3H
2702   1371   1     200   GND       
2735   1340   488   201   PPVRTC_G3H
2735   1371   1     201   GND       
2803   1375   532   202   PPVOUT_S0_PCH_DCPRTC
2834   1375   1     202   GND       
2543   1385   476   203   PPVOUT_S5_PCH_DCPSUSBYP
2543   1416   1     203   GND       
1221   1465   426   204   PPVCC_S0_CPU
1252   1465   1     204   GND       
1222   1356   426   205   PPVCC_S0_CPU
1253   1356   1     205   GND       
1222   1356   426   206   PPVCC_S0_CPU
1253   1356   1     206   GND       
1168   1528   426   207   PPVCC_S0_CPU
1199   1528   1     207   GND       
1237   1625   426   208   PPVCC_S0_CPU
1237   1656   1     208   GND       
1168   1410   426   209   PPVCC_S0_CPU
1199   1410   1     209   GND       
1168   1410   426   210   PPVCC_S0_CPU
1199   1410   1     210   GND       
1222   1583   426   211   PPVCC_S0_CPU
1253   1583   1     211   GND       
1183   1567   426   212   PPVCC_S0_CPU
1183   1598   1     212   GND       
1199   1640   426   213   PPVCC_S0_CPU
1168   1640   1     213   GND       
1237   1625   426   214   PPVCC_S0_CPU
1237   1656   1     214   GND       
1184   1453   426   215   PPVCC_S0_CPU
1184   1483   1     215   GND       
1238   1513   426   216   PPVCC_S0_CPU
1238   1544   1     216   GND       
1183   1567   426   217   PPVCC_S0_CPU
1183   1598   1     217   GND       
1221   1465   426   218   PPVCC_S0_CPU
1252   1465   1     218   GND       
1168   1528   426   219   PPVCC_S0_CPU
1199   1528   1     219   GND       
1222   1583   426   220   PPVCC_S0_CPU
1253   1583   1     220   GND       
1238   1395   426   221   PPVCC_S0_CPU
1238   1426   1     221   GND       
1238   1513   426   222   PPVCC_S0_CPU
1238   1544   1     222   GND       
1184   1453   426   223   PPVCC_S0_CPU
1184   1483   1     223   GND       
1199   1640   426   224   PPVCC_S0_CPU
1168   1640   1     224   GND       
1238   1395   426   225   PPVCC_S0_CPU
1238   1426   1     225   GND       
2039   1787   426   226   PPVCC_S0_CPU
2039   1756   1     226   GND       
1687   1820   426   227   PPVCC_S0_CPU
1687   1851   1     227   GND       
2335   1788   426   228   PPVCC_S0_CPU
2335   1757   1     228   GND       
2236   1788   426   229   PPVCC_S0_CPU
2236   1757   1     229   GND       
2137   1788   426   230   PPVCC_S0_CPU
2137   1757   1     230   GND       
2236   1820   426   231   PPVCC_S0_CPU
2236   1851   1     231   GND       
2280   1820   426   232   PPVCC_S0_CPU
2280   1851   1     232   GND       
2441   1660   426   233   PPVCC_S0_CPU
2410   1660   1     233   GND       
1075   1678   426   234   PPVCC_S0_CPU
1075   1709   1     234   GND       
1511   2148   426   235   PPVCC_S0_CPU
1761   2148   1     235   GND       
1624   2148   1     235   GND       
2440   1734   426   236   PPVCC_S0_CPU
2409   1734   1     236   GND       
2440   1697   426   237   PPVCC_S0_CPU
2409   1697   1     237   GND       
2411   1782   426   238   PPVCC_S0_CPU
2442   1782   1     238   GND       
1885   1820   426   239   PPVCC_S0_CPU
1885   1851   1     239   GND       
1642   1820   426   240   PPVCC_S0_CPU
1642   1851   1     240   GND       
2434   1820   426   241   PPVCC_S0_CPU
2434   1851   1     241   GND       
1984   1820   426   242   PPVCC_S0_CPU
1984   1851   1     242   GND       
1939   1820   426   243   PPVCC_S0_CPU
1939   1851   1     243   GND       
2180   1312   108   244   PPVMEMIO_S0_CPU
2149   1312   1     244   GND       
2230   1311   108   245   PPVMEMIO_S0_CPU
2261   1311   1     245   GND       
1822   1153   108   246   PPVMEMIO_S0_CPU
1822   1184   1     246   GND       
2013   1032   108   247   PPVMEMIO_S0_CPU
2013   1063   1     247   GND       
1578   1509   426   248   PPVCC_S0_CPU
1608   1509   1     248   GND       
1841   1820   426   249   PPVCC_S0_CPU
1841   1851   1     249   GND       
1787   1820   426   250   PPVCC_S0_CPU
1787   1851   1     250   GND       
2082   1821   426   251   PPVCC_S0_CPU
2082   1852   1     251   GND       
1715   1880   426   252   PPVCC_S0_CPU
1715   1911   1     252   GND       
1578   1351   426   253   PPVCC_S0_CPU
1608   1351   1     253   GND       
1075   1678   426   254   PPVCC_S0_CPU
1075   1709   1     254   GND       
1042   1693   426   255   PPVCC_S0_CPU
1011   1693   1     255   GND       
978    1708   426   256   PPVCC_S0_CPU
978    1677   1     256   GND       
1073   1568   426   257   PPVCC_S0_CPU
1073   1598   1     257   GND       
1040   1583   426   258   PPVCC_S0_CPU
1009   1583   1     258   GND       
976    1567   426   259   PPVCC_S0_CPU
976    1597   1     259   GND       
2138   1031   108   260   PPVMEMIO_S0_CPU
2138   1062   1     260   GND       
2074   1312   108   261   PPVMEMIO_S0_CPU
2043   1312   1     261   GND       
2357   1320   108   262   PPVMEMIO_S0_CPU
2388   1320   1     262   GND       
1765   1032   108   263   PPVMEMIO_S0_CPU
1765   1063   1     263   GND       
1938   1182   108   264   PPVMEMIO_S0_CPU
1938   1213   1     264   GND       
2184   1208   108   265   PPVMEMIO_S0_CPU
2214   1208   1     265   GND       
1578   1406   426   266   PPVCC_S0_CPU
1608   1406   1     266   GND       
1578   1455   426   267   PPVCC_S0_CPU
1608   1455   1     267   GND       
1578   1711   426   268   PPVCC_S0_CPU
1608   1711   1     268   GND       
1912   1880   426   269   PPVCC_S0_CPU
1912   1911   1     269   GND       
1062   1641   426   270   PPVCC_S0_CPU
1092   1641   1     270   GND       
1028   1626   426   271   PPVCC_S0_CPU
1028   1657   1     271   GND       
963    1641   426   272   PPVCC_S0_CPU
994    1641   1     272   GND       
963    1641   426   273   PPVCC_S0_CPU
994    1641   1     273   GND       
1028   1626   426   274   PPVCC_S0_CPU
1028   1657   1     274   GND       
1062   1641   426   275   PPVCC_S0_CPU
1092   1641   1     275   GND       
3485   1199   108   276   PPVMEMIO_S0_CPU
3485   1305   1     276   GND       
3623   1199   108   277   PPVMEMIO_S0_CPU
3623   1305   1     277   GND       
1578   1612   426   278   PPVCC_S0_CPU
1608   1612   1     278   GND       
1539   1783   426   279   PPVCC_S0_CPU
1509   1783   1     279   GND       
2038   1821   426   280   PPVCC_S0_CPU
2038   1852   1     280   GND       
2182   1818   426   281   PPVCC_S0_CPU
2182   1849   1     281   GND       
1587   1783   426   282   PPVCC_S0_CPU
1587   1752   1     282   GND       
1616   1880   426   283   PPVCC_S0_CPU
1616   1911   1     283   GND       
1578   1661   426   284   PPVCC_S0_CPU
1608   1661   1     284   GND       
1578   1558   426   285   PPVCC_S0_CPU
1608   1558   1     285   GND       
976    1567   426   286   PPVCC_S0_CPU
976    1597   1     286   GND       
1040   1583   426   287   PPVCC_S0_CPU
1009   1583   1     287   GND       
1073   1568   426   288   PPVCC_S0_CPU
1073   1598   1     288   GND       
978    1708   426   289   PPVCC_S0_CPU
978    1677   1     289   GND       
1042   1693   426   290   PPVCC_S0_CPU
1011   1693   1     290   GND       
1125   1623   426   291   PPVCC_S0_CPU
1125   1653   1     291   GND       
1125   1623   426   292   PPVCC_S0_CPU
1125   1653   1     292   GND       
1205   1111   426   293   PPVCC_S0_CPU
1236   1111   1     293   GND       
1132   1514   426   294   PPVCC_S0_CPU
1132   1545   1     294   GND       
1183   1342   426   295   PPVCC_S0_CPU
1183   1373   1     295   GND       
1184   1676   426   296   PPVCC_S0_CPU
1184   1707   1     296   GND       
1238   1730   426   297   PPVCC_S0_CPU
1238   1761   1     297   GND       
1223   1691   426   298   PPVCC_S0_CPU
1254   1691   1     298   GND       
1183   1342   426   299   PPVCC_S0_CPU
1183   1373   1     299   GND       
1169   1746   426   300   PPVCC_S0_CPU
1200   1746   1     300   GND       
1940   1786   426   301   PPVCC_S0_CPU
1940   1755   1     301   GND       
2475   1682   426   302   PPVCC_S0_CPU
2475   1712   1     302   GND       
1132   1514   426   303   PPVCC_S0_CPU
1132   1545   1     303   GND       
1169   1746   426   304   PPVCC_S0_CPU
1200   1746   1     304   GND       
1184   1676   426   305   PPVCC_S0_CPU
1184   1707   1     305   GND       
1223   1691   426   306   PPVCC_S0_CPU
1254   1691   1     306   GND       
1238   1730   426   307   PPVCC_S0_CPU
1238   1761   1     307   GND       
1110   1692   426   308   PPVCC_S0_CPU
1141   1692   1     308   GND       
1129   1726   426   309   PPVCC_S0_CPU
1129   1757   1     309   GND       
1129   1726   426   310   PPVCC_S0_CPU
1129   1757   1     310   GND       
1237   1222   426   311   PPVCC_S0_CPU
1206   1222   1     311   GND       
1237   1222   426   312   PPVCC_S0_CPU
1206   1222   1     312   GND       
2334   1820   426   313   PPVCC_S0_CPU
2334   1851   1     313   GND       
2378   1820   426   314   PPVCC_S0_CPU
2378   1851   1     314   GND       
1743   1820   426   315   PPVCC_S0_CPU
1743   1851   1     315   GND       
2105   1880   426   316   PPVCC_S0_CPU
2105   1911   1     316   GND       
2208   1880   426   317   PPVCC_S0_CPU
2208   1911   1     317   GND       
2010   1880   426   318   PPVCC_S0_CPU
2010   1911   1     318   GND       
1205   1111   426   319   PPVCC_S0_CPU
1236   1111   1     319   GND       
1110   1692   426   320   PPVCC_S0_CPU
1141   1692   1     320   GND       
1106   1588   426   321   PPVCC_S0_CPU
1137   1588   1     321   GND       
1221   1149   426   322   PPVCC_S0_CPU
1221   1180   1     322   GND       
1221   1149   426   323   PPVCC_S0_CPU
1221   1180   1     323   GND       
1218   1040   426   324   PPVCC_S0_CPU
1218   1071   1     324   GND       
1218   1040   426   325   PPVCC_S0_CPU
1218   1071   1     325   GND       
1106   1588   426   326   PPVCC_S0_CPU
1137   1588   1     326   GND       
1814   1880   426   327   PPVCC_S0_CPU
1814   1911   1     327   GND       
2137   1818   426   328   PPVCC_S0_CPU
2137   1849   1     328   GND       
2304   1881   426   329   PPVCC_S0_CPU
2304   1912   1     329   GND       
2405   1878   426   330   PPVCC_S0_CPU
2405   1909   1     330   GND       
1841   1788   426   331   PPVCC_S0_CPU
1841   1757   1     331   GND       
1742   1785   426   332   PPVCC_S0_CPU
1742   1754   1     332   GND       
1642   1783   426   333   PPVCC_S0_CPU
1642   1752   1     333   GND       
1589   1820   426   334   PPVCC_S0_CPU
1589   1851   1     334   GND       
2735   1307   987   335   PP3V3_S5  
2766   1307   1     335   GND       
2758   1438   870   336   PP3V3_SUS 
2727   1438   1     336   GND       
2643   1591   870   337   PP3V3_SUS 
2643   1646   1     337   GND       
2701   1313   870   338   PP3V3_SUS 
2701   1283   1     338   GND       
2746   1569   580   339   PP3V3_S0  
2746   1599   1     339   GND       
2640   1315   372   340   PP1V5_S0SW_AUDIO_HDA
2640   1285   1     340   GND       
2789   1528   580   341   PP3V3_S0  
2789   1583   1     341   GND       
2620   1690   580   342   PP3V3_S0  
2651   1690   1     342   GND       
2578   1596   427   343   PP1V05_S0 
2578   1651   1     343   GND       
2760   1402   427   344   PP1V05_S0 
2729   1402   1     344   GND       
2696   1732   427   345   PP1V05_S0 
2641   1732   1     345   GND       
2692   1689   427   346   PP1V05_S0 
2692   1658   1     346   GND       
2770   1371   427   347   PP1V05_S0 
2770   1340   1     347   GND       
2761   1717   545   348   PP1V05_S0SW_PCH_HSIO
2730   1717   1     348   GND       
2761   1684   545   349   PP1V05_S0SW_PCH_HSIO
2730   1684   1     349   GND       
2761   1648   545   350   PP1V05_S0SW_PCH_HSIO
2730   1648   1     350   GND       
2607   1342   427   351   PP1V05_S0 
2607   1372   1     351   GND       
2587   1722   427   352   PP1V05_S0 
2587   1692   1     352   GND       
2498   1567   427   353   PP1V05_S0 
2528   1567   1     353   GND       
2334   2075   544   354   PP1V05_S0_PCH_VCCACLKPLL
2334   2142   1     354   GND       
2262   2075   544   355   PP1V05_S0_PCH_VCCACLKPLL
2262   2142   1     355   GND       
2477   1925   544   356   PP1V05_S0_PCH_VCCACLKPLL
2477   1894   1     356   GND       
2766   2072   496   357   PP1V05_S0_PCH_VCC_ICC
2766   2139   1     357   GND       
2696   2072   496   358   PP1V05_S0_PCH_VCC_ICC
2696   2139   1     358   GND       
2549   1722   496   359   PP1V05_S0_PCH_VCC_ICC
2549   1692   1     359   GND       
2064   2075   479   360   PP1V05_S0_PCH_VCCAPLL_OPI
2064   2142   1     360   GND       
2137   2075   479   361   PP1V05_S0_PCH_VCCAPLL_OPI
2137   2142   1     361   GND       
2498   1469   479   362   PP1V05_S0_PCH_VCCAPLL_OPI
2468   1469   1     362   GND       
2885   2073   579   363   PP1V05_S0SW_PCH_VCCSATA3PLL
2885   2140   1     363   GND       
2955   2073   579   364   PP1V05_S0SW_PCH_VCCSATA3PLL
2955   2140   1     364   GND       
2706   1897   579   365   PP1V05_S0SW_PCH_VCCSATA3PLL
2706   1867   1     365   GND       
2527   2075   543   366   PP1V05_S0SW_PCH_VCCUSB3PLL
2527   2142   1     366   GND       
2455   2075   543   367   PP1V05_S0SW_PCH_VCCUSB3PLL
2455   2142   1     367   GND       
2511   1898   543   368   PP1V05_S0SW_PCH_VCCUSB3PLL
2511   1867   1     368   GND       
2823   1112   490   369   PCH_SRTCRST_L
2823   1143   1     369   GND       
2790   1112   489   370   RTC_RESET_L
2790   1143   1     370   GND       
3212   1323   580   371   PP3V3_S0  
3192   1323   1     371   GND       
1081   1998   427   372   PP1V05_S0 
1061   1998   1     372   GND       
1031   2192   427   373   PP1V05_S0 
1031   2212   1     373   GND       
1101   2195   431   374   XDP_SYS_PWROK
1101   2215   1     374   GND       
1120   1996   41    375   XDP_DBRESET_L
1120   1977   1     375   GND       
1094   2079   987   376   PP3V3_S5  
1114   2079   1     376   GND       
4886   2144   874   377   PP3V3_S5RS3RS0_SYSCLKGEN
4886   2164   1     377   GND       
5147   1995   867   378   SYSCLK_CLK25M_X2
5167   1995   1     378   GND       
5104   2169   1     379   GND       
5084   2169   873   379   SYSCLK_CLK25M_X1
4949   1998   488   380   PPVRTC_G3H
4949   1979   1     380   GND       
2456   2105   1     381   GND       
2456   2085   546   381   PCH_CLK24M_XTALOUT_R
2390   2105   1     382   GND       
2390   2085   503   382   PCH_CLK24M_XTALIN
4859   2144   882   383   PP1V2_CAM_XTALPCIEVDD
4859   2164   1     383   GND       
4843   1951   1109  384   PP3V3_TBTLC
4843   1931   1     384   GND       
3700   2169   987   385   PP3V3_S5  
3700   2188   1     385   GND       
3198   1884   866   386   PP3V42_G3H
3198   1864   1     386   GND       
1496   889    135   387   PP1V2_S3  
1477   889    1     387   GND       
3351   1394   987   388   PP3V3_S5  
3370   1394   1     388   GND       
7424   1350   1109  389   PP3V3_TBTLC
7424   1381   1     389   GND       
6829   1415   580   390   PP3V3_S0  
6848   1415   1     390   GND       
3504   858    106   391   PP3V3_S3_VREFMRGN_DAC
3504   889    1     391   GND       
3509   785    106   392   PP3V3_S3_VREFMRGN_DAC
3509   804    1     392   GND       
3504   712    106   393   PP3V3_S3_VREFMRGN_DAC
3485   712    1     393   GND       
3280   897    1103  394   PP3V3_S3  
3260   897    1     394   GND       
3571   1351   650   395   CPU_MEM_VREFDQ_A_ISOL
3571   1370   641   395   MEM_VREFDQ_A_RC
3762   1371   666   396   VREFMRGN_DQ_A_EN_RC
3762   1391   1     396   GND       
3195   1040   90    397   CPU_MEM_VREFDQ_B_ISOL
3195   1020   581   397   MEM_VREFDQ_B_RC
3364   1089   592   398   VREFMRGN_DQ_B_EN_RC
3383   1089   1     398   GND       
3289   1049   651   399   CPU_MEM_VREFCA_A_ISOL
3289   1069   583   399   MEM_VREFCA_A_RC
3332   990    649   400   VREFMRGN_CA_A_EN_RC
3332   971    1     400   GND       
3218   930    88    401   CPU_MEM_VREFCA_B_ISOL
3218   911    79    401   MEM_VREFCA_B_RC
3468   986    608   402   VREFMRGN_CA_B_EN_RC
3488   986    1     402   GND       
1133   594    135   403   PP1V2_S3  
1113   594    1     403   GND       
3271   625    135   404   PP1V2_S3  
3290   625    1     404   GND       
1125   642    135   405   PP1V2_S3  
1125   673    1     405   GND       
1828   816    135   406   PP1V2_S3  
1859   816    1     406   GND       
2222   651    135   407   PP1V2_S3  
2222   682    1     407   GND       
2176   651    135   408   PP1V2_S3  
2176   682    1     408   GND       
2747   716    135   409   PP1V2_S3  
2747   771    1     409   GND       
3230   754    135   410   PP1V2_S3  
3230   809    1     410   GND       
1426   114    135   411   PP1V2_S3  
1426   84     1     411   GND       
1915   120    135   412   PP1V2_S3  
1915   89     1     412   GND       
2196   174    135   413   PP1V2_S3  
2196   119    1     413   GND       
1666   441    135   414   PP1V2_S3  
1666   472    1     414   GND       
1629   441    135   415   PP1V2_S3  
1629   472    1     415   GND       
1125   443    135   416   PP1V2_S3  
1125   473    1     416   GND       
3280   494    135   417   PP1V2_S3  
3280   549    1     417   GND       
1652   507    135   418   PP1V2_S3  
1652   562    1     418   GND       
1667   383    565   419   PP1V8_S3  
1667   414    1     419   GND       
1629   383    565   420   PP1V8_S3  
1629   414    1     420   GND       
1647   314    565   421   PP1V8_S3  
1647   259    1     421   GND       
2192   313    565   422   PP1V8_S3  
2192   258    1     422   GND       
1108   355    45    423   PP0V6_S3_MEM_VREFCA_A
1127   355    1     423   GND       
1132   616    46    424   PP0V6_S3_MEM_VREFDQ_A
1113   616    1     424   GND       
1622   594    135   425   PP1V2_S3  
1641   594    1     425   GND       
1681   594    135   426   PP1V2_S3  
1661   594    1     426   GND       
1673   651    135   427   PP1V2_S3  
1673   682    1     427   GND       
2769   652    135   428   PP1V2_S3  
2769   683    1     428   GND       
1627   651    135   429   PP1V2_S3  
1627   682    1     429   GND       
2723   652    135   430   PP1V2_S3  
2723   683    1     430   GND       
2200   715    135   431   PP1V2_S3  
2200   770    1     431   GND       
1242   114    135   432   PP1V2_S3  
1242   84     1     432   GND       
2350   119    135   433   PP1V2_S3  
2350   88     1     433   GND       
1634   179    135   434   PP1V2_S3  
1634   124    1     434   GND       
2177   441    135   435   PP1V2_S3  
2177   472    1     435   GND       
2725   441    135   436   PP1V2_S3  
2725   472    1     436   GND       
2214   441    135   437   PP1V2_S3  
2214   472    1     437   GND       
2200   507    135   438   PP1V2_S3  
2200   562    1     438   GND       
2177   383    565   439   PP1V8_S3  
2177   414    1     439   GND       
2215   383    565   440   PP1V8_S3  
2215   414    1     440   GND       
3281   350    565   441   PP1V8_S3  
3281   295    1     441   GND       
1637   347    45    442   PP0V6_S3_MEM_VREFCA_A
1657   347    1     442   GND       
1663   615    46    443   PP0V6_S3_MEM_VREFDQ_A
1643   615    1     443   GND       
2229   594    135   444   PP1V2_S3  
2209   594    1     444   GND       
2170   594    135   445   PP1V2_S3  
2189   594    1     445   GND       
1477   816    135   446   PP1V2_S3  
1446   816    1     446   GND       
1239   797    135   447   PP1V2_S3  
1269   797    1     447   GND       
3277   658    135   448   PP1V2_S3  
3277   689    1     448   GND       
2920   815    135   449   PP1V2_S3  
2890   815    1     449   GND       
1651   715    135   450   PP1V2_S3  
1651   770    1     450   GND       
2071   120    135   451   PP1V2_S3  
2071   89     1     451   GND       
2543   120    135   452   PP1V2_S3  
2543   89     1     452   GND       
2747   173    135   453   PP1V2_S3  
2747   118    1     453   GND       
1398   797    135   454   PP1V2_S3  
1367   797    1     454   GND       
2762   441    135   455   PP1V2_S3  
2762   472    1     455   GND       
3273   427    135   456   PP1V2_S3  
3273   458    1     456   GND       
2748   507    135   457   PP1V2_S3  
2748   562    1     457   GND       
2725   383    565   458   PP1V8_S3  
2725   414    1     458   GND       
2763   383    565   459   PP1V8_S3  
2763   414    1     459   GND       
2743   313    565   460   PP1V8_S3  
2743   258    1     460   GND       
2736   348    74    461   PP0V6_S3_MEM_VREFCA_B
2755   348    1     461   GND       
2759   615    75    462   PP0V6_S3_MEM_VREFDQ_B
2740   615    1     462   GND       
2777   594    135   463   PP1V2_S3  
2757   594    1     463   GND       
2718   594    135   464   PP1V2_S3  
2737   594    1     464   GND       
3183   798    135   465   PP1V2_S3  
3152   798    1     465   GND       
2320   816    135   466   PP1V2_S3  
2351   816    1     466   GND       
2734   815    135   467   PP1V2_S3  
2765   815    1     467   GND       
2071   816    135   468   PP1V2_S3  
2040   816    1     468   GND       
1119   706    135   469   PP1V2_S3  
1119   761    1     469   GND       
3000   120    135   470   PP1V2_S3  
3000   89     1     470   GND       
3188   120    135   471   PP1V2_S3  
3188   89     1     471   GND       
2705   816    135   472   PP1V2_S3  
2674   816    1     472   GND       
1994   816    135   473   PP1V2_S3  
1963   816    1     473   GND       
3104   798    135   474   PP1V2_S3  
3073   798    1     474   GND       
1119   507    135   475   PP1V2_S3  
1119   562    1     475   GND       
1091   442    565   476   PP1V8_S3  
1091   473    1     476   GND       
3308   427    565   477   PP1V8_S3  
3308   457    1     477   GND       
1119   321    565   478   PP1V8_S3  
1119   266    1     478   GND       
3273   399    74    479   PP0V6_S3_MEM_VREFCA_B
3293   399    1     479   GND       
3292   594    75    480   PP0V6_S3_MEM_VREFDQ_B
3272   594    1     480   GND       
1631   62     741   481   PP0V6_S0_DDRVTT
1631   82     1     481   GND       
2756   62     741   482   PP0V6_S0_DDRVTT
2756   82     1     482   GND       
3154   62     741   483   PP0V6_S0_DDRVTT
3154   82     1     483   GND       
2225   62     741   484   PP0V6_S0_DDRVTT
2225   82     1     484   GND       
2202   62     741   485   PP0V6_S0_DDRVTT
2202   82     1     485   GND       
2248   62     741   486   PP0V6_S0_DDRVTT
2248   82     1     486   GND       
3296   62     741   487   PP0V6_S0_DDRVTT
3296   82     1     487   GND       
2642   62     741   488   PP0V6_S0_DDRVTT
2642   82     1     488   GND       
1839   62     741   489   PP0V6_S0_DDRVTT
1839   82     1     489   GND       
1740   62     741   490   PP0V6_S0_DDRVTT
1740   82     1     490   GND       
2968   67     741   491   PP0V6_S0_DDRVTT
2968   87     1     491   GND       
3317   62     741   492   PP0V6_S0_DDRVTT
3317   82     1     492   GND       
1531   62     741   493   PP0V6_S0_DDRVTT
1531   82     1     493   GND       
2403   62     741   494   PP0V6_S0_DDRVTT
2403   82     1     494   GND       
2179   62     741   495   PP0V6_S0_DDRVTT
2179   82     1     495   GND       
1394   62     741   496   PP0V6_S0_DDRVTT
1394   82     1     496   GND       
2514   62     741   497   PP0V6_S0_DDRVTT
2514   82     1     497   GND       
2041   62     741   498   PP0V6_S0_DDRVTT
2041   82     1     498   GND       
2869   67     741   499   PP0V6_S0_DDRVTT
2869   87     1     499   GND       
1140   61     741   500   PP0V6_S0_DDRVTT
1140   81     1     500   GND       
1102   57     741   501   PP0V6_S0_DDRVTT
1102   112    1     501   GND       
3354   57     741   502   PP0V6_S0_DDRVTT
3354   112    1     502   GND       
7838   1540   -99   503   PCIE_TBT_R2D_C_P<0>
7838   1521   -99   503   PCIE_TBT_R2D_P<0>
7861   1540   -99   504   PCIE_TBT_R2D_C_N<0>
7861   1521   -99   504   PCIE_TBT_R2D_N<0>
7930   1540   -99   505   PCIE_TBT_R2D_C_P<1>
7930   1521   -99   505   PCIE_TBT_R2D_P<1>
7952   1540   -99   506   PCIE_TBT_R2D_C_N<1>
7952   1521   -99   506   PCIE_TBT_R2D_N<1>
8021   1540   -99   507   PCIE_TBT_R2D_C_P<2>
8021   1521   -99   507   PCIE_TBT_R2D_P<2>
8044   1540   -99   508   PCIE_TBT_R2D_C_N<2>
8044   1521   -99   508   PCIE_TBT_R2D_N<2>
8112   1540   -99   509   PCIE_TBT_R2D_C_P<3>
8112   1521   -99   509   PCIE_TBT_R2D_P<3>
8135   1540   -99   510   PCIE_TBT_R2D_C_N<3>
8135   1521   -99   510   PCIE_TBT_R2D_N<3>
8098   1109   1092  511   DP_TBTSNK0_ML_C_P<0>
8084   1123   1093  511   DP_TBTSNK0_ML_P<0>
8082   1095   1091  512   DP_TBTSNK0_ML_C_N<0>
8068   1109   1094  512   DP_TBTSNK0_ML_N<0>
8069   1055   -99   513   DP_TBTSNK0_ML_C_P<1>
8069   1075   -99   513   DP_TBTSNK0_ML_P<1>
8046   1055   -99   514   DP_TBTSNK0_ML_C_N<1>
8046   1075   -99   514   DP_TBTSNK0_ML_N<1>
8024   1106   -99   515   DP_TBTSNK0_ML_C_P<2>
8010   1120   -99   515   DP_TBTSNK0_ML_P<2>
8008   1090   -99   516   DP_TBTSNK0_ML_C_N<2>
7994   1104   -99   516   DP_TBTSNK0_ML_N<2>
7993   1053   -99   517   DP_TBTSNK0_ML_C_P<3>
7993   1072   -99   517   DP_TBTSNK0_ML_P<3>
7970   1053   -99   518   DP_TBTSNK0_ML_C_N<3>
7970   1072   -99   518   DP_TBTSNK0_ML_N<3>
7681   1164   -99   519   DP_TBTSNK0_AUXCH_C_P
7700   1164   -99   519   DP_TBTSNK0_AUXCH_P
7681   1142   -99   520   DP_TBTSNK0_AUXCH_C_N
7700   1142   -99   520   DP_TBTSNK0_AUXCH_N
7948   1106   -99   521   DP_TBTSNK1_ML_C_P<0>
7934   1120   -99   521   DP_TBTSNK1_ML_P<0>
7932   1090   -99   522   DP_TBTSNK1_ML_C_N<0>
7918   1104   -99   522   DP_TBTSNK1_ML_N<0>
7916   1052   -99   523   DP_TBTSNK1_ML_C_P<1>
7916   1072   -99   523   DP_TBTSNK1_ML_P<1>
7893   1052   1075  524   DP_TBTSNK1_ML_C_N<1>
7893   1072   -99   524   DP_TBTSNK1_ML_N<1>
7874   1106   -99   525   DP_TBTSNK1_ML_C_P<2>
7860   1120   -99   525   DP_TBTSNK1_ML_P<2>
7858   1090   -99   526   DP_TBTSNK1_ML_C_N<2>
7844   1104   -99   526   DP_TBTSNK1_ML_N<2>
7845   1049   1074  527   DP_TBTSNK1_ML_C_P<3>
7845   1069   -99   527   DP_TBTSNK1_ML_P<3>
7823   1051   -99   528   DP_TBTSNK1_ML_C_N<3>
7823   1071   -99   528   DP_TBTSNK1_ML_N<3>
7681   1207   589   529   DP_TBTSNK1_AUXCH_C_P
7700   1207   -99   529   DP_TBTSNK1_AUXCH_P
7681   1185   577   530   DP_TBTSNK1_AUXCH_C_N
7700   1185   -99   530   DP_TBTSNK1_AUXCH_N
7793   1521   -99   531   PCIE_TBT_D2R_C_P<0>
7793   1540   -99   531   PCIE_TBT_D2R_P<0>
7815   1521   -99   532   PCIE_TBT_D2R_C_N<0>
7815   1540   -99   532   PCIE_TBT_D2R_N<0>
7884   1521   -99   533   PCIE_TBT_D2R_C_P<1>
7884   1540   -99   533   PCIE_TBT_D2R_P<1>
7907   1521   -99   534   PCIE_TBT_D2R_C_N<1>
7907   1540   -99   534   PCIE_TBT_D2R_N<1>
7975   1521   -99   535   PCIE_TBT_D2R_C_P<2>
7975   1540   -99   535   PCIE_TBT_D2R_P<2>
7998   1521   -99   536   PCIE_TBT_D2R_C_N<2>
7998   1540   -99   536   PCIE_TBT_D2R_N<2>
8067   1521   -99   537   PCIE_TBT_D2R_C_P<3>
8067   1540   -99   537   PCIE_TBT_D2R_P<3>
8089   1521   -99   538   PCIE_TBT_D2R_C_N<3>
8089   1540   -99   538   PCIE_TBT_D2R_N<3>
7591   1020   1109  539   PP3V3_TBTLC
7591   1051   1     539   GND       
7972   1382   1122  540   PP1V05_TBTRDV
7958   1396   1     540   GND       
7974   1157   1122  541   PP1V05_TBTRDV
7988   1143   1     541   GND       
8084   1289   1122  542   PP1V05_TBTRDV
8103   1289   1     542   GND       
8084   1214   1122  543   PP1V05_TBTRDV
8103   1214   1     543   GND       
8076   1161   1122  544   PP1V05_TBTRDV
8062   1147   1     544   GND       
7972   1198   1122  545   PP1V05_TBTRDV
7958   1212   1     545   GND       
7862   1379   1122  546   PP1V05_TBTRDV
7848   1393   1     546   GND       
7994   1249   1072  547   PP1V05_TBT
7980   1263   1     547   GND       
7972   1232   1072  548   PP1V05_TBT
7958   1246   1     548   GND       
8023   1287   1072  549   PP1V05_TBT
8001   1308   1     549   GND       
7680   995    1072  550   PP1V05_TBT
7680   1025   1     550   GND       
7757   994    1072  551   PP1V05_TBT
7757   1024   1     551   GND       
7719   994    1072  552   PP1V05_TBT
7719   1024   1     552   GND       
7898   1382   1107  553   PP1V05_TBTCIO
7884   1396   1     553   GND       
7897   1307   1107  554   PP1V05_TBTCIO
7883   1321   1     554   GND       
7898   1233   1107  555   PP1V05_TBTCIO
7884   1247   1     555   GND       
7730   1614   1072  556   PP1V05_TBT
7749   1614   1     556   GND       
7793   1083   898   557   PP3V3_S4  
7793   1052   1     557   GND       
7677   1084   898   558   PP3V3_S4  
7677   1115   1     558   GND       
7716   1084   898   559   PP3V3_S4  
7716   1053   1     559   GND       
7755   1083   898   560   PP3V3_S4  
7755   1052   1     560   GND       
7601   1122   228   561   PP3V3_S4_TBT_F
7581   1122   1     561   GND       
7601   1145   228   562   PP3V3_S4_TBT_F
7581   1145   1     562   GND       
7623   1479   1109  563   PP3V3_TBTLC
7609   1492   1     563   GND       
7936   1162   1095  564   PP3V3_TBTRDV
7950   1148   1     564   GND       
8031   1175   1095  565   PP3V3_TBTRDV
8017   1189   1     565   GND       
7412   1060   898   566   PP3V3_S4  
7443   1060   1     566   GND       
7382   1060   -99   567   TBTPOCRST_CT
7351   1060   1     567   GND       
7429   1153   -99   568   TBTPOCRST_MR_L
7448   1153   1     568   GND       
6892   861    952   569   PPBUS_G3H 
6861   861    197   569   TBTBST_PWREN_DIV_L
7196   1071   1034  570   TBTBST_INTVCC
7166   1071   198   570   GND_TBTBST_SGND
7186   1138   1034  571   TBTBST_INTVCC
7155   1138   198   571   GND_TBTBST_SGND
7456   1503   1112  572   PP15V_TBT 
7401   1503   1     572   GND       
7456   1607   1112  573   PP15V_TBT 
7401   1607   1     573   GND       
7206   925    217   574   TBTBST_VC 
7206   905    198   574   GND_TBTBST_SGND
7170   981    1031  575   TBTBST_VSNS_RC
7140   981    216   575   TBTBST_FBX
6926   1059   199   576   TBTBST_SNS2
6926   1028   198   576   GND_TBTBST_SGND
7249   1079   1058  577   PPVIN_S4SW_TBTBST_FET
7249   1134   1     577   GND       
7249   1079   1058  578   PPVIN_S4SW_TBTBST_FET
7249   1134   1     578   GND       
7185   1104   1034  579   TBTBST_INTVCC
7155   1104   198   579   GND_TBTBST_SGND
7228   925    221   580   TBTBST_VC_RC
7228   905    198   580   GND_TBTBST_SGND
7106   915    209   581   TBTBST_SS 
7106   885    198   581   GND_TBTBST_SGND
7456   1607   1112  582   PP15V_TBT 
7401   1607   1     582   GND       
7456   1554   1112  583   PP15V_TBT 
7401   1554   1     583   GND       
7456   1452   1112  584   PP15V_TBT 
7401   1452   1     584   GND       
7456   1503   1112  585   PP15V_TBT 
7401   1503   1     585   GND       
7447   1398   1112  586   PP15V_TBT 
7416   1398   1     586   GND       
7456   1554   1112  587   PP15V_TBT 
7401   1554   1     587   GND       
7456   1452   1112  588   PP15V_TBT 
7401   1452   1     588   GND       
8925   1882   1187  589   PP3V3RHV_S4_TBTAPWR
8895   1882   1     589   GND       
8991   1964   1189  590   TBTACONN_20_RC
8960   1964   1     590   GND       
8945   1814   1186  591   TBT_A_HPD 
8945   1794   1     591   GND       
8989   2057   1190  592   TBTACONN_1_C
8989   2037   1     592   GND       
9010   2037   1191  593   TBTACONN_7_C
9010   2057   1     593   GND       
7448   1789   1112  594   PP15V_TBT 
7417   1789   1     594   GND       
7696   1948   1187  595   PP3V3RHV_S4_TBTAPWR
7696   1978   1     595   GND       
7457   1746   1112  596   PP15V_TBT 
7402   1746   1     596   GND       
8246   1639   1118  597   PP3V3_S4_TBTAPWR
8226   1639   1     597   GND       
8314   1446   1146  598   DP_TBTPA_AUXCH_C_N
8314   1465   1148  598   DP_TBTPA_AUXCH_N
8335   1446   1145  599   DP_TBTPA_AUXCH_C_P
8335   1466   1149  599   DP_TBTPA_AUXCH_P
8392   1446   -99   600   DP_TBTPA_ML_C_P<1>
8392   1466   -99   600   DP_TBTPA_ML_P<1>
8371   1446   1090  601   DP_TBTPA_ML_C_N<1>
8371   1466   -99   601   DP_TBTPA_ML_N<1>
8822   2101   309   602   TBT_A_R2D_P<0>
8802   2101   -99   602   TBT_A_R2D_C_P<0>
8823   2077   308   603   TBT_A_R2D_N<0>
8803   2077   -99   603   TBT_A_R2D_C_N<0>
8821   1988   303   604   TBT_A_R2D_P<1>
8802   1988   -99   604   TBT_A_R2D_C_P<1>
8821   2016   302   605   TBT_A_R2D_N<1>
8802   2016   -99   605   TBT_A_R2D_C_N<1>
8205   1150   -99   606   TBT_A_D2R_P<0>
8224   1150   311   606   TBT_A_D2R_C_P<0>
8205   1129   -99   607   TBT_A_D2R_N<0>
8224   1129   310   607   TBT_A_D2R_C_N<0>
8205   1229   -99   608   TBT_A_D2R_P<1>
8224   1229   -99   608   TBT_A_D2R_C_P<1>
8205   1208   -99   609   TBT_A_D2R_N<1>
8225   1208   -99   609   TBT_A_D2R_C_N<1>
8047   1008   -99   610   DP_TBTPA_ML_C_P<3>
8047   988    307   610   DP_TBTPA_ML_P<3>
8068   1008   -99   611   DP_TBTPA_ML_C_N<3>
8068   988    306   611   DP_TBTPA_ML_N<3>
7457   2007   987   612   PP3V3_S5  
7402   2007   1     612   GND       
7457   2045   987   613   PP3V3_S5  
7437   2045   1     613   GND       
7636   2031   1118  614   PP3V3_S4_TBTAPWR
7656   2031   1     614   GND       
7629   2061   1118  615   PP3V3_S4_TBTAPWR
7660   2061   1     615   GND       
7482   2038   987   616   PP3V3_S5  
7482   1931   1     616   GND       
8706   2078   1182  617   TBT_A_CONFIG1_RC
8686   2078   1     617   GND       
8706   2014   1132  618   TBT_A_CONFIG2_RC
8686   2014   1     618   GND       
6696   1961   898   619   PP3V3_S4  
6677   1961   1     619   GND       
7043   1436   1036  620   PP3V3_WLAN
7043   1456   1     620   GND       
7014   1561   1038  621   PCIE_AP_R2D_P
6995   1561   -99   621   PCIE_AP_R2D_C_P
7014   1540   1048  622   PCIE_AP_R2D_N
6995   1540   -99   622   PCIE_AP_R2D_C_N
7106   2029   898   623   PP3V3_S4  
7106   2048   1     623   GND       
6991   1797   987   624   PP3V3_S5  
6971   1797   1     624   GND       
7069   1049   987   625   PP3V3_S5  
7089   1049   1     625   GND       
7508   1873   987   626   PP3V3_S5  
7528   1873   1     626   GND       
4285   900    685   627   PP3V3_S0SW_SSD
4285   880    1     627   GND       
4234   901    636   628   PP3V3_S0SW_SSD_FLT
4234   881    1     628   GND       
4437   365    721   629   PCIE_SSD_R2D_C_N<3>
4417   365    709   629   PCIE_SSD_R2D_N<3>
4437   390    722   630   PCIE_SSD_R2D_C_P<3>
4417   390    710   630   PCIE_SSD_R2D_P<3>
4481   441    -99   631   PCIE_SSD_R2D_C_N<2>
4461   441    711   631   PCIE_SSD_R2D_N<2>
4481   466    -99   632   PCIE_SSD_R2D_C_P<2>
4461   466    712   632   PCIE_SSD_R2D_P<2>
4438   609    -99   633   PCIE_SSD_R2D_C_N<1>
4419   609    713   633   PCIE_SSD_R2D_N<1>
4438   632    -99   634   PCIE_SSD_R2D_C_P<1>
4419   632    714   634   PCIE_SSD_R2D_P<1>
4480   681    -99   635   PCIE_SSD_R2D_C_N<0>
4460   681    715   635   PCIE_SSD_R2D_N<0>
4480   708    -99   636   PCIE_SSD_R2D_C_P<0>
4460   708    716   636   PCIE_SSD_R2D_P<0>
6488   2090   685   637   PP3V3_S0SW_SSD
6488   2070   1     637   GND       
4466   278    580   638   PP3V3_S0  
4466   298    1     638   GND       
4763   513    866   639   PP3V42_G3H
4744   513    1     639   GND       
3919   640    122   640   PP1V35_DDR_CLK
3938   640    1     640   GND       
3593   350    83    641   PP1V8_CAM 
3574   350    1     641   GND       
3701   99     604   642   PP1V35_CAM
3701   130    605   642   GND_CAM_PVSSD
3737   99     604   643   PP1V35_CAM
3737   130    605   643   GND_CAM_PVSSD
3508   256    513   644   PP1V2_CAM 
3508   225    512   644   GND_CAM_PVSSC
3548   256    513   645   PP1V2_CAM 
3548   225    512   645   GND_CAM_PVSSC
3593   429    83    646   PP1V8_CAM 
3573   429    1     646   GND       
3861   170    83    647   PP1V8_CAM 
3841   170    1     647   GND       
3804   632    83    648   PP1V8_CAM 
3804   652    1     648   GND       
3963   175    83    649   PP1V8_CAM 
3963   156    1     649   GND       
4061   567    604   650   PP1V35_CAM
4081   567    1     650   GND       
4061   603    604   651   PP1V35_CAM
4081   603    1     651   GND       
3593   571    604   652   PP1V35_CAM
3573   571    1     652   GND       
3593   607    604   653   PP1V35_CAM
3573   607    1     653   GND       
3776   166    134   654   PP3V3_S3RS0_CAMERA
3745   166    605   654   GND_CAM_PVSSD
3593   524    84    655   PP0V675_CAM_VREF
3573   524    1     655   GND       
3590   194    134   656   PP3V3_S3RS0_CAMERA
3590   224    512   656   GND_CAM_PVSSC
4079   479    635   657   PP1V2_CAM_PCIE_VDD_FLT
4079   498    1     657   GND       
4113   499    635   658   PP1V2_CAM_PCIE_VDD_FLT
4113   530    1     658   GND       
4079   455    634   659   PP1V2_CAM_PCIE_PVDD_FLT
4079   435    1     659   GND       
4113   465    634   660   PP1V2_CAM_PCIE_PVDD_FLT
4113   434    1     660   GND       
3802   170    134   661   PP3V3_S3RS0_CAMERA
3821   170    1     661   GND       
3678   172    134   662   PP3V3_S3RS0_CAMERA
3678   152    1     662   GND       
3699   170    134   663   PP3V3_S3RS0_CAMERA
3719   170    1     663   GND       
4061   520    134   664   PP3V3_S3RS0_CAMERA
4081   520    1     664   GND       
3802   146    134   665   PP3V3_S3RS0_CAMERA
3821   146    1     665   GND       
3851   130    83    666   PP1V8_CAM 
3851   99     1     666   GND       
3802   122    134   667   PP3V3_S3RS0_CAMERA
3821   122    1     667   GND       
3890   169    882   668   PP1V2_CAM_XTALPCIEVDD
3890   138    1     668   GND       
3647   169    134   669   PP3V3_S3RS0_CAMERA
3647   138    1     669   GND       
4061   544    83    670   PP1V8_CAM 
4081   544    1     670   GND       
4054   205    882   671   PP1V2_CAM_XTALPCIEVDD
4073   205    1     671   GND       
3551   290    513   672   PP1V2_CAM 
3551   310    1     672   GND       
3593   496    513   673   PP1V2_CAM 
3573   496    1     673   GND       
3572   290    513   674   PP1V2_CAM 
3572   310    1     674   GND       
3529   290    513   675   PP1V2_CAM 
3529   310    1     675   GND       
3594   290    513   676   PP1V2_CAM 
3594   310    1     676   GND       
3593   473    513   677   PP1V2_CAM 
3573   473    1     677   GND       
3939   140    616   678   CAM_DEBUG_RESET_L
3939   160    1     678   GND       
3888   1162   604   679   PP1V35_CAM
3888   1193   1     679   GND       
3709   1165   604   680   PP1V35_CAM
3709   1195   1     680   GND       
3951   707    604   681   PP1V35_CAM
3951   687    1     681   GND       
3923   1162   604   682   PP1V35_CAM
3923   1182   1     682   GND       
3675   706    604   683   PP1V35_CAM
3675   675    1     683   GND       
3642   1165   604   684   PP1V35_CAM
3642   1184   1     684   GND       
4014   704    604   685   PP1V35_CAM
4014   674    1     685   GND       
3639   708    604   686   PP1V35_CAM
3639   688    1     686   GND       
3825   706    125   687   PP0V675_MEM_CAM_VREFCA
3825   686    1     687   GND       
3857   1167   127   688   PP0V675_MEM_CAM_VREFDQ
3857   1186   1     688   GND       
626    518    353   689   PP5V_S3RS0_ALSCAM_F
657    518    1     689   GND       
4185   266    1     690   GND       
4185   246    629   690   CLK25M_CAM_XTALN
4103   97     1     691   GND       
4103   116    627   691   CLK25M_CAM_XTALP
4101   299    623   692   CLK25M_CAM_CLKN
4121   299    1     692   GND       
4109   378    625   693   PCIE_CAMERA_D2R_C_N
4128   378    -99   693   PCIE_CAMERA_D2R_N
4109   351    624   694   PCIE_CAMERA_D2R_C_P
4128   351    -99   694   PCIE_CAMERA_D2R_P
4207   398    -99   695   PCIE_CAMERA_R2D_C_N
4187   398    632   695   PCIE_CAMERA_R2D_N
4207   425    -99   696   PCIE_CAMERA_R2D_C_P
4187   425    633   696   PCIE_CAMERA_R2D_P
4207   327    -99   697   PCIE_CLK100M_CAMERA_P
4187   327    631   697   PCIE_CLK100M_CAMERA_C_P
4207   299    -99   698   PCIE_CLK100M_CAMERA_N
4187   299    630   698   PCIE_CLK100M_CAMERA_C_N
8385   550    1103  699   PP3V3_S3  
8366   550    1     699   GND       
8517   596    898   700   PP3V3_S4  
8517   576    1     700   GND       
8708   596    270   701   SDCONN_CLK_R1
8677   596    1     701   GND       
8648   679    271   702   SDCONN_CLK_L
8679   679    1     702   GND       
8687   775    272   703   SDCONN_CMD_R
8656   775    1     703   GND       
8597   512    258   704   SDCONN_R_DATA<0>
8567   512    1     704   GND       
8595   455    268   705   SDCONN_R_DATA<1>
8564   455    1     705   GND       
8687   928    274   706   SDCONN_R_DATA<2>
8656   928    1     706   GND       
8686   867    273   707   SDCONN_R_DATA<3>
8655   867    1     707   GND       
8140   691    242   708   USB3_SD_R2D_C_N
8160   691    -99   708   USB3_SD_R2D_N
8140   718    236   709   USB3_SD_R2D_C_P
8160   718    254   709   USB3_SD_R2D_P
8160   611    -99   710   USB3_SD_D2R_C_N
8140   611    1085  710   USB3_SD_D2R_N
8160   638    -99   711   USB3_SD_D2R_C_P
8140   638    1086  711   USB3_SD_D2R_P
8581   637    241   712   PP3V3_S0SW_SD
8601   637    1     712   GND       
8367   580    238   713   PP1V2_S3_SD_DVDD12
8367   560    1     713   GND       
8477   841    238   714   PP1V2_S3_SD_DVDD12
8477   861    1     714   GND       
8462   548    241   715   PP3V3_S0SW_SD
8493   548    1     715   GND       
8520   835    241   716   PP3V3_S0SW_SD
8520   855    1     716   GND       
8225   581    240   717   PP1V2_S0_SD_AVDD12
8225   561    1     717   GND       
8234   684    240   718   PP1V2_S0_SD_AVDD12
8214   684    1     718   GND       
8234   662    240   719   PP1V2_S0_SD_AVDD12
8214   662    1     719   GND       
8341   580    255   720   PP3V3_S0_SD_AVDD33
8341   560    1     720   GND       
8243   776    255   721   PP3V3_S0_SD_AVDD33
8223   776    1     721   GND       
8248   811    255   722   PP3V3_S0_SD_AVDD33
8217   811    1     722   GND       
8581   680    260   723   PP1V2_S0_SD_VUHS1
8601   680    1     723   GND       
8581   659    260   724   PP1V2_S0_SD_VUHS1
8601   659    1     724   GND       
8581   702    260   725   PP1V2_S0_SD_VUHS1
8601   702    1     725   GND       
8398   586    251   726   PP3V3_S0_SD_CONN
8398   556    1     726   GND       
8040   735    987   727   PP3V3_S5  
8040   715    1     727   GND       
8128   704    243   728   P3V3_SD_FET_RAMP
8128   684    1     728   GND       
8372   505    -99   729   SD_RESET_R_L
8372   485    1     729   GND       
8333   924    1131  730   SDCLK_CLK25M_X2
8333   944    1     730   GND       
8266   813    1     731   GND       
8286   813    1102  731   SDSCLK_CLK25M_X1
8204   499    241   732   PP3V3_S0SW_SD
8204   480    1     732   GND       
8502   1299   277   733   PP5V_S3_RTUSB_A_ILIM
8483   1299   1     733   GND       
8918   1424   -99   734   USB3_EXTA_R2D_C_N
8938   1424   297   734   USB3_EXTA_R2D_N
8918   1403   -99   735   USB3_EXTA_R2D_C_P
8937   1403   296   735   USB3_EXTA_R2D_P
8872   1472   866   736   PP3V42_G3H
8891   1472   1     736   GND       
8607   1059   654   737   PP5V_S4RS3
8638   1059   1     737   GND       
8624   1091   654   738   PP5V_S4RS3
8644   1091   1     738   GND       
8528   1331   277   739   PP5V_S3_RTUSB_A_ILIM
8497   1331   1     739   GND       
8534   1024   654   740   PP5V_S4RS3
8428   1024   1     740   GND       
5831   385    891   741   PP3V3_S4_IPD
5831   405    1     741   GND       
5782   362    892   742   PP5V_S5   
5782   382    1     742   GND       
5606   237    866   743   PP3V42_G3H
5606   217    1     743   GND       
5706   237    993   744   SMBUS_SMC_3_SDA
5706   217    1     744   GND       
5681   237    889   745   SMBUS_SMC_3_SCL
5681   217    1     745   GND       
5656   237    973   746   SMC_ONOFF_L
5656   217    1     746   GND       
5631   237    974   747   SMC_LID   
5631   217    1     747   GND       
5581   237    818   748   SMC_LSOC_RST_L
5581   217    1     748   GND       
5942   294    898   749   PP3V3_S4  
5942   274    1     749   GND       
5915   1904   947   750   PP3V3_S5_SMC_VDDA
5935   1904   914   750   GND_SMC_AVSS
6399   1996   866   751   PP3V42_G3H
6399   2016   1     751   GND       
6487   1661   866   752   PP3V42_G3H
6507   1661   1     752   GND       
6270   1429   866   753   PP3V42_G3H
6270   1410   1     753   GND       
6290   1429   866   754   PP3V42_G3H
6290   1410   1     754   GND       
6311   1429   866   755   PP3V42_G3H
6311   1410   1     755   GND       
6424   1996   866   756   PP3V42_G3H
6424   2016   1     756   GND       
6449   1996   866   757   PP3V42_G3H
6449   2016   1     757   GND       
6487   1640   866   758   PP3V42_G3H
6507   1640   1     758   GND       
6349   1996   999   759   PP1V2_S5_SMC_VDDC
6349   2016   1     759   GND       
5889   1629   999   760   PP1V2_S5_SMC_VDDC
5870   1629   1     760   GND       
6227   1429   999   761   PP1V2_S5_SMC_VDDC
6227   1409   1     761   GND       
5889   1608   999   762   PP1V2_S5_SMC_VDDC
5870   1608   1     762   GND       
6248   1429   999   763   PP1V2_S5_SMC_VDDC
6248   1409   1     763   GND       
6488   1598   999   764   PP1V2_S5_SMC_VDDC
6507   1598   1     764   GND       
6488   1619   999   765   PP1V2_S5_SMC_VDDC
6507   1619   1     765   GND       
6374   1996   999   766   PP1V2_S5_SMC_VDDC
6374   2016   1     766   GND       
5935   1862   915   767   PP3V3_S5_AVREF_SMC
5935   1882   914   767   GND_SMC_AVSS
5935   1792   915   768   PP3V3_S5_AVREF_SMC
5935   1772   914   768   GND_SMC_AVSS
6575   2185   194   769   SMC_MANUAL_RST_L
6595   2185   914   769   GND_SMC_AVSS
6490   1735   1016  770   SMC_EXTAL 
6490   1715   1     770   GND       
6492   1799   1003  771   SMC_XTAL_R
6492   1818   1     771   GND       
6684   2244   866   772   PP3V42_G3H
6684   2274   914   772   GND_SMC_AVSS
5808   1831   915   773   PP3V3_S5_AVREF_SMC
5777   1831   914   773   GND_SMC_AVSS
6338   2263   915   774   PP3V3_S5_AVREF_SMC
6319   2263   914   774   GND_SMC_AVSS
6615   2273   203   775   PP3V42_G3H_SMC_SPVSR
6615   2304   914   775   GND_SMC_AVSS
5939   1310   337   776   CPU_PROCHOT_L
5920   1310   1     776   GND       
5780   2176   918   777   CPU_PECI_R
5800   2176   1     777   GND       
4458   1245   730   778   PP3V3_S4SW_SNS
4458   1265   1     778   GND       
5754   1656   911   779   SMC_BMON_ISENSE
5734   1656   914   779   GND_SMC_AVSS
6004   2162   967   780   SMC_CAMERA_ISENSE
6004   2181   914   780   GND_SMC_AVSS
5480   1151   730   781   PP3V3_S4SW_SNS
5460   1151   1     781   GND       
5753   1690   912   782   SMC_DCIN_ISENSE
5734   1690   914   782   GND_SMC_AVSS
6125   2162   978   783   SMC_OTHER_HI_ISENSE
6125   2181   914   783   GND_SMC_AVSS
6393   1108   730   784   PP3V3_S4SW_SNS
6393   1127   1     784   GND       
5968   2162   968   785   SMC_P3V3S0_ISENSE
5968   2181   914   785   GND_SMC_AVSS
5462   1494   580   786   PP3V3_S0  
5442   1494   1     786   GND       
5753   1732   944   787   SMC_HS_COMPUTING_ISENSE
5734   1732   914   787   GND_SMC_AVSS
3948   1229   730   788   PP3V3_S4SW_SNS
3948   1248   1     788   GND       
6176   2162   1012  789   SMC_1V2S3_ISENSE
6176   2181   914   789   GND_SMC_AVSS
6744   1135   730   790   PP3V3_S4SW_SNS
6744   1155   1     790   GND       
5889   2162   969   791   SMC_WLAN_ISENSE
5889   2181   914   791   GND_SMC_AVSS
4358   1242   730   792   PP3V3_S4SW_SNS
4358   1223   1     792   GND       
5925   2162   948   793   SMC_SSD_ISENSE
5925   2181   914   793   GND_SMC_AVSS
7690   1813   730   794   PP3V3_S4SW_SNS
7710   1813   1     794   GND       
6226   2162   1010  795   SMC_LCDBKLT_ISENSE
6226   2181   914   795   GND_SMC_AVSS
5754   1775   913   796   SMC_PBUS_VSENSE
5734   1775   914   796   GND_SMC_AVSS
6030   2162   977   797   SMC_DCIN_VSENSE
6030   2181   914   797   GND_SMC_AVSS
6359   2161   1011  798   SMC_CPU_VSENSE
6359   2180   914   798   GND_SMC_AVSS
5754   1628   910   799   SMC_P1V05S0_VSENSE
5734   1628   914   799   GND_SMC_AVSS
362    1914   580   800   PP3V3_S0  
342    1914   1     800   GND       
6091   2088   976   801   SMC_CPU_ISENSE
6091   2108   914   801   GND_SMC_AVSS
3467   1839   730   802   PP3V3_S4SW_SNS
3447   1839   1     802   GND       
5754   1598   942   803   SMC_P1V05S0_ISENSE
5734   1598   914   803   GND_SMC_AVSS
3241   1109   730   804   PP3V3_S4SW_SNS
3241   1089   1     804   GND       
5754   1549   909   805   SMC_CPUDDR_ISENSE
5734   1549   914   805   GND_SMC_AVSS
4717   837    730   806   PP3V3_S4SW_SNS
4717   857    1     806   GND       
6304   2163   1019  807   SMC_P3V3S5_ISENSE
6304   2183   914   807   GND_SMC_AVSS
6576   543    954   808   BMON_IOUT_R
6545   543    1     808   GND       
6640   569    955   809   BMON_COMP_FB
6640   589    956   809   BMON_COMP_OUT
6085   2001   975   810   SMC_BMON_DISCRETE_ISENSE
6085   2021   914   810   GND_SMC_AVSS
6775   633    580   811   PP3V3_S0  
6775   653    1     811   GND       
6410   501    580   812   PP3V3_S0  
6429   501    1     812   GND       
6000   1230   932   813   HS_IOUT_R 
5969   1230   1     813   GND       
6134   1199   930   814   HS_COMP_FB
6154   1199   931   814   HS_COMP_OUT
6215   1051   580   815   PP3V3_S0  
6215   1071   1     815   GND       
296    1733   388   816   PP3V3_SNS_CPUVR_ADJUST_ISNS
296    1713   1     816   GND       
6398   2161   1009  817   SMC_CPUVR_ADJUST_ISENSE
6398   2180   914   817   GND_SMC_AVSS
6279   2002   191   818   SMC_CPU_IMON_ISENSE
6279   2022   914   818   GND_SMC_AVSS
5429   596    823   819   ISNS_HS_GAIN_P_R
5429   576    1     819   GND       
5547   698    821   820   ISNS_HS_GAIN_OUT_R
5527   698    1     820   GND       
8395   1163   730   821   PP3V3_S4SW_SNS
8375   1163   1     821   GND       
6650   1680   1029  822   SMC_PANEL_ISENSE
6650   1700   914   822   GND_SMC_AVSS
1998   1386   461   823   PP3V3_S0_CPUTHMSNS_R
1979   1386   1     823   GND       
2030   1386   171   824   INLET_THMSNS_D1_P
2050   1386   172   824   INLET_THMSNS_D1_N
2109   1386   519   825   CPUTHMSNS_D2_P
2128   1386   477   825   CPUTHMSNS_D2_N
6803   1247   1021  826   PP3V3_S0_TBTMLB_ISNS_R
6823   1247   1     826   GND       
3732   720    519   827   CPUTHMSNS_D2_P
3713   720    477   827   CPUTHMSNS_D2_N
6805   1320   1089  828   TBT_MLBBOT_THMSNS_P
6805   1340   1088  828   TBT_MLBBOT_THMSNS_N
6805   1273   675   829   TBDTHMSNS_D2_P
6805   1293   690   829   TBDTHMSNS_D2_N
8245   1037   1106  830   TBTTHMSNS_D2_R_P
8225   1037   1105  830   TBTTHMSNS_D2_R_N
4896   2128   171   831   INLET_THMSNS_D1_P
4876   2128   172   831   INLET_THMSNS_D1_N
6685   1300   1088  832   TBT_MLBBOT_THMSNS_N
6685   1281   1089  832   TBT_MLBBOT_THMSNS_P
1061   216    675   833   TBDTHMSNS_D2_P
1041   216    690   833   TBDTHMSNS_D2_N
5713   777    519   834   CPUTHMSNS_D2_P
5713   797    477   834   CPUTHMSNS_D2_N
579    567    580   835   PP3V3_S0  
579    548    1     835   GND       
4240   1974   870   836   PP3V3_SUS 
4240   1955   1     836   GND       
4642   1993   870   837   PP3V3_SUS 
4642   1974   1     837   GND       
7531   880    227   838   PP5V_S3_U6210
7598   880    1     838   GND       
7467   821    227   839   PP5V_S3_U6210
7447   821    1     839   GND       
7309   729    1054  840   SPKRAMP_INR_P
7329   729    225   840   MAX98300_R_P
7309   705    1053  841   SPKRAMP_INR_N
7329   705    224   841   MAX98300_R_N
6825   167    985   842   PPVBAT_G3H_CONN
6794   167    1     842   GND       
6825   132    985   843   PPVBAT_G3H_CONN
6794   132    1     843   GND       
113    111    794   844   PPDCIN_G3H
113    56     1     844   GND       
140    175    654   845   PP5V_S4RS3
160    175    1     845   GND       
484    132    794   846   PPDCIN_G3H
539    132    1     846   GND       
177    111    794   847   PPDCIN_G3H
177    56     1     847   GND       
5457   1768   794   848   PPDCIN_G3H
5426   1768   167   848   DCIN_ISOL_GATE_R
5426   2044   169   849   P3V42G3H_SHDN_L
5426   2075   1     849   GND       
5631   1939   180   850   PPVIN_G3H_P3V42G3H
5631   1970   1     850   GND       
5598   1959   180   851   PPVIN_G3H_P3V42G3H
5598   1990   1     851   GND       
5526   1933   180   852   PPVIN_G3H_P3V42G3H
5420   1933   1     852   GND       
5528   2166   175   853   P3V42G3H_BOOST
5559   2166   183   853   P3V42G3H_SW
5502   2166   866   854   PP3V42_G3H
5483   2166   174   854   P3V42G3H_FB
5679   2027   866   855   PP3V42_G3H
5679   1997   1     855   GND       
5641   2027   866   856   PP3V42_G3H
5641   1997   1     856   GND       
5464   298    814   857   PP5V1_CHGR_VDD
5494   298    786   857   GND_CHGR_AGND
5463   339    822   858   PP5V1_CHGR_VDDP
5494   339    1     858   GND       
5381   106    866   859   PP3V42_G3H
5381   137    786   859   GND_CHGR_AGND
5109   339    809   860   CHGR_DCIN 
5054   339    786   860   GND_CHGR_AGND
5121   298    792   861   CHGR_ACIN 
5101   298    786   861   GND_CHGR_AGND
6440   587    195   862   PPVBAT_G3H_CHGR_R
6409   587    1     862   GND       
6440   622    195   863   PPVBAT_G3H_CHGR_R
6410   622    1     863   GND       
6454   538    195   864   PPVBAT_G3H_CHGR_R
6454   483    1     864   GND       
5133   109    787   865   CHGR_VCOMP_R
5133   128    789   865   CHGR_VNEG 
5215   111    796   866   CHGR_VNEG_R
5235   111    195   866   PPVBAT_G3H_CHGR_R
6522   539    195   867   PPVBAT_G3H_CHGR_R
6522   472    1     867   GND       
5206   399    798   868   CHGR_CSI_P
5236   399    799   868   CHGR_CSI_N
5208   472    798   869   CHGR_CSI_P
5177   472    786   869   GND_CHGR_AGND
5236   472    799   870   CHGR_CSI_N
5267   472    786   870   GND_CHGR_AGND
5320   410    807   871   CHGR_BOOT 
5350   410    160   871   CHGR_PHASE
5411   190    811   872   CHGR_BGATE
5411   171    786   872   GND_CHGR_AGND
5193   385    155   873   PPDCIN_G3H_CHGR
5193   135    1     873   GND       
5398   385    155   874   PPDCIN_G3H_CHGR
5398   135    1     874   GND       
5741   477    155   875   PPDCIN_G3H_CHGR
5796   477    1     875   GND       
5741   477    155   876   PPDCIN_G3H_CHGR
5796   477    1     876   GND       
5666   468    155   877   PPDCIN_G3H_CHGR
5666   438    1     877   GND       
6000   672    186   878   PPVBAT_G3H_CHGR_REG
6000   565    1     878   GND       
6138   672    186   879   PPVBAT_G3H_CHGR_REG
6138   565    1     879   GND       
5067   238    785   880   CHGR_ICOMP_R
5067   258    786   880   GND_CHGR_AGND
6276   672    186   881   PPVBAT_G3H_CHGR_REG
6276   565    1     881   GND       
6367   648    186   882   PPVBAT_G3H_CHGR_REG
6367   628    1     882   GND       
5399   224    812   883   CHGR_CSO_N
5399   255    813   883   CHGR_CSO_P
5048   146    153   884   PPDCIN_G3H_INRUSH
5048   91     1     884   GND       
5118   487    794   885   PPDCIN_G3H
5118   456    755   885   CHGR_AGATE_DIV
5101   670    795   886   CHGR_DCIN_D
5156   670    1     886   GND       
5269   865    802   887   P5V1_BOOST
5269   896    803   887   P5V1_SW   
5263   681    801   888   PP5V5_CHGR_VDDP
5263   662    800   888   P5V1_FB   
5276   793    801   889   PP5V5_CHGR_VDDP
5331   793    1     889   GND       
5290   742    801   890   PP5V5_CHGR_VDDP
5345   742    1     890   GND       
506    1367   364   891   PP5V_S0_CPUVR_VDD
537    1367   1     891   GND       
506    1404   380   892   PPVIN_S0_CPUVR_VIN
537    1404   1     892   GND       
374    1318   365   893   CPUVR_ISEN1
374    1298   378   893   CPUVR_ISUMN
349    1318   325   894   CPUVR_ISEN2
349    1298   378   894   CPUVR_ISUMN
349    1274   378   895   CPUVR_ISUMN
349    1254   1     895   GND       
453    1318   379   896   CPUVR_ISUMP
453    1299   378   896   CPUVR_ISUMN
400    1299   377   897   CPUVR_ISUMN_RC
400    1318   366   897   CPUVR_ISUMN_R
230    1345   335   898   CPUVR_COMP
250    1345   363   898   CPUVR_FB2 
224    1509   192   899   CPUVR_IMON
204    1509   1     899   GND       
189    1423   335   900   CPUVR_COMP
189    1403   334   900   CPUVR_COMP_RC
219    1423   335   901   CPUVR_COMP
219    1404   333   901   CPUVR_FB  
239    1206   329   902   CPU_VCCSENSE_P_RC
259    1206   330   902   CPU_VCCSENSE_P_R
187    1261   328   903   CPUVR_FB_RC
187    1281   1     903   GND       
239    1157   327   904   CPU_VCCSENSE_P
258    1157   1     904   GND       
298    1298   332   905   CPU_VCCSENSE_N
298    1317   1     905   GND       
294    1642   427   906   PP1V05_S0 
313    1642   1     906   GND       
767    1654   405   907   PP5V_S0   
797    1654   1     907   GND       
652    1512   7     908   CPUVR_PHASE1
652    1481   399   908   CPUVR_BOOT1_RC
932    1644   9     909   CPUVR_PH1_SNUB
932    1674   1     909   GND       
338    1623   390   910   PPBUS_S5_HS_COMPUTING_ISNS
338    1730   1     910   GND       
201    1623   390   911   PPBUS_S5_HS_COMPUTING_ISNS
201    1729   1     911   GND       
705    1725   390   912   PPBUS_S5_HS_COMPUTING_ISNS
760    1725   1     912   GND       
705    1725   390   913   PPBUS_S5_HS_COMPUTING_ISNS
760    1725   1     913   GND       
721    1677   390   914   PPBUS_S5_HS_COMPUTING_ISNS
752    1677   1     914   GND       
650    1717   390   915   PPBUS_S5_HS_COMPUTING_ISNS
650    1748   1     915   GND       
618    1729   390   916   PPBUS_S5_HS_COMPUTING_ISNS
587    1729   1     916   GND       
449    779    405   917   PP5V_S0   
418    779    1     917   GND       
569    924    5     918   CPUVR_PHASE2
569    955    359   918   CPUVR_BOOT2_RC
424    1158   6     919   CPUVR_PH2_SNUB
393    1158   1     919   GND       
300    825    390   920   PPBUS_S5_HS_COMPUTING_ISNS
300    719    1     920   GND       
489    775    390   921   PPBUS_S5_HS_COMPUTING_ISNS
489    669    1     921   GND       
359    949    390   922   PPBUS_S5_HS_COMPUTING_ISNS
359    1004   1     922   GND       
359    949    390   923   PPBUS_S5_HS_COMPUTING_ISNS
359    1004   1     923   GND       
406    961    390   924   PPBUS_S5_HS_COMPUTING_ISNS
406    992    1     924   GND       
347    1088   390   925   PPBUS_S5_HS_COMPUTING_ISNS
378    1088   1     925   GND       
347    1048   390   926   PPBUS_S5_HS_COMPUTING_ISNS
378    1048   1     926   GND       
477    1620   390   927   PPBUS_S5_HS_COMPUTING_ISNS
477    1727   1     927   GND       
201    1238   390   928   PPBUS_S5_HS_COMPUTING_ISNS
201    1345   1     928   GND       
282    1099   390   929   PPBUS_S5_HS_COMPUTING_ISNS
176    1099   1     929   GND       
339    1238   390   930   PPBUS_S5_HS_COMPUTING_ISNS
339    1345   1     930   GND       
477    1534   390   931   PPBUS_S5_HS_COMPUTING_ISNS
477    1427   1     931   GND       
201    1534   390   932   PPBUS_S5_HS_COMPUTING_ISNS
201    1427   1     932   GND       
339    1534   390   933   PPBUS_S5_HS_COMPUTING_ISNS
339    1427   1     933   GND       
477    1238   390   934   PPBUS_S5_HS_COMPUTING_ISNS
477    1345   1     934   GND       
4526   1820   892   935   PP5V_S5   
4526   1875   1     935   GND       
4430   1544   135   936   PP1V2_S3  
4430   1488   1     936   GND       
4584   1643   762   937   DDRREG_1V8_VREF
4614   1643   763   937   GND_DDRREG_SGND
4634   1742   783   938   DDRREG_FB 
4665   1742   763   938   GND_DDRREG_SGND
4484   1839   768   939   DDRREG_VBST_RC
4484   1809   765   939   DDRREG_LL 
4351   1750   390   940   PPBUS_S5_HS_COMPUTING_ISNS
4351   1857   1     940   GND       
4374   1620   390   941   PPBUS_S5_HS_COMPUTING_ISNS
4374   1514   1     941   GND       
4060   1614   390   942   PPBUS_S5_HS_COMPUTING_ISNS
4060   1559   1     942   GND       
4115   1618   390   943   PPBUS_S5_HS_COMPUTING_ISNS
4115   1587   1     943   GND       
4524   1620   390   944   PPBUS_S5_HS_COMPUTING_ISNS
4524   1514   1     944   GND       
4103   1520   138   945   PDDR_S3_REG_SNUB
4103   1551   1     945   GND       
3867   1199   135   946   PP1V2_S3  
3867   1305   1     946   GND       
4008   1199   135   947   PP1V2_S3  
4008   1305   1     947   GND       
3729   1185   135   948   PP1V2_S3  
3729   1240   1     948   GND       
3776   1198   135   949   PP1V2_S3  
3776   1228   1     949   GND       
4561   1596   740   950   PPVTT_S3_DDR_BUF
4592   1596   763   950   GND_DDRREG_SGND
4483   1543   741   951   PP0V6_S0_DDRVTT
4483   1487   1     951   GND       
4869   1497   839   952   PPBUS_S5_HS_OTHER_ISNS
4838   1497   1     952   GND       
5021   1733   845   953   P5VP3V3_VREF2
5021   1764   779   953   GND_P5VP3V3_SGND
4869   1532   864   954   P5VP3V3_VREG3
4838   1532   779   954   GND_P5VP3V3_SGND
5042   1397   892   955   PP5V_S5   
5042   1342   1     955   GND       
5174   1630   859   956   P5V_S4RS3_CSP1
5174   1660   860   956   P5V_S4RS3_CSN1
5480   1107   157   957   P5V_S4RS3_REG_SNUB
5450   1107   1     957   GND       
5134   1374   833   958   P5V_S4RS3_VBST_R
5134   1404   854   958   P5V_S4RS3_LL
5149   1773   872   959   P5V_S4RS3_COMP1_R
5129   1773   845   959   P5VP3V3_VREF2
5124   1729   863   960   P5V_S4RS3_COMP1
5124   1748   845   960   P5VP3V3_VREF2
4987   1768   865   961   P3V3_S5_COMP2_R
4967   1768   845   961   P5VP3V3_VREF2
4967   1724   844   962   P3V3_S5_COMP2
4967   1743   845   962   P5VP3V3_VREF2
5075   1321   839   963   PPBUS_S5_HS_OTHER_ISNS
5075   1427   1     963   GND       
5233   1177   839   964   PPBUS_S5_HS_OTHER_ISNS
5233   1146   1     964   GND       
4977   1172   839   965   PPBUS_S5_HS_OTHER_ISNS
4977   1065   1     965   GND       
5133   750    654   966   PP5V_S4RS3
5133   805    1     966   GND       
4898   569    654   967   PP5V_S4RS3
4898   675    1     967   GND       
4760   569    654   968   PP5V_S4RS3
4760   675    1     968   GND       
5038   570    654   969   PP5V_S4RS3
5038   677    1     969   GND       
4796   1473   147   970   P3V3_S5_REG_SNUB
4827   1473   1     970   GND       
4928   1369   777   971   P3V3_S5_VBST_R
4928   1399   837   971   P3V3_S5_LL
5264   1175   839   972   PPBUS_S5_HS_OTHER_ISNS
5264   1156   1     972   GND       
5125   658    654   973   PP5V_S4RS3
5125   678    1     973   GND       
4770   1229   140   974   PP3V3_S5_REG_R
4790   1229   1     974   GND       
4985   1375   839   975   PPBUS_S5_HS_OTHER_ISNS
4985   1405   1     975   GND       
5225   1321   839   976   PPBUS_S5_HS_OTHER_ISNS
5225   1427   1     976   GND       
4949   1396   839   977   PPBUS_S5_HS_OTHER_ISNS
4949   1416   1     977   GND       
5126   1168   839   978   PPBUS_S5_HS_OTHER_ISNS
5126   1061   1     978   GND       
4888   1660   841   979   P3V3_S5_CSN2
4888   1630   781   979   P3V3_S5_CSP2
4752   1189   140   980   PP3V3_S5_REG_R
4808   1189   1     980   GND       
4762   1087   140   981   PP3V3_S5_REG_R
4869   1087   1     981   GND       
4760   946    140   982   PP3V3_S5_REG_R
4867   946    1     982   GND       
4761   790    140   983   PP3V3_S5_REG_R
4868   790    1     983   GND       
3741   1701   654   984   PP5V_S4RS3
3741   1646   1     984   GND       
3835   1941   427   985   PP1V05_S0 
3890   1941   1     985   GND       
3689   1874   670   986   P1V05_S0_VREF
3658   1874   707   986   P1V05S0_AGND
3689   1827   669   987   P1V05S0_FB
3658   1827   707   987   P1V05S0_AGND
4213   1750   390   988   PPBUS_S5_HS_COMPUTING_ISNS
4213   1857   1     988   GND       
4071   1750   390   989   PPBUS_S5_HS_COMPUTING_ISNS
4071   1857   1     989   GND       
3947   1769   390   990   PPBUS_S5_HS_COMPUTING_ISNS
3841   1769   1     990   GND       
3949   1644   390   991   PPBUS_S5_HS_COMPUTING_ISNS
3918   1644   1     991   GND       
3363   1461   427   992   PP1V05_S0 
3363   1430   1     992   GND       
3948   1677   390   993   PPBUS_S5_HS_COMPUTING_ISNS
3917   1677   1     993   GND       
3784   1666   691   994   P1V05S0_BOOT_RC
3784   1697   130   994   P1V05S0_LL
3757   1670   131   995   P1V05S0_LL_SNUB
3787   1670   1     995   GND       
3270   1504   427   996   PP1V05_S0 
3270   1398   1     996   GND       
3270   1612   427   997   PP1V05_S0 
3270   1719   1     997   GND       
3784   1934   671   998   P1V05S0_VTTREF
3784   1964   707   998   P1V05S0_AGND
7964   2018   1156  999   BKL_PWM   
7984   2018   1     999   GND       
7828   2166   405   1000  PP5V_S0   
7828   2222   1120  1000  GND_BKL_SGND
7885   2009   580   1001  PP3V3_S0  
7885   1989   1120  1001  GND_BKL_SGND
7925   1869   286   1002  PPVIN_S0SW_LCDBKLT
7992   1869   1     1002  GND       
7964   1926   286   1003  PPVIN_S0SW_LCDBKLT
7995   1926   1     1003  GND       
7864   2187   405   1004  PP5V_S0   
7864   2206   1120  1004  GND_BKL_SGND
6101   308    405   1005  PP5V_S0   
6101   277    1     1005  GND       
6179   443    922   1006  KBDLED_ANODE
6234   443    1     1006  GND       
6179   443    922   1007  KBDLED_ANODE
6234   443    1     1007  GND       
7979   1629   246   1008  PPVIN_S0SW_LCDBKLTFET
7979   1659   247   1008  LCDBKLT_EN_DIV_L
8148   2210   1155  1009  PPHV_S0SW_LCDBKLT
8179   2210   1     1009  GND       
8069   2133   1155  1010  PPHV_S0SW_LCDBKLT
8195   2133   1     1010  GND       
8074   2032   1155  1011  PPHV_S0SW_LCDBKLT
8074   1906   1     1011  GND       
823    913    987   1012  PP3V3_S5  
823    858    1     1012  GND       
898    556    373   1013  PP1V8_S3_REG_R
898    501    1     1013  GND       
851    596    373   1014  PP1V8_S3_REG_R
796    596    1     1014  GND       
772    721    373   1015  PP1V8_S3_REG_R
772    740    374   1015  P1V8S3_FB 
677    886    987   1016  PP3V3_S5  
677    866    1     1016  GND       
851    646    373   1017  PP1V8_S3_REG_R
796    646    1     1017  GND       
730    2000   870   1018  PP3V3_SUS 
761    2000   1     1018  GND       
578    1996   437   1019  PP1V05_SUS
547    1996   1     1019  GND       
3132   1476   987   1020  PP3V3_S5  
3162   1476   1     1020  GND       
3222   1476   565   1021  PP1V8_S3  
3191   1476   1     1021  GND       
3204   1652   585   1022  PP1V5_S0  
3173   1652   1     1022  GND       
6019   592    987   1023  PP3V3_S5  
6019   572    1     1023  GND       
2794   2163   405   1024  PP5V_S0   
2825   2163   1     1024  GND       
5951   720    987   1025  PP3V3_S5  
5932   720    1     1025  GND       
2700   1423   987   1026  PP3V3_S5  
2700   1442   1     1026  GND       
6720   1015   987   1027  PP3V3_S5  
6720   1035   1     1027  GND       
972    462    585   1028  PP1V5_S0  
972    482    1     1028  GND       
6284   592    987   1029  PP3V3_S5  
6284   572    1     1029  GND       
2983   2048   601   1030  HSIOFET_EN
2963   2048   1     1030  GND       
4538   1103   987   1031  PP3V3_S5  
4558   1103   1     1031  GND       
4457   980    728   1032  P3V3S0SW_SSD_FET_RAMP
4477   980    1     1032  GND       
633    562    654   1033  PP5V_S4RS3
633    582    1     1033  GND       
571    618    3     1034  P5VS0_FET_RAMP
551    618    1     1034  GND       
4293   1781   748   1035  DDRREG_EN 
4263   1781   1     1035  GND       
5950   611    900   1036  P3V3S3_EN 
5919   611    1     1036  GND       
8439   1117   1133  1037  USB_PWR_EN
8439   1148   1     1037  GND       
668    831    355   1038  P1V8S3_EN 
638    831    1     1038  GND       
3373   2113   987   1039  PP3V3_S5  
3393   2113   1     1039  GND       
3389   2050   118   1040  SUS_PGOOD_CT
3389   2070   1     1040  GND       
4772   1563   780   1041  S5_PWR_EN 
4772   1532   1     1041  GND       
901    350    371   1042  P1V5S0SW_AUDIO_EN
870    350    1     1042  GND       
3435   1903   644   1043  VMON_5V_DIV
3435   1933   1     1043  GND       
3393   2025   580   1044  PP3V3_S0  
3393   2006   1     1044  GND       
6620   1400   987   1045  PP3V3_S5  
6639   1400   1     1045  GND       
6528   1480   878   1046  P5VS4RS3_EN
6528   1449   1     1046  GND       
2936   894    987   1047  PP3V3_S5  
2936   874    1     1047  GND       
3938   1681   706   1048  P1V05S0_EN
3969   1681   1     1048  GND       
6555   674    759   1049  P3V3S0_EN 
6555   643    1     1049  GND       
2825   874    4     1050  P5VS0_EN  
2855   874    1     1050  GND       
2509   1416   478   1051  P3V3SUS_EN
2509   1386   1     1051  GND       
8392   1152   987   1052  PP3V3_S5  
8412   1152   1     1052  GND       
8441   1269   276   1053  PP3V3_S0SW_LCD_R
8441   1249   1     1053  GND       
8409   1308   276   1054  PP3V3_S0SW_LCD_R
8354   1308   1     1054  GND       
8426   1535   1170  1055  PP3V3_S0SW_LCD_UF
8406   1535   1     1055  GND       
8149   1824   1155  1056  PPHV_S0SW_LCDBKLT
8118   1779   1     1056  GND       
8507   1486   -99   1057  DP_INT_ML_C_P<0>
8517   1503   1177  1057  DP_INT_ML_P<0>
8528   1475   -99   1058  DP_INT_ML_C_N<0>
8538   1492   1180  1058  DP_INT_ML_N<0>
8449   1550   -99   1059  DP_INT_AUXCH_C_N
8459   1567   1178  1059  DP_INT_AUX_CH_C_N
8467   1539   -99   1060  DP_INT_AUXCH_C_P
8477   1556   1181  1060  DP_INT_AUX_CH_C_P
826    400    580   1061  PP3V3_S0  
807    400    1     1061  GND       
826    303    866   1062  PP3V42_G3H
807    303    1     1062  GND       
826    428    398   1063  PP1V5_S0SW_AUDIO
807    428    1     1063  GND       
511    448    352   1064  USB3_EXTB_R2D_N
492    448    346   1064  USB3_EXTB_R2D_C_N
511    491    351   1065  USB3_EXTB_R2D_P
492    491    345   1065  USB3_EXTB_R2D_C_P
598    257    341   1066  USB3_EXTB_D2R_RC_N
598    277    343   1066  USB3_EXTB_D2R_N
641    257    347   1067  USB3_EXTB_D2R_RC_P
641    277    342   1067  USB3_EXTB_D2R_P
2745   912    485   1068  HDA_BIT_CLK
2714   912    1     1068  GND       
3873   667    -99   1069  MEM_CAM_CKE_R
3873   647    1     1069  GND       
1210   92     -99   1070  MEM_A_CAA<7>
1194   92     -99   1070  MEM_A_CAA<6>
1179   92     -99   1070  MEM_A_CAA<8>
1163   92     -99   1070  MEM_A_CAA<9>
1163   64     741   1070  PP0V6_S0_DDRVTT
1179   64     741   1070  PP0V6_S0_DDRVTT
1194   64     741   1070  PP0V6_S0_DDRVTT
1210   64     741   1070  PP0V6_S0_DDRVTT
1605   92     -99   1071  UNCONNECTED_118
1589   92     -99   1071  MEM_A_CAA<0>
1573   92     -99   1071  MEM_A_CAA<1>
1558   92     -99   1071  MEM_A_CAA<2>
1558   64     741   1071  PP0V6_S0_DDRVTT
1573   64     741   1071  PP0V6_S0_DDRVTT
1589   64     741   1071  PP0V6_S0_DDRVTT
1605   64     -99   1071  UNCONNECTED_119
2153   92     -99   1072  MEM_A_CAB<0>
2137   92     -99   1072  MEM_A_CAB<1>
2122   92     -99   1072  MEM_A_CAB<3>
2106   92     -99   1072  MEM_A_CAB<2>
2106   64     741   1072  PP0V6_S0_DDRVTT
2122   64     741   1072  PP0V6_S0_DDRVTT
2137   64     741   1072  PP0V6_S0_DDRVTT
2153   64     741   1072  PP0V6_S0_DDRVTT
1814   92     -99   1073  MEM_A_CAB<5>
1798   92     -99   1073  MEM_A_CAB<7>
1782   92     -99   1073  MEM_A_CAB<6>
1766   92     -99   1073  MEM_A_CAB<8>
1766   64     741   1073  PP0V6_S0_DDRVTT
1782   64     741   1073  PP0V6_S0_DDRVTT
1798   64     741   1073  PP0V6_S0_DDRVTT
1814   64     741   1073  PP0V6_S0_DDRVTT
2320   92     -99   1074  MEM_B_CAA<6>
2305   92     -99   1074  MEM_B_CAA<7>
2289   92     -99   1074  MEM_B_CAA<8>
2273   92     -99   1074  MEM_B_CAA<9>
2273   64     741   1074  PP0V6_S0_DDRVTT
2289   64     741   1074  PP0V6_S0_DDRVTT
2305   64     741   1074  PP0V6_S0_DDRVTT
2320   64     741   1074  PP0V6_S0_DDRVTT
2714   92     -99   1075  UNCONNECTED_120
2698   92     -99   1075  MEM_B_CAA<0>
2683   92     -99   1075  MEM_B_CAA<1>
2667   92     -99   1075  MEM_B_CAA<3>
2667   64     741   1075  PP0V6_S0_DDRVTT
2683   64     741   1075  PP0V6_S0_DDRVTT
2698   64     741   1075  PP0V6_S0_DDRVTT
2714   64     -99   1075  UNCONNECTED_121
3268   92     -99   1076  MEM_B_CAB<0>
3252   92     -99   1076  MEM_B_CAB<1>
3237   92     -99   1076  MEM_B_CAB<3>
3221   92     -99   1076  MEM_B_CAB<2>
3221   64     741   1076  PP0V6_S0_DDRVTT
3237   64     741   1076  PP0V6_S0_DDRVTT
3252   64     741   1076  PP0V6_S0_DDRVTT
3268   64     741   1076  PP0V6_S0_DDRVTT
2944   92     -99   1077  MEM_B_CAB<5>
2929   92     -99   1077  MEM_B_CAB<6>
2913   92     -99   1077  MEM_B_CAB<7>
2897   92     -99   1077  MEM_B_CAB<8>
2897   64     741   1077  PP0V6_S0_DDRVTT
2913   64     741   1077  PP0V6_S0_DDRVTT
2929   64     741   1077  PP0V6_S0_DDRVTT
2944   64     741   1077  PP0V6_S0_DDRVTT
2495   1823   497   1078  PPVCOMP_S0_CPU
2495   1843   498   1078  MCP_EDP_RCOMP
1379   1700   427   1079  PP1V05_S0 
1398   1700   337   1079  CPU_PROCHOT_L
1438   1700   425   1080  CPU_PROCHOT_R_L
1419   1700   337   1080  CPU_PROCHOT_L
1501   1875   450   1081  CPU_PWRGD 
1501   1895   1     1081  GND       
807    1982   11    1082  CPU_CFG<0>
807    1962   1     1082  GND       
830    1982   10    1083  CPU_CFG<1>
830    1962   1     1083  GND       
946    1982   23    1084  CPU_CFG<4>
946    1962   1     1084  GND       
901    1982   22    1085  CPU_CFG<8>
901    1962   1     1085  GND       
923    1982   37    1086  CPU_CFG<9>
923    1962   1     1086  GND       
860    1983   13    1087  CPU_CFG<10>
860    1963   1     1087  GND       
1518   1110   441   1088  CPU_SM_RCOMP<0>
1518   1130   1     1088  GND       
1518   1084   440   1089  CPU_SM_RCOMP<1>
1518   1065   1     1089  GND       
1490   1121   420   1090  CPU_SM_RCOMP<2>
1490   1140   1     1090  GND       
1437   1523   422   1091  CPU_CFG_RCOMP
1417   1523   1     1091  GND       
2657   1901   564   1092  PCH_TD_IREF
2657   1921   1     1092  GND       
2617   1034   66    1093  CPU_OPI_RCOMP
2597   1034   1     1093  GND       
1463   1610   427   1094  PP1V05_S0 
1463   1630   444   1094  CPU_VIDALERT_L
1417   1672   427   1095  PP1V05_S0 
1436   1672   424   1095  CPU_VIDSOUT_R
1463   1652   444   1096  CPU_VIDALERT_L
1463   1672   446   1096  CPU_VIDALERT_R_L
1417   1641   385   1097  CPU_VIDSCLK
1436   1641   423   1097  CPU_VIDSCLK_R
1377   1672   384   1098  CPU_VIDSOUT
1397   1672   424   1098  CPU_VIDSOUT_R
1392   1820   426   1099  PPVCC_S0_CPU
1411   1820   327   1099  CPU_VCCSENSE_P
2543   1342   475   1100  PPVOUT_S5_PCH_DCPSUSBYP_R
2543   1361   476   1100  PPVOUT_S5_PCH_DCPSUSBYP
1463   1818   332   1101  CPU_VCCSENSE_N
1463   1838   1     1101  GND       
2336   2184   427   1102  PP1V05_S0 
2367   2184   59    1102  PP1V05_S0_PCH_VCCACLKPLL_R
2582   2182   427   1103  PP1V05_S0 
2613   2182   67    1103  PP1V05_S0_PCH_VCC_ICC_R
2199   2107   427   1104  PP1V05_S0 
2199   2076   479   1104  PP1V05_S0_PCH_VCCAPLL_OPI
2847   1065   488   1105  PPVRTC_G3H
2847   1085   490   1105  PCH_SRTCRST_L
2825   1065   488   1106  PPVRTC_G3H
2825   1085   76    1106  PCH_INTRUDER_L
2804   1065   488   1107  PPVRTC_G3H
2804   1085   77    1107  PCH_INTVRMEN
2784   1065   488   1108  PPVRTC_G3H
2784   1085   489   1108  RTC_RESET_L
2763   1040   485   1109  HDA_BIT_CLK
2763   1060   73    1109  HDA_BIT_CLK_R
2728   1084   482   1110  HDA_SYNC  
2708   1084   470   1110  HDA_SYNC_R
2761   1090   504   1111  HDA_RST_L 
2761   1110   78    1111  HDA_RST_R_L
2727   1111   486   1112  HDA_SDOUT 
2707   1111   566   1112  HDA_SDOUT_R
2952   1549   580   1113  PP3V3_S0  
2972   1549   557   1113  ENETSD_CLKREQ_L
2857   1472   580   1114  PP3V3_S0  
2857   1491   570   1114  CAMERA_CLKREQ_L
3162   1407   580   1115  PP3V3_S0  
3142   1407   98    1115  AP_CLKREQ_L
3157   1666   580   1116  PP3V3_S0  
3137   1666   572   1116  FW_CLKREQ_L
2866   1561   580   1117  PP3V3_S0  
2866   1542   951   1117  TBT_CLKREQ_L
2976   1587   580   1118  PP3V3_S0  
2956   1587   758   1118  SSD_CLKREQ_L
2678   1910   579   1119  PP1V05_S0SW_PCH_VCCSATA3PLL
2678   1891   563   1119  PCH_SATA_RCOMP
2932   1549   580   1120  PP3V3_S0  
2912   1549   558   1120  PCH_SATALED_L
3103   1579   580   1121  PP3V3_S0  
3122   1579   754   1121  XDP_PCH_GPIO35
3102   1515   580   1122  PP3V3_S0  
3122   1515   571   1122  XDP_PCH_UART_SSD_L_BT_H
2356   1897   544   1123  PP1V05_S0_PCH_VCCACLKPLL
2356   1877   501   1123  PCH_DIFFCLK_BIASREF
2136   1873   55    1124  PCH_TESTLOW_C35
2136   1893   1     1124  GND       
2159   1876   54    1125  PCH_TESTLOW_C34
2159   1896   1     1125  GND       
2788   1277   493   1126  PCH_TESTLOW_AK8
2769   1277   1     1126  GND       
2788   1251   492   1127  PCH_TESTLOW_AL8
2768   1251   1     1127  GND       
2935   1287   552   1128  PCH_SUSACK_L
2954   1287   549   1128  PCH_SUSWARN_L
2809   1261   987   1129  PP3V3_S5  
2828   1261   940   1129  PM_PWRBTN_L
2863   1196   987   1130  PP3V3_S5  
2882   1196   639   1130  PM_BATLOW_L
2763   1924   1     1131  GND       
2744   1924   284   1131  EDP_BKLT_EN
2809   1858   1     1132  GND       
2809   1877   578   1132  EDP_PANEL_PWR
2845   1544   580   1133  PP3V3_S0  
2825   1544   893   1133  TBT_PWR_REQ_L
2883   1633   580   1134  PP3V3_S0  
2883   1613   653   1134  SMC_RUNTIME_SCI_L
2897   1654   580   1135  PP3V3_S0  
2877   1654   537   1135  HDMITBTMUX_FLAG
2917   1654   1     1136  GND       
2936   1654   102   1136  SSD_BOOT  
2845   1565   1     1137  GND       
2825   1565   101   1137  ODD_PWR_EN_L
2990   1662   1     1138  GND       
2970   1662   -99   1138  HDMITBTMUX_LATCH
2928   1676   1     1139  GND       
2908   1676   113   1139  ENET_LOW_PWR
2841   1610   580   1140  PP3V3_S0  
2861   1610   396   1140  AUD_PWR_EN
2869   1684   1     1141  GND       
2888   1684   536   1141  AP_PCIE_DEV_WAKE
2815   1044   488   1142  PPVRTC_G3H
2795   1044   487   1142  PCH_DSWVRMEN
2854   1107   925   1143  PM_DSW_PWRGD
2854   1127   1     1143  GND       
2819   1297   987   1144  PP3V3_S5  
2839   1297   510   1144  PCIE_WAKE_L
2873   1521   580   1145  PP3V3_S0  
2854   1521   659   1145  PM_CLKRUN_L
2779   1194   1     1146  GND       
2799   1194   1028  1146  PM_SLP_S5_L
2997   1287   1     1147  GND       
2977   1287   356   1147  PM_SLP_S4_L
2880   1156   1     1148  GND       
2880   1136   219   1148  PM_SLP_S3_L
2906   1373   580   1149  PP3V3_S0  
2926   1373   220   1149  PM_SLP_S0_L
2813   1173   1     1150  GND       
2833   1173   105   1150  PM_SLP_SUS_L
2334   1901   543   1151  PP1V05_S0SW_PCH_VCCUSB3PLL
2334   1921   502   1151  PCH_PCIE_RCOMP
2629   1111   484   1152  LPC_AD<0> 
2649   1111   471   1152  LPC_AD_R<0>
2658   1059   468   1153  LPC_AD<1> 
2678   1059   69    1153  LPC_AD_R<1>
2658   1034   467   1154  LPC_AD<2> 
2678   1034   70    1154  LPC_AD_R<2>
2706   1040   483   1155  LPC_AD<3> 
2706   1059   71    1155  LPC_AD_R<3>
2657   1084   469   1156  LPC_FRAME_L
2677   1084   68    1156  LPC_FRAME_R_L
2784   1447   870   1157  PP3V3_SUS 
2784   1467   534   1157  SPI_IO<2> 
3162   1379   870   1158  PP3V3_SUS 
3142   1379   97    1158  SPI_IO<3> 
2729   1279   474   1159  PCH_USB_RBIAS
2749   1279   1     1159  GND       
2928   1265   870   1160  PP3V3_SUS 
2908   1265   902   1160  XDP_USB_EXTA_OC_L
3157   1137   870   1161  PP3V3_SUS 
3137   1137   367   1161  XDP_USB_EXTB_OC_L
3162   1351   870   1162  PP3V3_SUS 
3142   1351   530   1162  XDP_USB_EXTC_OC_L
2897   1107   870   1163  PP3V3_SUS 
2917   1107   505   1163  XDP_USB_EXTD_OC_L
2978   1197   870   1164  PP3V3_SUS 
2958   1197   550   1164  PCH_SMBALERT_L
3162   1292   1     1165  GND       
3142   1292   110   1165  WOL_EN    
2973   1630   580   1166  PP3V3_S0  
2973   1611   559   1166  XDP_PCH_GPIO76
2934   1147   580   1167  PP3V3_S0  
2934   1127   527   1167  XDP_MLB_RAMCFG0
2958   1514   580   1168  PP3V3_S0  
2958   1494   594   1168  XDP_LPCPLUS_GPIO
7468   1279   1     1169  GND       
7448   1279   903   1169  XDP_PCH_GPIO17
8435   505    241   1170  PP3V3_S0SW_SD
8435   485    250   1170  SD_RESET_L
2823   1218   987   1171  PP3V3_S5  
2843   1218   132   1171  SMC_WAKE_SCI_L
2824   1411   1103  1172  PP3V3_S3  
2824   1430   895   1172  TPAD_SPI_INT_L
2906   1176   1103  1173  PP3V3_S3  
2906   1196   831   1173  TPAD_USB_IF_EN
2846   1340   580   1174  PP3V3_S0  
2826   1340   732   1174  SSD_PWR_EN
2934   1169   1026  1175  PLT_RESET_L
2953   1169   528   1175  PCH_TBT_PCIE_RESET_L
2865   1255   580   1176  PP3V3_S0  
2884   1255   568   1176  HDD_PWR_EN
2855   1167   1103  1177  PP3V3_S3  
2855   1147   207   1177  XDP_SDCONN_STATE_CHANGE_L
2860   1286   1103  1178  PP3V3_S3  
2879   1286   1087  1178  SD_PWR_EN 
2848   1451   580   1179  PP3V3_S0  
2828   1451   926   1179  TBT_PWR_EN
2887   1561   1     1180  GND       
2887   1542   928   1180  XDP_JTAG_ISP_TCK
7493   1237   1     1181  GND       
7473   1237   927   1181  XDP_JTAG_ISP_TDI
7546   1365   580   1182  PP3V3_S0  
7526   1365   907   1182  JTAG_TBT_TMS_PCH
2933   1482   580   1183  PP3V3_S0  
2933   1501   869   1183  PCH_HSIO_PWR_EN
2906   1156   1     1184  GND       
2906   1136   159   1184  TPAD_SPI_IF_EN
2878   1326   580   1185  PP3V3_S0  
2878   1306   553   1185  XDP_MLB_RAMCFG3
2863   1226   987   1186  PP3V3_S5  
2882   1226   612   1186  SPIROM_USE_MLB
3439   122    134   1187  PP3V3_S3RS0_CAMERA
3439   103    593   1187  CAMERA_PWR_EN_PCH
2887   1347   580   1188  PP3V3_S0  
2907   1347   569   1188  TPAD_SPI_INT_GPIO46_L
2907   1243   580   1189  PP3V3_S0  
2907   1224   94    1189  XDP_MLB_RAMCFG1
2933   1244   580   1190  PP3V3_S0  
2933   1225   95    1190  XDP_MLB_RAMCFG2
2951   1612   580   1191  PP3V3_S0  
2932   1612   699   1191  SSD_SR_EN_L
2874   1894   1     1192  GND       
2874   1874   1062  1192  AP_S0IX_WAKE_SEL
2968   1683   1026  1193  PLT_RESET_L
2948   1683   1025  1193  SSD_RESET_L
3014   1537   580   1194  PP3V3_S0  
2995   1537   146   1194  XDP_FW_PME_L
2913   1523   580   1195  PP3V3_S0  
2933   1523   556   1195  PCH_TCO_TIMER_DISABLE
1534   1853   427   1196  PP1V05_S0 
1514   1853   456   1196  PM_THRMTRIP_L
2868   1582   580   1197  PP3V3_S0  
2887   1582   658   1197  LPC_SERIRQ
2618   1058   64    1198  PCH_OPI_COMP
2618   1078   1     1198  GND       
2826   1588   495   1199  AUD_SPI_CS_L
2846   1588   580   1199  PP3V3_S0  
2826   1677   560   1200  AUD_SPI_CLK
2826   1697   1     1200  GND       
2825   1638   480   1201  AUD_SPI_MISO
2825   1658   1     1201  GND       
2785   1676   539   1202  AUD_SPI_MOSI
2805   1676   580   1202  PP3V3_S0  
2802   1615   875   1203  TPAD_SPI_CS_L
2821   1615   580   1203  PP3V3_S0  
2848   1670   877   1204  TPAD_SPI_CLK
2848   1689   1     1204  GND       
2788   1656   819   1205  TPAD_SPI_MISO
2788   1636   1     1205  GND       
2933   1705   876   1206  TPAD_SPI_MOSI
2952   1705   580   1206  PP3V3_S0  
2958   1729   -99   1207  PCH_BT_UART_D2R
2978   1729   580   1207  PP3V3_S0  
2909   1697   538   1208  PCH_BT_UART_R2D
2909   1717   580   1208  PP3V3_S0  
7526   1344   776   1209  PCH_BT_UART_RTS_L
7546   1344   580   1209  PP3V3_S0  
6804   1556   1026  1210  PLT_RESET_L
6823   1556   1037  1210  AP_RESET_L
2883   1709   541   1211  PCH_UART1_RXD
2864   1709   1     1211  GND       
2932   1766   597   1212  PCH_UART1_TXD
2951   1766   580   1212  PP3V3_S0  
2911   1737   542   1213  JTAG_ISP_TDO
2911   1757   580   1213  PP3V3_S0  
2882   1737   540   1214  PCH_UART1_CTS_L
2863   1737   1     1214  GND       
2932   1788   1063  1215  AP_S0IX_WAKE_L
2951   1788   580   1215  PP3V3_S0  
2979   1760   575   1216  PCH_BT_UART_CTS_L
2998   1760   580   1216  PP3V3_S0  
2880   1759   562   1217  PCH_I2C1_SDA
2861   1759   580   1217  PP3V3_S0  
2972   1788   103   1218  PCH_I2C1_SCL
2972   1807   580   1218  PP3V3_S0  
6770   1556   1026  1219  PLT_RESET_L
6750   1556   81    1219  CAM_PCIE_RESET_L
2803   1410   -99   1220  TPAD_SPI_INT_GPIO28_L
2803   1429   895   1220  TPAD_SPI_INT_L
3068   1405   895   1221  TPAD_SPI_INT_L
3068   1424   569   1221  TPAD_SPI_INT_GPIO46_L
2861   1786   580   1222  PP3V3_S0  
2880   1786   561   1222  BT_PWRRST_L
2881   1839   1     1223  GND       
2881   1819   576   1223  ENET_MEDIA_SENSE
2907   1893   580   1224  PP3V3_S0  
2907   1873   590   1224  LCD_IRQ_L 
2932   1837   1     1225  GND       
2932   1817   116   1225  LCD_PSR_EN
2852   1318   1103  1226  PP3V3_S3  
2832   1318   732   1226  SSD_PWR_EN
1480   1875   458   1227  CPU_VCCST_PWRGD
1480   1895   451   1227  XDP_CPU_VCCST_PWRGD
5889   1565   940   1228  PM_PWRBTN_L
5870   1565   453   1228  XDP_CPU_PWRBTN_L
1130   2226   596   1229  PM_PCH_SYS_PWROK
1130   2196   431   1229  XDP_SYS_PWROK
2803   1317   434   1230  XDP_CPURST_L
2803   1337   1026  1230  PLT_RESET_L
1187   1965   429   1231  XDP_CPU_TDO
1168   1965   427   1231  PP1V05_S0 
1514   1833   1     1232  GND       
1514   1813   436   1232  XDP_CPU_TCK
1060   2225   427   1233  PP1V05_S0 
1060   2195   432   1233  CPU_PWR_DEBUG
875    2217   414   1234  CPU_CFG<3>
875    2248   26    1234  XDP_CPU_PRESENT_L
1227   2231   42    1235  PCH_JTAGX 
1227   2211   436   1235  XDP_CPU_TCK
1064   1985   405   1236  PP5V_S0   
1084   1985   416   1236  XDP_JTAG_CPU_ISOL_L
4707   168    145   1237  XDP_SSD_PCIE0_SEL_L
4687   168    1     1237  GND       
1141   1977   437   1238  PP1V05_SUS
1141   1996   443   1238  XDP_PCH_TDO
1169   1976   437   1239  PP1V05_SUS
1169   1995   421   1239  XDP_PCH_TDI
1190   1976   437   1240  PP1V05_SUS
1190   1995   415   1240  XDP_PCH_TMS
1205   2231   1     1241  GND       
1205   2211   435   1241  XDP_PCH_TCK
1558   1813   1     1242  GND       
1538   1813   404   1242  XDP_CPUPCH_TRST_L
1248   2211   437   1243  PP1V05_SUS
1248   2231   42    1243  PCH_JTAGX 
5035   2023   867   1244  SYSCLK_CLK25M_X2
5035   2042   868   1244  SYSCLK_CLK25M_X2_R
5035   2064   868   1245  SYSCLK_CLK25M_X2_R
5035   2083   873   1245  SYSCLK_CLK25M_X1
2435   2085   546   1246  PCH_CLK24M_XTALOUT_R
2435   2105   547   1246  PCH_CLK24M_XTALOUT
2413   2105   547   1247  PCH_CLK24M_XTALOUT
2413   2085   503   1247  PCH_CLK24M_XTALIN
3078   1666   405   1248  PP5V_S0   
3078   1685   574   1248  SPI_DESCRIPTOR_OVERRIDE_LS5V
3057   1685   573   1249  SPI_DESCRIPTOR_OVERRIDE
3057   1666   566   1249  HDA_SDOUT_R
2637   1199   473   1250  LPC_CLK24M_SMC_R
2657   1199   1001  1250  LPC_CLK24M_SMC
3728   2187   427   1251  PP1V05_S0 
3728   2168   458   1251  CPU_VCCST_PWRGD
3219   1990   580   1252  PP3V3_S0  
3219   1971   648   1252  CPUVR_PGOOD_R
1544   1897   338   1253  CPU_VR_READY
1524   1897   648   1253  CPUVR_PGOOD_R
1524   1875   339   1254  CPU_VR_EN 
1544   1875   338   1254  CPU_VR_READY
3159   1884   1059  1255  SMC_DELAYED_PWRGD
3159   1864   104   1255  PM_PCH_PWROK
3204   1784   586   1256  PM_S0_PGOOD
3204   1764   1     1256  GND       
3194   1972   646   1257  SYS_PWROK_R
3194   1991   596   1257  PM_PCH_SYS_PWROK
3137   1884   586   1258  PM_S0_PGOOD
3137   1864   104   1258  PM_PCH_PWROK
1478   916    580   1259  PP3V3_S0  
1497   916    126   1259  MEMVTT_PWR_EN
3034   1453   580   1260  PP3V3_S0  
3014   1453   655   1260  PM_SYSRST_L
2887   1431   41    1261  XDP_DBRESET_L
2907   1431   655   1261  PM_SYSRST_L
3033   1427   655   1262  PM_SYSRST_L
3064   1427   1     1262  GND       
3008   1196   870   1263  PP3V3_SUS 
3028   1196   979   1263  PCH_SML1ALERT_L
7711   1252   -99   1264  TBT_B_CIO_SEL
7691   1252   1     1264  GND       
7730   1423   580   1265  PP3V3_S0  
7710   1423   245   1265  TBT_CIO_PLUG_EVENT_L
7824   1157   1076  1266  TBT_B_LSRX
7838   1143   1     1266  GND       
7711   1299   1082  1267  TBT_B_CONFIG1_BUF
7691   1299   1     1267  GND       
7803   1178   1077  1268  TBT_B_CONFIG2_RC
7789   1192   1     1268  GND       
7711   1229   1079  1269  DP_TBTPB_HPD
7691   1229   1     1269  GND       
2741   1975   580   1270  PP3V3_S0  
2741   1955   989   1270  DP_TBTSNK0_DDC_CLK
2764   1975   580   1271  PP3V3_S0  
2764   1955   988   1271  DP_TBTSNK0_DDC_DATA
2764   1805   580   1272  PP3V3_S0  
2764   1825   -99   1272  DP_TBTSNK1_DDC_CLK
2741   1805   580   1273  PP3V3_S0  
2741   1825   -99   1273  DP_TBTSNK1_DDC_DATA
3360   1274   593   1274  CAMERA_PWR_EN_PCH
3380   1274   121   1274  CAMERA_PWR_EN
4954   2109   1103  1275  PP3V3_S3  
4935   2109   874   1275  PP3V3_S5RS3RS0_SYSCLKGEN
4947   2134   580   1276  PP3V3_S0  
4928   2134   874   1276  PP3V3_S5RS3RS0_SYSCLKGEN
4954   2203   987   1277  PP3V3_S5  
4954   2183   874   1277  PP3V3_S5RS3RS0_SYSCLKGEN
2909   1305   553   1278  XDP_MLB_RAMCFG3
2909   1286   1     1278  GND       
3142   1262   95    1279  XDP_MLB_RAMCFG2
3162   1262   1     1279  GND       
3142   1229   94    1280  XDP_MLB_RAMCFG1
3162   1229   1     1280  GND       
2955   1127   527   1281  XDP_MLB_RAMCFG0
2955   1147   1     1281  GND       
7413   1322   1109  1282  PP3V3_TBTLC
7433   1322   1060  1282  JTAG_TBT_TDO
7475   1405   1109  1283  PP3V3_TBTLC
7495   1405   229   1283  JTAG_TBT_TMS
6658   1479   1027  1284  PLT_RST_BUF_L
6638   1479   1     1284  GND       
6828   1479   1026  1285  PLT_RESET_L
6848   1479   924   1285  PCA9557D_RESET_L
6658   1500   1027  1286  PLT_RST_BUF_L
6638   1500   201   1286  SMC_LRESET_L
6691   1524   1027  1287  PLT_RST_BUF_L
6711   1524   248   1287  BKLT_PLT_RST_L
6658   1522   1027  1288  PLT_RST_BUF_L
6638   1522   81    1288  CAM_PCIE_RESET_L
7199   446    218   1289  PP3V3_S5_DBGLED
7180   446    211   1289  DBGLED_S5 
7199   514    218   1290  PP3V3_S5_DBGLED
7180   514    212   1290  DBGLED_S4 
7199   582    218   1291  PP3V3_S5_DBGLED
7180   582    213   1291  DBGLED_S3 
7200   650    218   1292  PP3V3_S5_DBGLED
7181   650    214   1292  DBGLED_S0I3
7229   581    218   1293  PP3V3_S5_DBGLED
7260   581    987   1293  PP3V3_S5  
7199   718    218   1294  PP3V3_S5_DBGLED
7180   718    215   1294  DBGLED_S0 
3524   711    106   1295  PP3V3_S3_VREFMRGN_DAC
3544   711    591   1295  VREFMRGN_CPU_EN
3682   1391   652   1296  VREFMRGN_DQ_A_EN
3682   1371   1     1296  GND       
3263   1114   517   1297  VREFMRGN_DQ_B_EN
3244   1114   1     1297  GND       
3508   1007   609   1298  VREFMRGN_CA_B_EN
3508   987    1     1298  GND       
3407   918    89    1299  VREFMRGN_SPARE_EN
3407   898    1     1299  GND       
3421   877    87    1300  VREFMRGN_MEMVREG_EN
3440   877    1     1300  GND       
4688   1700   782   1301  VREFMRGN_MEMVREG_BUF
4668   1700   783   1301  DDRREG_FB 
3469   930    107   1302  VREFMRGN_CA_A_EN
3489   930    1     1302  GND       
3280   919    80    1303  VREFMRGN_SPARE_BUF
3260   919    1     1303  GND       
3469   889    1103  1304  PP3V3_S3  
3469   858    106   1304  PP3V3_S3_VREFMRGN_DAC
3571   1423   641   1305  MEM_VREFDQ_A_RC
3571   1442   1     1305  GND       
3595   1180   135   1306  PP1V2_S3  
3595   1200   46    1306  PP0V6_S3_MEM_VREFDQ_A
3592   1235   46    1307  PP0V6_S3_MEM_VREFDQ_A
3612   1235   1     1307  GND       
3563   1306   650   1308  CPU_MEM_VREFDQ_A_ISOL
3544   1306   46    1308  PP0V6_S3_MEM_VREFDQ_A
3703   1391   652   1309  VREFMRGN_DQ_A_EN
3703   1371   666   1309  VREFMRGN_DQ_A_EN_RC
3784   1391   520   1310  VREFMRGN_DQ_A
3784   1371   673   1310  VREFMRGN_DQ_A_RDIV
3195   969    581   1311  MEM_VREFDQ_B_RC
3195   949    1     1311  GND       
3130   1041   135   1312  PP1V2_S3  
3130   1021   75    1312  PP0V6_S3_MEM_VREFDQ_B
3152   1020   75    1313  PP0V6_S3_MEM_VREFDQ_B
3152   1040   1     1313  GND       
3174   1040   90    1314  CPU_MEM_VREFDQ_B_ISOL
3174   1020   75    1314  PP0V6_S3_MEM_VREFDQ_B
3283   1114   517   1315  VREFMRGN_DQ_B_EN
3303   1114   592   1315  VREFMRGN_DQ_B_EN_RC
3192   871    521   1316  VREFMRGN_DQ_B
3192   891    522   1316  VREFMRGN_DQ_B_RDIV
3266   1069   583   1317  MEM_VREFCA_A_RC
3266   1049   1     1317  GND       
3294   1091   135   1318  PP1V2_S3  
3313   1091   45    1318  PP0V6_S3_MEM_VREFCA_A
3333   1069   45    1319  PP0V6_S3_MEM_VREFCA_A
3333   1049   1     1319  GND       
3311   1049   651   1320  CPU_MEM_VREFCA_A_ISOL
3311   1069   45    1320  PP0V6_S3_MEM_VREFCA_A
3448   930    107   1321  VREFMRGN_CA_A_EN
3429   930    649   1321  VREFMRGN_CA_A_EN_RC
3388   1050   611   1322  VREFMRGN_CA_AB
3369   1050   638   1322  VREFMRGN_CA_A_RDIV
3218   891    79    1323  MEM_VREFCA_B_RC
3218   871    1     1323  GND       
3274   1091   135   1324  PP1V2_S3  
3254   1091   74    1324  PP0V6_S3_MEM_VREFCA_B
3240   890    74    1325  PP0V6_S3_MEM_VREFCA_B
3240   870    1     1325  GND       
3240   930    88    1326  CPU_MEM_VREFCA_B_ISOL
3240   911    74    1326  PP0V6_S3_MEM_VREFCA_B
3488   1007   609   1327  VREFMRGN_CA_B_EN
3468   1007   608   1327  VREFMRGN_CA_B_EN_RC
3409   1050   611   1328  VREFMRGN_CA_AB
3429   1050   610   1328  VREFMRGN_CA_B_RDIV
1132   220    16    1329  MEM_A_ZQ<0>
1132   200    1     1329  GND       
1111   220    15    1330  MEM_A_ZQ<1>
1111   200    1     1330  GND       
1680   230    43    1331  MEM_A_ZQ<2>
1680   210    1     1331  GND       
1659   230    17    1332  MEM_A_ZQ<3>
1659   210    1     1332  GND       
2225   224    56    1333  MEM_B_ZQ<0>
2225   204    1     1333  GND       
2204   224    44    1334  MEM_B_ZQ<1>
2204   204    1     1334  GND       
2776   224    61    1335  MEM_B_ZQ<2>
2776   204    1     1335  GND       
2755   224    60    1336  MEM_B_ZQ<3>
2755   204    1     1336  GND       
1294   81     -99   1337  MEM_A_CAA<5>
1294   62     741   1337  PP0V6_S0_DDRVTT
1321   81     -99   1338  MEM_A_CLK_P<0>
1321   62     741   1338  PP0V6_S0_DDRVTT
1344   82     -99   1339  MEM_A_CLK_N<0>
1344   62     741   1339  PP0V6_S0_DDRVTT
1369   82     -99   1340  MEM_A_CKE<1>
1369   62     741   1340  PP0V6_S0_DDRVTT
1464   82     -99   1341  MEM_A_CKE<0>
1464   62     741   1341  PP0V6_S0_DDRVTT
1487   82     -99   1342  MEM_A_CAA<4>
1487   62     741   1342  PP0V6_S0_DDRVTT
1508   82     -99   1343  MEM_A_CAA<3>
1508   62     741   1343  PP0V6_S0_DDRVTT
1862   82     -99   1344  MEM_A_CLK_P<1>
1862   62     741   1344  PP0V6_S0_DDRVTT
1884   82     -99   1345  MEM_A_CLK_N<1>
1884   62     741   1345  PP0V6_S0_DDRVTT
1967   82     -99   1346  MEM_A_CKE<2>
1967   62     741   1346  PP0V6_S0_DDRVTT
2425   82     -99   1347  MEM_B_CAA<5>
2425   62     741   1347  PP0V6_S0_DDRVTT
2446   82     -99   1348  MEM_B_CLK_P<0>
2446   62     741   1348  PP0V6_S0_DDRVTT
2468   82     -99   1349  MEM_B_CLK_N<0>
2468   62     741   1349  PP0V6_S0_DDRVTT
2491   82     -99   1350  MEM_B_CKE<1>
2491   62     741   1350  PP0V6_S0_DDRVTT
2574   82     -99   1351  MEM_B_CKE<0>
2574   62     741   1351  PP0V6_S0_DDRVTT
2596   82     -99   1352  MEM_B_CAA<4>
2596   62     741   1352  PP0V6_S0_DDRVTT
2619   82     -99   1353  MEM_B_CAA<2>
2619   62     741   1353  PP0V6_S0_DDRVTT
3033   82     -99   1354  MEM_B_CLK_N<1>
3033   62     741   1354  PP0V6_S0_DDRVTT
3056   82     -99   1355  MEM_B_CLK_P<1>
3056   62     741   1355  PP0V6_S0_DDRVTT
3079   82     -99   1356  MEM_B_CKE<2>
3079   62     741   1356  PP0V6_S0_DDRVTT
1991   82     -99   1357  MEM_A_CKE<3>
1991   62     741   1357  PP0V6_S0_DDRVTT
2018   82     -99   1358  MEM_A_CAB<4>
2018   62     741   1358  PP0V6_S0_DDRVTT
1676   82     -99   1359  MEM_A_CS_L<0>
1676   62     741   1359  PP0V6_S0_DDRVTT
1654   82     -99   1360  MEM_A_CS_L<1>
1654   62     741   1360  PP0V6_S0_DDRVTT
1697   82     438   1361  MEM_A_ODT<0>
1697   62     741   1361  PP0V6_S0_DDRVTT
1718   82     -99   1362  MEM_A_CAB<9>
1718   62     741   1362  PP0V6_S0_DDRVTT
3105   82     -99   1363  MEM_B_CKE<3>
3105   62     741   1363  PP0V6_S0_DDRVTT
3130   82     -99   1364  MEM_B_CAB<4>
3130   62     741   1364  PP0V6_S0_DDRVTT
2801   81     -99   1365  MEM_B_CS_L<0>
2801   62     741   1365  PP0V6_S0_DDRVTT
2778   81     -99   1366  MEM_B_CS_L<1>
2778   62     741   1366  PP0V6_S0_DDRVTT
2823   82     481   1367  MEM_B_ODT<0>
2823   62     741   1367  PP0V6_S0_DDRVTT
2846   82     -99   1368  MEM_B_CAB<9>
2846   62     741   1368  PP0V6_S0_DDRVTT
8038   1385   1124  1369  TBT_MONOBSP
8018   1385   1125  1369  TBT_MONOBSN
7782   1274   1096  1370  TBT_TEST_EN
7768   1288   1     1370  GND       
7805   1442   1109  1371  PP3V3_TBTLC
7805   1462   1110  1371  TBT_TEST_PWR_GOOD
7823   1345   904   1372  DP_TBTSNK0_HPD
7809   1359   1     1372  GND       
7804   1327   894   1373  DP_TBTSNK1_HPD
7790   1340   1     1373  GND       
7767   1363   1098  1374  DP_TBTSRC_HPD
7748   1363   1     1374  GND       
8085   1355   1123  1375  TBT_RSENSE
8085   1374   1138  1375  TBT_RBIAS 
7652   1455   1084  1376  TBT_DFT_STRAP_1
7652   1435   1     1376  GND       
7548   1410   231   1377  TBT_ROM_SECURITY_XOR
7548   1390   1     1377  GND       
7708   1379   1083  1378  TBT_DFT_STRAP_3
7728   1379   1     1378  GND       
7525   1410   1109  1379  PP3V3_TBTLC
7525   1390   231   1379  TBT_ROM_SECURITY_XOR
7767   1342   1109  1380  PP3V3_TBTLC
7748   1342   244   1380  TBT_GPIO2 
7859   1335   1109  1381  PP3V3_TBTLC
7845   1321   1097  1381  TBT_GPIO7 
7787   1382   1109  1382  PP3V3_TBTLC
7806   1382   1108  1382  TBT_DDC_XBAR_EN_L
7646   1105   898   1383  PP3V3_S4  
7646   1124   1126  1383  TBT_EN_CIO_PWR_L
7709   1401   1109  1384  PP3V3_TBTLC
7729   1401   775   1384  HDMITBTMUX_SEL_TBT
7756   1320   230   1385  TBTDP_AUXIO_EN
7737   1320   1     1385  GND       
7396   993    898   1386  PP3V3_S4  
7376   993    1056  1386  TBT_BATLOW_L
7766   1157   898   1387  PP3V3_S4  
7766   1176   1150  1387  TBT_A_DP_PWRDN
7745   1113   898   1388  PP3V3_S4  
7745   1133   1078  1388  TBT_B_DP_PWRDN
7861   1307   986   1389  TBT_A_HV_EN
7847   1294   1     1389  GND       
7711   1276   1081  1390  TBT_B_HV_EN
7691   1276   1     1390  GND       
7596   986    1109  1391  PP3V3_TBTLC
7576   986    1068  1391  TBTROM_HOLD_L
7520   1290   1109  1392  PP3V3_TBTLC
7520   1270   1070  1392  TBTROM_WP_L
7567   1290   1109  1393  PP3V3_TBTLC
7567   1270   1071  1393  TBT_SPI_MISO
7615   1290   1109  1394  PP3V3_TBTLC
7615   1270   1080  1394  TBT_SPI_CS_L
8159   1424   1139  1395  SYSCLK_CLK25M_TBT_R
8159   1444   1147  1395  SYSCLK_CLK25M_TBT
8135   1424   1139  1396  SYSCLK_CLK25M_TBT_R
8135   1444   1     1396  GND       
7786   1422   1100  1397  TBT_TMU_CLK_OUT
7766   1422   1     1397  GND       
7775   1549   1109  1398  PP3V3_TBTLC
7775   1569   1111  1398  TBT_EN_CIO_PWR
7324   1055   898   1399  PP3V3_S4  
7324   1075   -99   1399  TBTPOCRST_SENSE
7345   1109   -99   1400  TBTPOCRST_SENSE
7345   1089   1     1400  GND       
7447   1098   898   1401  PP3V3_S4  
7447   1117   -99   1401  TBTPOCRST_MR_L
7343   1173   580   1402  PP3V3_S0  
7363   1173   1057  1402  TBT_POC_RESET_L
6886   831    952   1403  PPBUS_G3H 
6867   831    197   1403  TBTBST_PWREN_DIV_L
6812   831    197   1404  TBTBST_PWREN_DIV_L
6793   831    196   1404  TBTBST_PWREN_L
7266   880    1055  1405  TBTBST_SHDN_DIV
7266   861    1     1405  GND       
7288   861    1058  1406  PPVIN_S4SW_TBTBST_FET
7288   880    1055  1406  TBTBST_SHDN_DIV
6928   1123   200   1407  TBTBST_SNS1
6928   1104   199   1407  TBTBST_SNS2
7172   980    1031  1408  TBTBST_VSNS_RC
7172   1011   1033  1408  TBTBST_VSNS
7257   1041   1058  1409  PPVIN_S4SW_TBTBST_FET
7238   1041   1032  1409  TBTBST_EN_UVLO
7193   1041   1032  1410  TBTBST_EN_UVLO
7174   1041   198   1410  GND_TBTBST_SGND
7207   952    217   1411  TBTBST_VC 
7227   952    221   1411  TBTBST_VC_RC
7070   948    210   1412  TBTBST_RT 
7051   948    198   1412  GND_TBTBST_SGND
7136   1011   1033  1413  TBTBST_VSNS
7136   980    216   1413  TBTBST_FBX
7140   915    216   1414  TBTBST_FBX
7140   885    198   1414  GND_TBTBST_SGND
9017   1963   1189  1415  TBTACONN_20_RC
9017   1943   1188  1415  PP3V3RHV_S4_TBTAPWR_F
7625   1788   1116  1416  TBTAPWRSW_ISET_S3
7625   1768   1114  1416  TBTAPWRSW_ISET_S3_R
7647   1788   1117  1417  TBTAPWRSW_ISET_S0
7647   1768   1115  1417  TBTAPWRSW_ISET_S0_R
7598   1717   1113  1418  TBTAPWRSW_ISET_V3P3
7598   1697   1     1418  GND       
7623   1717   1114  1419  TBTAPWRSW_ISET_S3_R
7623   1697   1     1419  GND       
7647   1717   1115  1420  TBTAPWRSW_ISET_S0_R
7647   1697   1     1420  GND       
8966   1814   1186  1421  TBT_A_HPD 
8966   1794   1     1421  GND       
8706   2035   1132  1422  TBT_A_CONFIG2_RC
8686   2035   1     1422  GND       
8706   2057   1182  1423  TBT_A_CONFIG1_RC
8686   2057   1     1423  GND       
8846   2099   309   1424  TBT_A_R2D_P<0>
8846   2118   1     1424  GND       
8846   2079   308   1425  TBT_A_R2D_N<0>
8846   2059   1     1425  GND       
8846   1991   303   1426  TBT_A_R2D_P<1>
8846   1972   1     1426  GND       
8846   2013   302   1427  TBT_A_R2D_N<1>
8846   2033   1     1427  GND       
8026   988    307   1428  DP_TBTPA_ML_P<3>
8006   988    1     1428  GND       
8089   988    306   1429  DP_TBTPA_ML_N<3>
8109   988    1     1429  GND       
8747   2056   311   1430  TBT_A_D2R_C_P<0>
8728   2056   1182  1430  TBT_A_CONFIG1_RC
8747   2035   310   1431  TBT_A_D2R_C_N<0>
8728   2035   1132  1431  TBT_A_CONFIG2_RC
6757   2063   1046  1432  BT_WAKE   
6757   2083   1     1432  GND       
6840   1885   1036  1433  PP3V3_WLAN
6860   1885   1052  1433  AP_CLKREQ_Q_L
7058   1827   1036  1434  PP3V3_WLAN
7038   1827   1042  1434  P3V3WLAN_VMON
7038   1849   1042  1435  P3V3WLAN_VMON
7058   1849   1     1435  GND       
6860   1824   1041  1436  AP_CLKREQ_R_L
6840   1824   98    1436  AP_CLKREQ_L
6840   1849   98    1437  AP_CLKREQ_L
6860   1849   1052  1437  AP_CLKREQ_Q_L
7058   1894   1051  1438  AP_RESET_CONN_L
7038   1894   1043  1438  AP_RESET_CONN_R_L
7038   1871   1037  1439  AP_RESET_L
7058   1871   1051  1439  AP_RESET_CONN_L
7428   1794   1064  1440  AP_PCIE_WAKE_L
7428   1774   510   1440  PCIE_WAKE_L
7484   1873   987   1441  PP3V3_S5  
7464   1873   1064  1441  AP_PCIE_WAKE_L
4599   164    636   1442  PP3V3_S0SW_SSD_FLT
4619   164    717   1442  SMC_OOB1_D2R_CONN_L
4349   330    102   1443  SSD_BOOT  
4349   310    700   1443  SSD_BOOT_R
4688   215    718   1444  SSD_PCIE_SEL_L
4688   195    1     1444  GND       
4671   160    717   1445  SMC_OOB1_D2R_CONN_L
4690   160    1     1445  GND       
4576   164    580   1446  PP3V3_S0  
4576   184    718   1446  SSD_PCIE_SEL_L
4940   494    685   1447  PP3V3_S0SW_SSD
4921   494    774   1447  SSD_CLKREQ_CONN_L
4744   491    685   1448  PP3V3_S0SW_SSD
4763   491    757   1448  P3V3SSD_VMON
4763   470    757   1449  P3V3SSD_VMON
4744   470    1     1449  GND       
3915   112    615   1450  CAM_PWR_SEL
3915   93     1     1450  GND       
3997   93     83    1451  PP1V8_CAM 
3997   112    617   1451  CAM_XTAL_FREQ
4020   93     83    1452  PP1V8_CAM 
4020   112    621   1452  CAM_XTAL_SEL
4020   136    621   1453  CAM_XTAL_SEL
4020   156    1     1453  GND       
3802   99     606   1454  CAM_TEST_OUT
3821   99     1     1454  GND       
3432   404    515   1455  CAM_TEST_MODE
3412   404    1     1455  GND       
3827   652    1     1456  GND       
3827   632    123   1456  MEM_CAM_ZQ_S2
3502   390    83    1457  PP1V8_CAM 
3522   390    340   1457  I2C_CAM_SCK
3502   414    83    1458  PP1V8_CAM 
3522   414    516   1458  I2C_CAM_SDA
4044   93     83    1459  PP1V8_CAM 
4044   112    620   1459  CAM_JTAG_SRST_L
4105   59     83    1460  PP1V8_CAM 
4085   59     619   1460  I2C_CAM_SMBDBG_DAT
3971   59     83    1461  PP1V8_CAM 
3991   59     618   1461  I2C_CAM_SMBDBG_CLK
3463   343    83    1462  PP1V8_CAM 
3483   343    607   1462  CAM_RAMCFG0
3573   372    607   1463  CAM_RAMCFG0
3593   372    1     1463  GND       
3467   376    83    1464  PP1V8_CAM 
3447   376    509   1464  CAM_RAMCFG1
3394   373    509   1465  CAM_RAMCFG1
3374   373    1     1465  GND       
3323   313    83    1466  PP1V8_CAM 
3343   313    507   1466  CAM_RAMCFG2
3393   312    507   1467  CAM_RAMCFG2
3413   312    1     1467  GND       
3323   344    83    1468  PP1V8_CAM 
3343   344    508   1468  CAM_GPIO3 
3393   343    508   1469  CAM_GPIO3 
3413   343    1     1469  GND       
4217   62     676   1470  CAM_UARTRXD
4197   62     1     1470  GND       
4147   62     626   1471  CAM_UARTCTS
4127   62     1     1471  GND       
3939   93     83    1472  PP1V8_CAM 
3939   112    616   1472  CAM_DEBUG_RESET_L
3516   457    510   1473  PCIE_WAKE_L
3536   457    518   1473  CAM_PCIE_WAKE_L
3805   1168   84    1474  PP0V675_CAM_VREF
3824   1168   127   1474  PP0V675_MEM_CAM_VREFDQ
3744   1185   604   1475  PP1V35_CAM
3744   1166   637   1475  MEM_CAM_ODT
3765   1166   637   1476  MEM_CAM_ODT
3765   1186   1     1476  GND       
3850   706    124   1477  MEM_CAM_ZQ_DDR
3850   686    1     1477  GND       
3463   305    83    1478  PP1V8_CAM 
3483   305    514   1478  CAM_SENSOR_WAKE_L
4103   168    627   1479  CLK25M_CAM_XTALP
4103   187    628   1479  CLK25M_CAM_XTALP_R
4107   227    847   1480  SYSCLK_CLK25M_CAMERA
4107   246    622   1480  CLK25M_CAM_CLKP
4130   227    628   1481  CLK25M_CAM_XTALP_R
4130   246    622   1481  CLK25M_CAM_CLKP
4121   272    629   1482  CLK25M_CAM_XTALN
4101   272    623   1482  CLK25M_CAM_CLKN
4154   227    628   1483  CLK25M_CAM_XTALP_R
4154   246    629   1483  CLK25M_CAM_XTALN
3733   643    -99   1484  MEM_CAM_CLK_P
3713   643    -99   1484  MEM_CAM_CLK_N
3873   707    -99   1485  MEM_CAM_CKE
3873   687    -99   1485  MEM_CAM_CKE_R
3776   686    604   1486  PP1V35_CAM
3776   706    125   1486  PP0V675_MEM_CAM_VREFCA
3801   706    125   1487  PP0V675_MEM_CAM_VREFCA
3801   686    1     1487  GND       
405    464    320   1488  CAM_SENSOR_WAKE_L_CONN
405    484    514   1488  CAM_SENSOR_WAKE_L
343    464    320   1489  CAM_SENSOR_WAKE_L_CONN
343    484    1     1489  GND       
8362   594    898   1490  PP3V3_S4  
8362   574    1144  1490  SDCONN_STATE_CHANGE_SAK_L
8228   570    898   1491  PP3V3_S4  
8228   550    1101  1491  SMC_PME_SDCONN
8652   803    262   1492  SDCONN_CMD
8672   803    272   1492  SDCONN_CMD_R
8577   542    259   1493  SDCONN_DATA<0>
8597   542    258   1493  SDCONN_R_DATA<0>
8573   484    257   1494  SDCONN_DATA<1>
8593   484    268   1494  SDCONN_R_DATA<1>
8653   897    264   1495  SDCONN_DATA<2>
8673   897    274   1495  SDCONN_R_DATA<2>
8653   839    263   1496  SDCONN_DATA<3>
8673   839    273   1496  SDCONN_R_DATA<3>
8640   743    261   1497  SDCONN_CLK
8660   743    271   1497  SDCONN_CLK_L
8708   560    270   1498  SDCONN_CLK_R1
8677   560    269   1498  SDCONN_CLK_R2
8685   447    269   1499  SDCONN_CLK_R2
8716   447    267   1499  SD_CONN_CLK
8687   489    269   1500  SDCONN_CLK_R2
8656   489    1     1500  GND       
8302   878    256   1501  SD_RTERM  
8321   878    1     1501  GND       
8401   529    250   1502  SD_RESET_L
8381   529    -99   1502  SD_RESET_R_L
8301   579    239   1503  USB_SD_DM 
8320   579    249   1503  USB_SD_DP 
8333   883    1131  1504  SDCLK_CLK25M_X2
8333   863    1104  1504  SDCLK_CLK25M_X2_R
8328   813    1104  1505  SDCLK_CLK25M_X2_R
8309   813    1102  1505  SDSCLK_CLK25M_X1
8115   592    241   1506  PP3V3_S0SW_SD
8095   592    235   1506  SD_SPI_WP_L
8224   520    241   1507  PP3V3_S0SW_SD
8204   520    237   1507  SD_SPI_HOLD_L
8040   766    987   1508  PP3V3_S5  
8040   786    1087  1508  SD_PWR_EN 
8472   1252   275   1509  USB_ILIM  
8472   1233   1134  1509  USB_ILIM_R
8472   1212   1134  1510  USB_ILIM_R
8472   1192   1     1510  GND       
8891   1493   866   1511  PP3V42_G3H
8872   1493   1179  1511  SMC_DEBUGPRT_EN_L
5992   237    831   1512  TPAD_USB_IF_EN
5973   237    1     1512  GND       
5856   405    898   1513  PP3V3_S4  
5856   386    891   1513  PP3V3_S4_IPD
5830   218    887   1514  SMC_PME_S4_WAKE_L
5830   237    888   1514  TPAD_WAKE_L
5882   217    895   1515  TPAD_SPI_INT_L
5882   237    896   1515  TPAD_SPI_INT_S4_WAKE_L_CONN
5856   217    887   1516  SMC_PME_S4_WAKE_L
5856   237    896   1516  TPAD_SPI_INT_S4_WAKE_L_CONN
5749   287    888   1517  TPAD_WAKE_L
5749   267    1     1517  GND       
5620   109    819   1518  TPAD_SPI_MISO
5620   128    883   1518  TPAD_SPI_MISO_R
5680   109    877   1519  TPAD_SPI_CLK
5680   128    884   1519  TPAD_SPI_CLK_R
5739   109    876   1520  TPAD_SPI_MOSI
5739   128    885   1520  TPAD_SPI_MOSI_R
5798   109    -99   1521  TPAD_SPI_CS_CONN_L
5798   128    886   1521  TPAD_SPI_CS_R_L
5860   150    1103  1522  PP3V3_S3  
5860   130    -99   1522  TPAD_SPI_CS_CONN_L
6343   1410   866   1523  PP3V42_G3H
6343   1429   983   1523  SMC_WAKE_L
6258   2179   866   1524  PP3V42_G3H
6277   2179   804   1524  SMC_RESET_L
6481   2146   194   1525  SMC_MANUAL_RST_L
6426   2146   914   1525  GND_SMC_AVSS
6492   1756   1002  1526  SMC_XTAL  
6492   1776   1003  1526  SMC_XTAL_R
2859   1374   531   1527  PM_CLK32K_SUSCLK_R
2878   1374   981   1527  SMC_CLK32K
5889   1587   941   1528  MEM_EVENT_L
5870   1587   866   1528  PP3V42_G3H
6269   2255   973   1529  SMC_ONOFF_L
6214   2255   1     1529  GND       
6270   2255   973   1530  SMC_ONOFF_L
6214   2255   1     1530  GND       
6306   2022   202   1531  CPU_THRMTRIP_3V3
6306   2042   866   1531  PP3V42_G3H
6645   2218   866   1532  PP3V42_G3H
6614   2218   203   1532  PP3V42_G3H_SMC_SPVSR
5758   2119   918   1533  CPU_PECI_R
5758   2100   460   1533  CPU_PECI  
5780   2155   918   1534  CPU_PECI_R
5800   2155   1     1534  GND       
5856   2088   182   1535  SMC_PECI_L
5836   2088   917   1535  SMC_PECI_L_R
5836   2110   917   1536  SMC_PECI_L_R
5856   2110   1     1536  GND       
6449   2137   1020  1537  PM_THRMTRIP_R_L
6468   2137   456   1537  PM_THRMTRIP_L
6432   1429   998   1538  SMC_PME_S4_DARK_L
6432   1410   898   1538  PP3V3_S4  
6184   1429   973   1539  SMC_ONOFF_L
6184   1410   866   1539  PP3V42_G3H
6205   1429   974   1540  SMC_LID   
6205   1410   866   1540  PP3V42_G3H
6162   1429   980   1541  SMC_SENSOR_ALERT_L
6162   1410   580   1541  PP3V3_S0  
5889   1522   938   1542  SMC_TX_L  
5870   1522   866   1542  PP3V42_G3H
5987   1452   966   1543  SMC_RX_L  
5987   1432   866   1543  PP3V42_G3H
6539   1915   1185  1544  SMC_DEBUGPRT_TX_L
6559   1915   1     1544  GND       
6539   1891   1184  1545  SMC_DEBUGPRT_RX_L
6559   1891   1     1545  GND       
6489   1972   1007  1546  SMC_TMS   
6509   1972   866   1546  PP3V42_G3H
6489   1929   1006  1547  SMC_TDO   
6509   1929   866   1547  PP3V42_G3H
6489   1875   1005  1548  SMC_TDI   
6509   1875   866   1548  PP3V42_G3H
6489   1853   1004  1549  SMC_TCK   
6509   1853   866   1549  PP3V42_G3H
6396   1429   997   1550  SMC_BIL_BUTTON_L
6396   1410   866   1550  PP3V42_G3H
5901   1708   595   1551  SMC_ADAPTER_EN
5882   1708   1     1551  GND       
5870   1443   184   1552  SMC_THRMTRIP
5889   1443   1     1552  GND       
6140   1429   971   1553  SMC_BC_ACOK
6140   1410   866   1553  PP3V42_G3H
6563   1956   1017  1554  WIFI_EVENT_L
6583   1956   1036  1554  PP3V3_WLAN
6547   1665   1000  1555  SMC_S4_WAKESRC_EN
6567   1665   1     1555  GND       
6040   1401   1059  1556  SMC_DELAYED_PWRGD
6040   1382   1     1556  GND       
5889   1544   939   1557  SMC_S5_PWRGD_VIN
5870   1544   866   1557  PP3V42_G3H
6236   2002   1018  1558  SMS_INT_L 
6236   2022   866   1558  PP3V42_G3H
5870   1466   936   1559  SMC_VCCIO_CPU_DIV2
5889   1466   1     1559  GND       
5795   1466   427   1560  PP1V05_S0 
5814   1466   936   1560  SMC_VCCIO_CPU_DIV2
5754   1486   778   1561  SMC_PM_G2_EN
5734   1486   1     1561  GND       
6141   1358   933   1562  FINSTACKSNS_ALERT_L
6141   1377   980   1562  SMC_SENSOR_ALERT_L
6163   1358   970   1563  CPUBMONSNS_ALERT_L
6163   1377   980   1563  SMC_SENSOR_ALERT_L
6185   1358   994   1564  TBTMLBSNS_ALERT_L
6185   1377   980   1564  SMC_SENSOR_ALERT_L
6120   1358   960   1565  SMC_BMON_COMP_ALERT_L
6120   1377   980   1565  SMC_SENSOR_ALERT_L
6097   1358   934   1566  CPUTHMSNS_ALERT_L
6097   1377   980   1566  SMC_SENSOR_ALERT_L
6206   1358   979   1567  PCH_SML1ALERT_L
6206   1377   980   1567  SMC_SENSOR_ALERT_L
6304   1224   963   1568  SMC_HS_COMP_ALERT_L
6323   1224   980   1568  SMC_SENSOR_ALERT_L
5752   1515   908   1569  SMC_PCH_SUSWARN_L
5733   1515   549   1569  PCH_SUSWARN_L
5814   1496   937   1570  SMC_PCH_SUSACK_L
5795   1496   552   1570  PCH_SUSACK_L
6066   1390   898   1571  PP3V3_S4  
6066   1410   887   1571  SMC_PME_S4_WAKE_L
5901   1741   946   1572  SMC_TOPBLK_SWP_L
5881   1741   945   1572  PCH_STRP_TOPBLK_SWP_L
6433   1352   995   1573  SMC_SENSOR_PWR_EN
6433   1371   898   1573  PP3V3_S4  
6066   1351   964   1574  SMC_WIFI_PWR_EN
6066   1370   898   1574  PP3V3_S4  
5880   1762   580   1575  PP3V3_S0  
5900   1762   946   1575  SMC_TOPBLK_SWP_L
1160   2231   580   1576  PP3V3_S0  
1160   2211   950   1576  SMBUS_PCH_DATA
1184   2231   580   1577  PP3V3_S0  
1184   2211   949   1577  SMBUS_PCH_CLK
3162   1317   580   1578  PP3V3_S0  
3142   1317   96    1578  SML_PCH_0_DATA
3162   1197   580   1579  PP3V3_S0  
3142   1197   93    1579  SML_PCH_0_CLK
2028   1707   580   1580  PP3V3_S0  
2028   1687   906   1580  SMBUS_SMC_1_S0_SDA
1997   1707   580   1581  PP3V3_S0  
1997   1687   322   1581  SMBUS_SMC_1_S0_SCL
884    236    1103  1582  PP3V3_S3  
865    236    369   1582  SMBUS_SMC_2_S3_SDA
884    260    1103  1583  PP3V3_S3  
865    260    370   1583  SMBUS_SMC_2_S3_SCL
6097   1410   866   1584  PP3V42_G3H
6097   1429   965   1584  SMBUS_SMC_5_G3_SDA
6119   1410   866   1585  PP3V42_G3H
6119   1429   972   1585  SMBUS_SMC_5_G3_SCL
6498   1395   580   1586  PP3V3_S0  
6498   1415   993   1586  SMBUS_SMC_3_SDA
6474   1395   580   1587  PP3V3_S0  
6474   1415   889   1587  SMBUS_SMC_3_SCL
4665   1261   738   1588  PP3V3_S3RS0_CAMERA_R
4734   1261   134   1588  PP3V3_S3RS0_CAMERA
4665   1338   760   1588  ISNS_CAMERA_P
4734   1338   761   1588  ISNS_CAMERA_N
4551   1236   580   1589  PP3V3_S0  
4582   1236   738   1589  PP3V3_S3RS0_CAMERA_R
5825   1656   943   1590  CHGR_BMON 
5806   1656   911   1590  SMC_BMON_ISENSE
4636   1188   1103  1591  PP3V3_S3  
4605   1188   738   1591  PP3V3_S3RS0_CAMERA_R
6004   2062   739   1592  ISNS_CAMERA_IOUT
6004   2043   1     1592  GND       
6005   2087   739   1593  ISNS_CAMERA_IOUT
6005   2107   967   1593  SMC_CAMERA_ISENSE
5570   1272   839   1594  PPBUS_S5_HS_OTHER_ISNS
5620   1272   952   1594  PPBUS_G3H 
5570   1199   158   1594  ISNS_HS_OTHER_N
5620   1199   162   1594  ISNS_HS_OTHER_P
5825   1681   797   1595  CHGR_AMON 
5806   1681   912   1595  SMC_DCIN_ISENSE
6148   2088   161   1596  HS_OTHER_IOUT
6148   2108   1     1596  GND       
6123   2088   161   1597  HS_OTHER_IOUT
6123   2108   978   1597  SMC_OTHER_HI_ISENSE
6658   1095   991   1598  PP3V3_S0_FET_R
6658   1144   580   1598  PP3V3_S0  
6585   1095   961   1598  ISNS_P3V3_S0_P
6585   1144   992   1598  ISNS_P3V3_S0_N
5968   2062   962   1599  ISNS_P3V3_S0_IOUT
5968   2043   1     1599  GND       
5968   2088   962   1600  ISNS_P3V3_S0_IOUT
5968   2108   968   1600  SMC_P3V3S0_ISENSE
5622   1422   390   1601  PPBUS_S5_HS_COMPUTING_ISNS
5622   1366   952   1601  PPBUS_G3H 
5546   1422   828   1601  ISNS_HS_COMPUTING_N
5546   1366   827   1601  ISNS_HS_COMPUTING_P
5825   1709   163   1602  ISNS_HS_COMPUTING_IOUT
5806   1709   1     1602  GND       
5825   1732   163   1603  ISNS_HS_COMPUTING_IOUT
5806   1732   944   1603  SMC_HS_COMPUTING_ISENSE
6198   2088   688   1604  ISNS_1V2_IOUT
6198   2108   1     1604  GND       
6176   2088   688   1605  ISNS_1V2_IOUT
6176   2108   1012  1605  SMC_1V2S3_ISENSE
6974   1280   1035  1606  PP3V3_WLAN_R
6974   1349   1036  1606  PP3V3_WLAN
6898   1280   1023  1606  ISNS_AIRPORT_P
6898   1349   1024  1606  ISNS_AIRPORT_N
5886   2061   1022  1607  ISNS_P5VWLAN_IOUT
5886   2042   1     1607  GND       
5886   2087   1022  1608  ISNS_P5VWLAN_IOUT
5886   2107   969   1608  SMC_WLAN_ISENSE
4380   1055   685   1609  PP3V3_S0SW_SSD
4380   1105   729   1609  PP3V3_S0SW_SSD_FET_R
4305   1055   686   1609  ISNS_SSD_N
4305   1105   687   1609  ISNS_SSD_P
5929   2061   832   1610  ISNS_P5VSSD_IOUT
5929   2042   1     1610  GND       
5929   2088   832   1611  ISNS_P5VSSD_IOUT
5929   2108   948   1611  SMC_SSD_ISENSE
7748   1813   283   1612  PPVIN_S0SW_LCDBKLT_FET
7748   1882   286   1612  PPVIN_S0SW_LCDBKLT
7824   1813   1127  1612  ISNS_LCDBKLT_P
7824   1882   1128  1612  ISNS_LCDBKLT_N
6248   2088   1129  1613  ISNS_LCDBKLT_IOUT
6248   2108   1     1613  GND       
6226   2088   1129  1614  ISNS_LCDBKLT_IOUT
6226   2108   1010  1614  SMC_LCDBKLT_ISENSE
5571   1566   952   1615  PPBUS_G3H 
5571   1546   177   1615  PBUSVSENS_EN_L_DIV
5571   1507   176   1616  PBUSVSENS_EN_L
5571   1526   177   1616  PBUSVSENS_EN_L_DIV
5825   1775   166   1617  PBUS_S0_VSENSE
5806   1775   913   1617  SMC_PBUS_VSENSE
5754   1799   913   1618  SMC_PBUS_VSENSE
5734   1799   914   1618  GND_SMC_AVSS
5417   1565   770   1619  PPDCIN_G3H_ISOL
5417   1546   165   1619  PDCINVSENS_EN_L_DIV
5417   1504   164   1620  DCINVSENS_EN_L
5417   1524   165   1620  PDCINVSENS_EN_L_DIV
6044   2087   173   1621  DCIN_S5_VSENSE
6044   2107   977   1621  SMC_DCIN_VSENSE
6052   2162   977   1622  SMC_DCIN_VSENSE
6052   2181   914   1622  GND_SMC_AVSS
6359   2087   53    1623  CPUVSENSE_IN
6359   2107   1011  1623  SMC_CPU_VSENSE
5825   1628   111   1624  P1V05VSENSE_IN
5806   1628   910   1624  SMC_P1V05S0_VSENSE
504    1785   361   1625  CPUVR_ISNS1_P
534    1785   402   1625  CPUVR_ISNS1_P_R
592    1785   326   1626  CPUVR_ISNS2_P
561    1785   402   1626  CPUVR_ISNS1_P_R
504    1819   360   1627  CPUVR_ISNS1_N
534    1819   403   1627  CPUVR_ISNS1_N_R
593    1819   362   1628  CPUVR_ISNS2_N
562    1819   403   1628  CPUVR_ISNS1_N_R
534    1751   402   1629  CPUVR_ISNS1_P_R
503    1751   393   1629  CPUVR_ISUM_R_P
534    1853   403   1630  CPUVR_ISNS1_N_R
504    1853   394   1630  CPUVR_ISUM_R_N
472    1751   393   1631  CPUVR_ISUM_R_P
472    1721   1     1631  GND       
504    1887   394   1632  CPUVR_ISUM_R_N
473    1887   395   1632  CPUVR_ISUM_IOUT
6101   2181   395   1633  CPUVR_ISUM_IOUT
6101   2162   976   1633  SMC_CPU_ISENSE
5825   1598   115   1634  P1V05S0_IOUT
5806   1598   942   1634  SMC_P1V05S0_ISENSE
5825   1576   115   1635  P1V05S0_IOUT
5806   1576   1     1635  GND       
3757   1075   135   1636  PP1V2_S3  
3708   1075   108   1636  PPVMEMIO_S0_CPU
3757   1148   92    1636  ISNS_CPUDDR_P
3708   1148   109   1636  ISNS_CPUDDR_N
5825   1528   91    1637  ISNS_CPUDDR_IOUT
5806   1528   1     1637  GND       
5825   1549   91    1638  ISNS_CPUDDR_IOUT
5806   1549   909   1638  SMC_CPUDDR_ISENSE
4641   1039   987   1639  PP3V3_S5  
4690   1039   140   1639  PP3V3_S5_REG_R
4641   966    736   1639  ISNS_P3V3S5_N
4690   966    737   1639  ISNS_P3V3S5_P
6298   2088   727   1640  ISNS_P3V3S5_IOUT
6298   2108   1     1640  GND       
6275   2088   727   1641  ISNS_P3V3S5_IOUT
6275   2108   1019  1641  SMC_P3V3S5_ISENSE
6561   573    954   1642  BMON_IOUT_R
6542   573    959   1642  BMON_IOUT 
6038   2044   959   1643  BMON_IOUT 
6038   2024   1     1643  GND       
6821   614    580   1644  PP3V3_S0  
6821   583    984   1644  BMON_COMP_VREF
6821   555    984   1645  BMON_COMP_VREF
6821   524    1     1645  GND       
6609   536    954   1646  BMON_IOUT_R
6640   536    955   1646  BMON_COMP_FB
6582   575    954   1647  BMON_IOUT_R
6582   595    958   1647  BMON_IOUT_D
6063   2021   959   1648  BMON_IOUT 
6063   2001   975   1648  SMC_BMON_DISCRETE_ISENSE
6612   569    955   1649  BMON_COMP_FB
6612   600    956   1649  BMON_COMP_OUT
5998   1167   932   1650  HS_IOUT_R 
5978   1167   163   1650  ISNS_HS_COMPUTING_IOUT
6160   978    580   1651  PP3V3_S0  
6130   978    929   1651  HS_COMP_VREF
6091   978    929   1652  HS_COMP_VREF
6060   978    1     1652  GND       
6065   1230   932   1653  HS_IOUT_R 
6096   1230   930   1653  HS_COMP_FB
5998   1191   932   1654  HS_IOUT_R 
5978   1191   905   1654  HS_IOUT_D 
6130   1230   930   1655  HS_COMP_FB
6160   1230   931   1655  HS_COMP_OUT
354    1731   730   1656  PP3V3_S4SW_SNS
323    1731   388   1656  PP3V3_SNS_CPUVR_ADJUST_ISNS
193    1896   389   1657  CPUVRSNS_ADDR_SEL
213    1896   1     1657  GND       
6398   2087   193   1658  SMC_CPUVR_ADJUST_ISENSE_R
6398   2107   1009  1658  SMC_CPUVR_ADJUST_ISENSE
6257   2022   192   1659  CPUVR_IMON
6257   2002   191   1659  SMC_CPU_IMON_ISENSE
5429   652    580   1660  PP3V3_S0  
5429   632    823   1660  ISNS_HS_GAIN_P_R
5501   669    824   1661  ISNS_HS_GAIN_N_R
5521   669    821   1661  ISNS_HS_GAIN_OUT_R
5460   669    823   1662  ISNS_HS_GAIN_P_R
5480   669    824   1662  ISNS_HS_GAIN_N_R
5591   698    820   1663  ISNS_HS_GAIN_OUT
5571   698    1     1663  GND       
5591   670    820   1664  ISNS_HS_GAIN_OUT
5571   670    821   1664  ISNS_HS_GAIN_OUT_R
5455   724    823   1665  ISNS_HS_GAIN_P_R
5455   743    825   1665  ISNS_HS_GAIN_P
5460   835    827   1666  ISNS_HS_COMPUTING_P
5460   815    825   1666  ISNS_HS_GAIN_P
5484   724    824   1667  ISNS_HS_GAIN_N_R
5484   743    826   1667  ISNS_HS_GAIN_N
5483   835    828   1668  ISNS_HS_COMPUTING_N
5483   815    826   1668  ISNS_HS_GAIN_N
8429   1428   278   1669  PP3V3_S0SW_LCD
8429   1358   276   1669  PP3V3_S0SW_LCD_R
8353   1428   1136  1669  ISNS_PANEL_N
8353   1358   1135  1669  ISNS_PANEL_P
6795   1679   1030  1670  ISNS_PANEL_IOUT
6814   1679   1     1670  GND       
6724   1680   1030  1671  ISNS_PANEL_IOUT
6704   1680   1029  1671  SMC_PANEL_ISENSE
1979   1359   580   1672  PP3V3_S0  
1998   1359   461   1672  PP3V3_S0_CPUTHMSNS_R
2060   1707   461   1673  PP3V3_S0_CPUTHMSNS_R
2060   1687   934   1673  CPUTHMSNS_ALERT_L
1898   1561   463   1674  CPUTHMSNS_DUR_SEL
1898   1581   1     1674  GND       
1898   1530   462   1675  CPUTHMSNS_TH_SEL
1898   1510   1     1675  GND       
2178   1506   466   1676  CPUTHMSNS_ADDR_SEL
2178   1486   1     1676  GND       
2081   1707   461   1677  PP3V3_S0_CPUTHMSNS_R
2081   1687   970   1677  CPUBMONSNS_ALERT_L
6823   1226   580   1678  PP3V3_S0  
6803   1226   1021  1678  PP3V3_S0_TBTMLB_ISNS_R
6472   1306   1021  1679  PP3V3_S0_TBTMLB_ISNS_R
6492   1306   996   1679  TBT_INLET_THM_L
8245   1016   1106  1680  TBTTHMSNS_D2_R_P
8245   996    1089  1680  TBT_MLBBOT_THMSNS_P
8223   1016   1105  1681  TBTTHMSNS_D2_R_N
8223   996    1088  1681  TBT_MLBBOT_THMSNS_N
479    558    2     1682  PP3V3_S0_FAN
479    578    580   1682  PP3V3_S0  
448    524    2     1683  PP3V3_S0_FAN
429    524    321   1683  FAN_RT_TACH
448    546    2     1684  PP3V3_S0_FAN
429    546    708   1684  SMC_FAN_0_CTL
448    502    154   1685  SMC_FAN_0_TACH
429    502    321   1685  FAN_RT_TACH
2802   1487   535   1686  SPI_CS0_R_L
2782   1487   750   1686  SPI_CS0_L 
2954   1414   554   1687  SPI_CLK_R 
2974   1414   555   1687  SPI_CLK   
2961   1453   548   1688  SPI_MOSI_R
2981   1453   749   1688  SPI_MOSI  
2880   1465   533   1689  SPI_MISO  
2900   1465   133   1689  SPI_MISO_R
4739   2024   170   1690  SPI_SMC_MISO
4719   2024   850   1690  SPI_MLB_IO1_MISO
4307   2204   189   1691  SPI_SMC_MOSI
4326   2204   753   1691  SPI_MLB_IO0_MOSI
4158   2078   752   1692  SPI_SMC_CLK
4158   2058   751   1692  SPI_MLB_CLK
4739   1996   848   1693  SPI_SMC_CS_L
4719   1996   849   1693  SPI_MLB_CS_L
3101   1490   534   1694  SPI_IO<2> 
3101   1471   642   1694  SPI_IO2_R 
3144   1361   97    1695  SPI_IO<3> 
3144   1381   151   1695  SPI_IO3_R 
4708   2185   750   1696  SPI_CS0_L 
4689   2185   849   1696  SPI_MLB_CS_L
4618   2185   555   1697  SPI_CLK   
4638   2185   751   1697  SPI_MLB_CLK
4657   2052   749   1698  SPI_MOSI  
4677   2052   753   1698  SPI_MLB_IO0_MOSI
4739   2051   133   1699  SPI_MISO_R
4719   2051   850   1699  SPI_MLB_IO1_MISO
4689   2206   871   1700  SPI_ALT_CS_L
4708   2206   750   1700  SPI_CS0_L 
4638   2206   851   1701  SPI_ALT_CLK
4618   2206   555   1701  SPI_CLK   
4617   2052   149   1702  SPI_ALT_IO0_MOSI
4636   2052   749   1702  SPI_MOSI  
4567   2206   852   1703  SPI_ALT_IO1_MISO
4547   2206   133   1703  SPI_MISO_R
4559   2087   642   1704  SPI_IO2_R 
4539   2087   769   1704  SPI_MLB_IO2_WP_L
4516   2228   151   1705  SPI_IO3_R 
4497   2228   144   1705  SPI_MLB_IO3_HOLD_L
4560   2128   150   1706  SPI_ALT_IO2_WP_L
4560   2109   642   1706  SPI_IO2_R 
4557   2229   152   1707  SPI_ALT_IO3_HOLD_L
4537   2229   151   1707  SPI_IO3_R 
7478   671    1065  1708  SPKRAMP_SHDN_L
7478   651    1     1708  GND       
7404   661    226   1709  R_AMP_GAIN
7384   661    1     1709  GND       
7568   827    227   1710  PP5V_S3_U6210
7587   827    226   1710  R_AMP_GAIN
7395   871    654   1711  PP5V_S4RS3
7450   871    227   1711  PP5V_S3_U6210
6646   231    953   1712  SYS_DETECT_L
6646   250    1     1712  GND       
5575   1612   770   1713  PPDCIN_G3H_ISOL
5575   1679   178   1713  PP18V5_DCIN_ISOL_R
5642   1612   952   1714  PPBUS_G3H 
5642   1679   179   1714  PPBUS_G3H_R
5453   1829   794   1715  PPDCIN_G3H
5453   1849   168   1715  DCIN_ISOL_GATE
5430   1829   167   1716  DCIN_ISOL_GATE_R
5430   1849   168   1716  DCIN_ISOL_GATE
5483   1768   794   1717  PPDCIN_G3H
5502   1768   1     1717  GND       
5394   2026   180   1718  PPVIN_G3H_P3V42G3H
5394   2046   169   1718  P3V42G3H_SHDN_L
5394   2081   169   1719  P3V42G3H_SHDN_L
5394   2101   1     1719  GND       
5502   2189   866   1720  PP3V42_G3H
5483   2189   174   1720  P3V42G3H_FB
5461   2164   174   1721  P3V42G3H_FB
5461   2144   1     1721  GND       
5301   113    804   1722  SMC_RESET_L
5320   113    810   1722  CHGR_RST_L
5399   283    814   1723  PP5V1_CHGR_VDD
5399   314    822   1723  PP5V1_CHGR_VDDP
5301   148    866   1724  PP3V42_G3H
5320   148    810   1724  CHGR_RST_L
5054   391    771   1725  PPCHGR_DCIN_D_R
5109   391    809   1725  CHGR_DCIN 
5101   247    770   1726  PPDCIN_G3H_ISOL
5121   247    792   1726  CHGR_ACIN 
5121   273    792   1727  CHGR_ACIN 
5101   273    786   1727  GND_CHGR_AGND
5121   197    790   1728  CHGR_CELL 
5101   197    786   1728  GND_CHGR_AGND
5121   172    788   1729  CHGR_VCOMP
5101   172    787   1729  CHGR_VCOMP_R
5159   128    789   1730  CHGR_VNEG 
5159   109    796   1730  CHGR_VNEG_R
5055   280    155   1731  PPDCIN_G3H_CHGR
4985   280    153   1731  PPDCIN_G3H_INRUSH
5055   357    773   1731  CHGR_CSI_R_N
4985   357    772   1731  CHGR_CSI_R_P
5209   507    798   1732  CHGR_CSI_P
5209   527    772   1732  CHGR_CSI_R_P
5235   507    799   1733  CHGR_CSI_N
5235   527    773   1733  CHGR_CSI_R_N
5121   225    791   1734  CHGR_ICOMP
5101   225    785   1734  CHGR_ICOMP_R
6363   878    186   1735  PPVBAT_G3H_CHGR_REG
6433   878    195   1735  PPVBAT_G3H_CHGR_R
6363   801    817   1735  CHGR_CSO_R_P
6433   801    816   1735  CHGR_CSO_R_N
5460   258    813   1736  CHGR_CSO_P
5480   258    817   1736  CHGR_CSO_R_P
5460   224    812   1737  CHGR_CSO_N
5480   224    816   1737  CHGR_CSO_R_N
4810   170    153   1738  PPDCIN_G3H_INRUSH
4790   170    808   1738  CHGR_SGATE_DIV
5299   490    808   1739  CHGR_SGATE_DIV
5299   471    806   1739  CHGR_SGATE
5148   481    794   1740  PPDCIN_G3H
5148   461    755   1740  CHGR_AGATE_DIV
5161   409    755   1741  CHGR_AGATE_DIV
5161   389    793   1741  CHGR_AGATE
5322   666    801   1742  PP5V5_CHGR_VDDP
5352   666    809   1742  CHGR_DCIN 
5322   700    801   1743  PP5V5_CHGR_VDDP
5352   700    822   1743  PP5V1_CHGR_VDDP
4968   323    771   1744  PPCHGR_DCIN_D_R
4968   292    795   1744  CHGR_DCIN_D
5290   681    801   1745  PP5V5_CHGR_VDDP
5290   662    800   1745  P5V1_FB   
5290   641    800   1746  P5V1_FB   
5290   621    1     1746  GND       
537    1331   405   1747  PP5V_S0   
506    1331   364   1747  PP5V_S0_CPUVR_VDD
506    1440   380   1748  PPVIN_S0_CPUVR_VIN
537    1440   390   1748  PPBUS_S5_HS_COMPUTING_ISNS
428    1298   378   1749  CPUVR_ISUMN
428    1318   366   1749  CPUVR_ISUMN_R
400    1255   378   1750  CPUVR_ISUMN
400    1275   377   1750  CPUVR_ISUMN_RC
346    1619   1     1751  GND       
346    1599   386   1751  CPUVR_SLOPE
371    1619   1     1752  GND       
371    1599   387   1752  CPUVR_PROG1
396    1619   1     1753  GND       
396    1599   383   1753  CPUVR_PROG2
421    1619   1     1754  GND       
421    1599   392   1754  CPUVR_PROG3
446    1599   391   1755  CPUVR_DRSEL
446    1619   1     1755  GND       
495    1603   364   1756  PP5V_S0_CPUVR_VDD
475    1603   391   1756  CPUVR_DRSEL
224    1487   192   1757  CPUVR_IMON
204    1487   1     1757  GND       
204    1444   8     1758  CPUVR_NTC_R
224    1444   336   1758  CPUVR_NTC 
565    1480   8     1759  CPUVR_NTC_R
565    1460   1     1759  GND       
589    1480   8     1760  CPUVR_NTC_R
589    1460   1     1760  GND       
189    1373   334   1761  CPUVR_COMP_RC
189    1353   333   1761  CPUVR_FB  
263    1261   330   1762  CPU_VCCSENSE_P_R
263    1281   333   1762  CPUVR_FB  
238    1281   333   1763  CPUVR_FB  
238    1261   329   1763  CPU_VCCSENSE_P_RC
239    1181   327   1764  CPU_VCCSENSE_P
259    1181   330   1764  CPU_VCCSENSE_P_R
213    1281   333   1765  CPUVR_FB  
213    1261   328   1765  CPUVR_FB_RC
294    1619   427   1766  PP1V05_S0 
294    1600   385   1766  CPU_VIDSCLK
321    1619   427   1767  PP1V05_S0 
321    1599   384   1767  CPU_VIDSOUT
1040   1423   426   1768  PPVCC_S0_CPU
985    1423   21    1768  PPVCC_S0_CPU_PH1
1040   1498   360   1768  CPUVR_ISNS1_N
985    1498   361   1768  CPUVR_ISNS1_P
713    1427   399   1769  CPUVR_BOOT1_RC
744    1427   400   1769  CPUVR_BOOT1
932    1525   7     1770  CPUVR_PHASE1
932    1580   9     1770  CPUVR_PH1_SNUB
402    1180   360   1771  CPUVR_ISNS1_N
382    1180   378   1771  CPUVR_ISUMN
402    1205   361   1772  CPUVR_ISNS1_P
382    1205   379   1772  CPUVR_ISUMP
402    1230   361   1773  CPUVR_ISNS1_P
382    1230   365   1773  CPUVR_ISEN1
360    1230   365   1774  CPUVR_ISEN1
340    1230   362   1774  CPUVR_ISNS2_N
1004   1058   20    1775  PPVCC_S0_CPU_PH2
1060   1058   426   1775  PPVCC_S0_CPU
1004   983    326   1775  CPUVR_ISNS2_P
1060   983    362   1775  CPUVR_ISNS2_N
495    1005   359   1776  CPUVR_BOOT2_RC
464    1005   358   1776  CPUVR_BOOT2
543    1158   5     1777  CPUVR_PHASE2
488    1158   6     1777  CPUVR_PH2_SNUB
340    1204   362   1778  CPUVR_ISNS2_N
360    1204   378   1778  CPUVR_ISUMN
340    1179   326   1779  CPUVR_ISNS2_P
360    1179   379   1779  CPUVR_ISUMP
340    1156   326   1780  CPUVR_ISNS2_P
360    1156   325   1780  CPUVR_ISEN2
382    1156   325   1781  CPUVR_ISEN2
402    1156   360   1781  CPUVR_ISNS1_N
4614   1678   762   1782  DDRREG_1V8_VREF
4614   1698   783   1782  DDRREG_FB 
4588   1699   783   1783  DDRREG_FB 
4588   1679   763   1783  GND_DDRREG_SGND
4332   1662   744   1784  DDRREG_MODE
4312   1662   763   1784  GND_DDRREG_SGND
4332   1701   745   1785  DDRREG_TRIP
4312   1701   763   1785  GND_DDRREG_SGND
4402   1809   766   1786  DDRREG_VBST
4402   1839   768   1786  DDRREG_VBST_RC
4123   1477   704   1787  PDDR_S3_REG_L
4067   1477   138   1787  PDDR_S3_REG_SNUB
4130   1075   139   1788  PPDDR_S3_REG_R
4020   1075   135   1788  PP1V2_S3  
4104   1075   137   1788  ISNS_1V2_S3_P
4046   1075   136   1788  ISNS_1V2_S3_N
4581   1721   764   1789  DDRREG_VDDQSNS
4601   1721   142   1789  DDRREG_VDDQSNS_R
4844   1591   845   1790  P5VP3V3_VREF2
4864   1591   858   1790  P5VP3V3_SKIPSEL
5208   1591   864   1791  P5VP3V3_VREG3
5188   1591   858   1791  P5VP3V3_SKIPSEL
5188   1520   856   1792  P3V3_S5_RF
5208   1520   779   1792  GND_P5VP3V3_SGND
4799   1636   781   1793  P3V3_S5_CSP2
4799   1656   842   1793  P3V3_S5_CSP2_R
5198   1748   881   1794  P5V_S4RS3_VFB1_R
5198   1729   861   1794  P5V_S4RS3_VFB1
5174   1729   861   1795  P5V_S4RS3_VFB1
5174   1748   779   1795  GND_P5VP3V3_SGND
5469   1008   156   1796  P5V_S4RS3_REG_L
5469   1063   157   1796  P5V_S4RS3_REG_SNUB
5221   1729   880   1797  P5V_S4RS3_VFB1_XW
5221   1748   881   1797  P5V_S4RS3_VFB1_R
5149   1729   863   1798  P5V_S4RS3_COMP1
5149   1748   872   1798  P5V_S4RS3_COMP1_R
5100   1729   863   1799  P5V_S4RS3_COMP1
5100   1748   845   1799  P5VP3V3_VREF2
4992   1724   844   1800  P3V3_S5_COMP2
4992   1743   865   1800  P3V3_S5_COMP2_R
4942   1724   844   1801  P3V3_S5_COMP2
4942   1743   845   1801  P5VP3V3_VREF2
5100   1374   833   1802  P5V_S4RS3_VBST_R
5100   1404   834   1802  P5V_S4RS3_VBST
4824   1656   841   1803  P3V3_S5_CSN2
4824   1636   781   1803  P3V3_S5_CSP2
5238   1635   859   1804  P5V_S4RS3_CSP1
5238   1655   860   1804  P5V_S4RS3_CSN1
5051   1748   864   1805  P5VP3V3_VREG3
5051   1729   862   1805  P5V_S4RS3_FUNC
5075   1729   862   1806  P5V_S4RS3_FUNC
5075   1748   779   1806  GND_P5VP3V3_SGND
5188   1542   857   1807  P5VS4RS3_EN_R
5208   1542   878   1807  P5VS4RS3_EN
4864   1566   840   1808  P3V3S5_EN_R
4844   1566   780   1808  S5_PWR_EN 
5262   1635   859   1809  P5V_S4RS3_CSP1
5262   1655   879   1809  P5V_S4RS3_CSP1_R
4893   1743   846   1810  P3V3_S5_VFB2_R
4893   1724   843   1810  P3V3_S5_VFB2
4918   1724   843   1811  P3V3_S5_VFB2
4918   1743   779   1811  GND_P5VP3V3_SGND
4752   1429   141   1812  P3V3_S5_REG_L
4752   1485   147   1812  P3V3_S5_REG_SNUB
4871   1724   148   1813  P3V3_S5_VFB2_XW
4871   1744   846   1813  P3V3_S5_VFB2_R
4962   1399   836   1814  P3V3_S5_VBST
4962   1369   777   1814  P3V3_S5_VBST_R
3939   1796   694   1815  P1V05S3_EN
3959   1796   707   1815  P1V05S0_AGND
3687   1906   670   1816  P1V05_S0_VREF
3668   1906   669   1816  P1V05S0_FB
3668   1937   669   1817  P1V05S0_FB
3687   1937   707   1817  P1V05S0_AGND
3939   1866   696   1818  P1V05S0_MODE
3959   1866   707   1818  P1V05S0_AGND
3939   1831   695   1819  P1V05S0_TRIP
3959   1831   707   1819  P1V05S0_AGND
3886   1646   691   1820  P1V05S0_BOOT_RC
3886   1701   693   1820  P1V05S0_VBST
3843   1697   692   1821  P1V05S0_DRVH
3843   1666   674   1821  P1V05S0_DRVH_R
3713   1673   130   1822  P1V05S0_LL
3713   1729   131   1822  P1V05S0_LL_SNUB
3455   1539   128   1823  PP1V05_S0_REG_R
3406   1539   427   1823  PP1V05_S0 
3455   1611   129   1823  ISNS_1V05_S0_P
3406   1611   114   1823  ISNS_1V05_S0_N
3691   1796   668   1824  P1V05S0_VDDQSNS
3672   1796   656   1824  P1V05S0_VDDQSNS_R
6253   294    920   1825  KBDLED_FB 
6284   294    1     1825  GND       
7984   2047   1157  1826  EDP_BKLT_PWM
7964   2047   1156  1826  BKL_PWM   
7965   2070   1158  1827  BKL_ISET  
7985   2070   1120  1827  GND_BKL_SGND
7968   2098   1159  1828  BKL_EN    
7968   2118   1     1828  GND       
7911   1971   1130  1829  BKL_FSET  
7911   1990   1120  1829  GND_BKL_SGND
8297   1630   1169  1830  BKL_ISEN1 
8312   1656   1176  1830  LED_RETURN_1
8268   1648   279   1831  BKL_ISEN2 
8283   1675   1167  1831  LED_RETURN_2
8236   1667   280   1832  BKL_ISEN3 
8252   1693   1151  1832  LED_RETURN_3
8207   1685   290   1833  BKL_ISEN4 
8223   1712   1153  1833  LED_RETURN_4
8178   1704   281   1834  BKL_ISEN5 
8194   1730   1168  1834  LED_RETURN_5
8149   1723   282   1835  BKL_ISEN6 
8164   1749   1154  1835  LED_RETURN_6
7991   2118   286   1836  PPVIN_S0SW_LCDBKLT
7991   2098   1159  1836  BKL_EN    
7885   2206   1120  1837  GND_BKL_SGND
7885   2187   1160  1837  BKL_FLTR  
7768   2054   949   1838  SMBUS_PCH_CLK
7788   2054   287   1838  BKL_SCL   
7789   2147   1121  1839  BKL_VSYNC_R
7769   2147   1120  1839  GND_BKL_SGND
7768   2032   950   1840  SMBUS_PCH_DATA
7788   2032   1119  1840  BKL_SDA   
7949   1637   246   1841  PPVIN_S0SW_LCDBKLTFET
7949   1657   247   1841  LCDBKLT_EN_DIV_L
8009   1694   247   1842  LCDBKLT_EN_DIV_L
8009   1714   1152  1842  LCDBKLT_EN_L
797    721    373   1843  PP1V8_S3_REG_R
797    740    374   1843  P1V8S3_FB 
747    740    374   1844  P1V8S3_FB 
747    721    1     1844  GND       
951    595    373   1845  PP1V8_S3_REG_R
1006   595    565   1845  PP1V8_S3  
951    671    -99   1845  UNCONNECTED_109
1006   671    -99   1845  UNCONNECTED_108
6050   524    899   1846  PP3V3_S4_FET_R
6050   469    898   1846  PP3V3_S4  
6126   524    -99   1846  UNCONNECTED_111
6126   469    -99   1846  UNCONNECTED_110
5879   695    901   1847  PP3V3_S3_FET_R
5824   695    1103  1847  PP3V3_S3  
5879   619    -99   1847  UNCONNECTED_113
5824   619    -99   1847  UNCONNECTED_112
2641   1490   494   1848  PP3V3_SUS_FET_R
2641   1545   870   1848  PP3V3_SUS 
2566   1490   -99   1848  UNCONNECTED_115
2566   1545   -99   1848  UNCONNECTED_114
972    430    585   1849  PP1V5_S0  
972    411    371   1849  P1V5S0SW_AUDIO_EN
824    456    398   1850  PP1V5_S0SW_AUDIO
805    456    372   1850  PP1V5_S0SW_AUDIO_HDA
996    462    585   1851  PP1V5_S0  
996    482    398   1851  PP1V5_S0SW_AUDIO
6328   537    923   1852  PP3V3_S4SW_SNS_FET_R
6359   537    730   1852  PP3V3_S4SW_SNS
2931   2046   545   1853  PP1V05_S0SW_PCH_HSIO
2931   2015   599   1853  HSIOFET_DISCHARGE
2963   2005   645   1854  HSIOFET_DRV_L
2983   2005   601   1854  HSIOFET_EN
2983   2027   601   1855  HSIOFET_EN
2963   2027   598   1855  HSIOFET_DRV_H
3390   1855   405   1856  PP5V_S0   
3390   1874   587   1856  HSIOFET_EN_L
4683   1000   759   1857  P3V3S0_EN 
4663   1000   732   1857  SSD_PWR_EN
638    655    354   1858  PP5V_S0_FET_R
638    710    405   1858  PP5V_S0   
562    655    -99   1858  UNCONNECTED_117
562    710    -99   1858  UNCONNECTED_116
4339   1781   356   1859  PM_SLP_S4_L
4319   1781   748   1859  DDRREG_EN 
5994   611    356   1860  PM_SLP_S4_L
5974   611    900   1860  P3V3S3_EN 
8390   1116   204   1861  S4_PWR_EN 
8410   1116   1133  1861  USB_PWR_EN
6588   1508   1028  1862  PM_SLP_S5_L
6568   1508   204   1862  S4_PWR_EN 
651    799    356   1863  PM_SLP_S4_L
671    799    355   1863  P1V8S3_EN 
8472   1136   356   1864  PM_SLP_S4_L
8472   1116   1133  1864  USB_PWR_EN
3106   1044   866   1865  PP3V42_G3H
3106   1063   523   1865  CHGR_VFRQ 
3297   2153   870   1866  PP3V3_SUS 
3277   2153   584   1866  PM_RSMRST_L
3971   1752   746   1867  P1V05_EN_D
3951   1752   706   1867  P1V05S0_EN
4772   1656   778   1868  SMC_PM_G2_EN
4772   1636   780   1868  S5_PWR_EN 
4869   1693   866   1869  PP3V42_G3H
4888   1693   188   1869  S5_PWRGD  
870    289    396   1870  AUD_PWR_EN
870    308    371   1870  P1V5S0SW_AUDIO_EN
990    350    397   1871  P1V5CODEC_EN_D
970    350    371   1871  P1V5S0SW_AUDIO_EN
3491   1866   405   1872  PP5V_S0   
3471   1866   644   1872  VMON_5V_DIV
3471   1890   644   1873  VMON_5V_DIV
3491   1890   1     1873  GND       
3473   1916   644   1874  VMON_5V_DIV
3473   1935   660   1874  VMON_Q2_BASE
3552   1916   662   1875  VMON_3V3_DIV
3552   1935   663   1875  VMON_Q3_BASE
3532   2128   585   1876  PP1V5_S0  
3532   2109   672   1876  VMON_Q4_BASE
3512   1916   987   1877  PP3V3_S5  
3512   1935   661   1877  S0PGD_C   
3477   2109   664   1878  S0PGD_BJT_GND_R
3477   2128   1     1878  GND       
3552   1860   580   1879  PP3V3_S0  
3552   1880   662   1879  VMON_3V3_DIV
3524   1880   662   1880  VMON_3V3_DIV
3524   1861   1     1880  GND       
3393   2055   405   1881  PP5V_S0   
3393   2074   665   1881  P5V_DIV_VMON
3415   2074   665   1882  P5V_DIV_VMON
3415   2054   1     1882  GND       
3246   1990   647   1883  ALL_SYS_PWRGD_R
3246   1971   747   1883  ALL_SYS_PWRGD
3939   1902   697   1884  P1V05S0_PGOOD
3959   1902   747   1884  ALL_SYS_PWRGD
3338   1971   643   1885  P5VS4RS3_PGOOD
3338   1990   747   1885  ALL_SYS_PWRGD
3246   1922   376   1886  P1V8S3_PGOOD
3246   1941   747   1886  ALL_SYS_PWRGD
3274   1971   705   1887  PM_SLP_S3_BUF_L
3274   1990   747   1887  ALL_SYS_PWRGD
4333   1622   743   1888  DDRREG_PGOOD
4313   1622   747   1888  ALL_SYS_PWRGD
3192   2174   585   1889  PP1V5_S0  
3192   2155   603   1889  P1V5_DIV_VMON
3211   2126   603   1890  P1V5_DIV_VMON
3231   2126   1     1890  GND       
3148   2174   427   1891  PP1V05_S0 
3148   2155   602   1891  P1V05_DIV_VMON
3171   2155   602   1892  P1V05_DIV_VMON
3171   2174   1     1892  GND       
6548   1507   1014  1893  P5VS4RS3_EN_RC
6528   1507   878   1893  P5VS4RS3_EN
6548   1529   1013  1894  P5VS4RS3_EN_D
6528   1529   878   1894  P5VS4RS3_EN
6595   1530   204   1895  S4_PWR_EN 
6595   1549   1014  1895  P5VS4RS3_EN_RC
2948   1084   219   1896  PM_SLP_S3_L
2948   1064   525   1896  PM_SLP_S3_R_L
6575   1573   356   1897  PM_SLP_S4_L
6595   1573   1014  1897  P5VS4RS3_EN_RC
2889   894    705   1898  PM_SLP_S3_BUF_L
2889   874    1     1898  GND       
6649   661    705   1899  PM_SLP_S3_BUF_L
6629   661    957   1899  P3V3S0_EN_D
3963   1646   705   1900  PM_SLP_S3_BUF_L
3943   1646   706   1900  P1V05S0_EN
6649   688    705   1901  PM_SLP_S3_BUF_L
6629   688    759   1901  P3V3S0_EN 
2841   905    705   1902  PM_SLP_S3_BUF_L
2821   905    4     1902  P5VS0_EN  
2481   1396   105   1903  PM_SLP_SUS_L
2481   1416   478   1903  P3V3SUS_EN
8548   1510   1180  1904  DP_INT_ML_N<0>
8565   1500   1     1904  GND       
8530   1522   1177  1905  DP_INT_ML_P<0>
8513   1532   1     1905  GND       
8343   1612   990   1906  DP_INT_HPD
8360   1603   1     1906  GND       
8346   1635   990   1907  DP_INT_HPD
8363   1625   1175  1907  DP_INT_HPD_CONN
8379   1593   1161  1908  SMBUS_SMC_0_S0_SDA
8389   1610   1174  1908  I2C_TCON_SDA_R
8397   1582   292   1909  SMBUS_SMC_0_S0_SCL
8407   1599   1173  1909  I2C_TCON_SCL_R
8360   1558   278   1910  PP3V3_S0SW_LCD
8370   1575   1161  1910  SMBUS_SMC_0_S0_SDA
8378   1547   278   1911  PP3V3_S0SW_LCD
8388   1564   292   1911  SMBUS_SMC_0_S0_SCL
8430   1561   1178  1912  DP_INT_AUX_CH_C_N
8440   1578   1     1912  GND       
8496   1544   1181  1913  DP_INT_AUX_CH_C_P
8486   1527   1     1913  GND       
732    257    405   1914  PP5V_S0   
712    257    350   1914  PP5V_S0_ALT_AUD_LDO_EN
570    257    341   1915  USB3_EXTB_D2R_RC_N
570    277    343   1915  USB3_EXTB_D2R_N
669    257    347   1916  USB3_EXTB_D2R_RC_P
669    277    342   1916  USB3_EXTB_D2R_P
6093   1238   186   1917  PPVBAT_G3H_CHGR_REG
5983   1238   952   1917  PPBUS_G3H 
7824   1716   952   1918  PPBUS_G3H 
7824   1661   246   1918  PPVIN_S0SW_LCDBKLTFET
2395   2135   59    1919  PP1V05_S0_PCH_VCCACLKPLL_R
2395   2080   544   1919  PP1V05_S0_PCH_VCCACLKPLL
2636   2134   67    1920  PP1V05_S0_PCH_VCC_ICC_R
2636   2079   496   1920  PP1V05_S0_PCH_VCC_ICC
2199   2136   427   1921  PP1V05_S0 
2199   2081   479   1921  PP1V05_S0_PCH_VCCAPLL_OPI
2825   2134   545   1922  PP1V05_S0SW_PCH_HSIO
2825   2079   579   1922  PP1V05_S0SW_PCH_VCCSATA3PLL
2587   2135   545   1923  PP1V05_S0SW_PCH_HSIO
2587   2080   543   1923  PP1V05_S0SW_PCH_VCCUSB3PLL
7687   877    1072  1924  PP1V05_TBT
7833   877    1073  1924  P1V05TBT_SW
7414   973    1058  1925  PPVIN_S4SW_TBTBST_FET
7414   1181   222   1925  TBTBST_BOOST
8965   1894   1187  1926  PP3V3RHV_S4_TBTAPWR
9020   1894   1188  1926  PP3V3RHV_S4_TBTAPWR_F
4287   946    685   1927  PP3V3_S0SW_SSD
4232   946    636   1927  PP3V3_S0SW_SSD_FLT
3406   255    513   1928  PP1V2_CAM 
3406   174    506   1928  P1V2_CAM_SRVLXC_PHASE
3596   130    604   1929  PP1V35_CAM
3515   130    511   1929  P1V35_CAM_SRVLXD_PHASE
4192   526    635   1930  PP1V2_CAM_PCIE_VDD_FLT
4248   526    882   1930  PP1V2_CAM_XTALPCIEVDD
4192   473    634   1931  PP1V2_CAM_PCIE_PVDD_FLT
4248   473    882   1931  PP1V2_CAM_XTALPCIEVDD
3922   674    122   1932  PP1V35_DDR_CLK
3922   705    604   1932  PP1V35_CAM
475    339    316   1933  MIPI_DATA_CONN_N
493    339    317   1933  MIPI_DATA_CONN_P
493    359    319   1933  MIPI_DATA_P
475    359    344   1933  MIPI_DATA_N
407    339    313   1934  MIPI_CLK_CONN_N
426    339    315   1934  MIPI_CLK_CONN_P
426    359    318   1934  MIPI_CLK_P
407    359    314   1934  MIPI_CLK_N
657    556    405   1935  PP5V_S0   
626    556    353   1935  PP5V_S3RS0_ALSCAM_F
657    593    654   1936  PP5V_S4RS3
626    593    353   1936  PP5V_S3RS0_ALSCAM_F
8648   644    271   1937  SDCONN_CLK_L
8679   644    270   1937  SDCONN_CLK_R1
8252   551    238   1938  PP1V2_S3_SD_DVDD12
8252   582    240   1938  PP1V2_S0_SD_AVDD12
8248   847    255   1939  PP3V3_S0_SD_AVDD33
8217   847    241   1939  PP3V3_S0SW_SD
8872   1526   -99   1940  USB2_EXTA_MUXED_P
8894   1526   299   1940  USB2_EXTA_MUXED_F_P
8894   1545   298   1940  USB2_EXTA_MUXED_F_N
8872   1545   -99   1940  USB2_EXTA_MUXED_N
8563   1362   277   1941  PP5V_S3_RTUSB_A_ILIM
8619   1362   1183  1941  PP5V_S3_RTUSB_A_F
5773   317    892   1942  PP5V_S5   
5803   317    890   1942  PP5V_S4_IPD
5855   1902   866   1943  PP3V42_G3H
5886   1902   947   1943  PP3V3_S5_SMC_VDDA
5638   2149   183   1944  P3V42G3H_SW
5638   2064   866   1944  PP3V42_G3H
5845   977    160   1945  CHGR_PHASE
6219   977    186   1945  PPVBAT_G3H_CHGR_REG
5352   938    803   1946  P5V1_SW   
5352   854    801   1946  PP5V5_CHGR_VDDP
642    1331   7     1947  CPUVR_PHASE1
886    1331   21    1947  PPVCC_S0_CPU_PH1
670    1032   5     1948  CPUVR_PHASE2
914    1032   20    1948  PPVCC_S0_CPU_PH2
4225   1411   704   1949  PDDR_S3_REG_L
4225   1188   139   1949  PPDDR_S3_REG_R
5308   704    654   1950  PP5V_S4RS3
5308   919    156   1950  P5V_S4RS3_REG_L
4552   1383   141   1951  P3V3_S5_REG_L
4552   1169   140   1951  PP3V3_S5_REG_R
3753   1500   130   1952  P1V05S0_LL
3531   1500   128   1952  PP1V05_S0_REG_R
7892   1970   286   1953  PPVIN_S0SW_LCDBKLT
7892   2155   289   1953  LCDBKLT_BOOST
6339   455    405   1954  PP5V_S0   
6339   341    921   1954  KBDLED_SW 
878    797    375   1955  P1V8S3_SW 
878    717    373   1955  PP1V8_S3_REG_R
8405   1507   278   1956  PP3V3_S0SW_LCD
8436   1507   1170  1956  PP3V3_S0SW_LCD_UF
626    314    342   1957  USB3_EXTB_D2R_P
613    364    343   1958  USB3_EXTB_D2R_N
460    504    345   1959  USB3_EXTB_R2D_C_P
447    554    346   1960  USB3_EXTB_R2D_C_N
613    176    341   1961  USB3_EXTB_D2R_RC_N
662    145    347   1962  USB3_EXTB_D2R_RC_P
712    439    351   1963  USB3_EXTB_R2D_P
625    465    352   1964  USB3_EXTB_R2D_N
2906   1967   600   1965  MCP_DC_A4 
2968   1932   588   1966  MCP_DC_B2 
1526   1933   457   1967  MCP_DC_A60
1462   1954   452   1968  MCP_DC_A62
2997   1072   526   1969  MCP_DC_AV1
3014   1025   524   1970  MCP_DC_AW1
1420   1054   418   1971  MCP_DC_AW63
1540   1015   439   1972  MCP_DC_AY60
1477   1749   448   1973  XDP_BPM_L<2>
1440   1788   449   1974  XDP_BPM_L<3>
1539   1696   454   1975  XDP_BPM_L<4>
1426   1741   447   1976  XDP_BPM_L<5>
1507   1665   445   1977  XDP_BPM_L<6>
1521   1739   455   1978  XDP_BPM_L<7>
2991   1121   527   1979  XDP_MLB_RAMCFG0
2966   1323   530   1980  XDP_USB_EXTC_OC_L
2911   1070   505   1981  XDP_USB_EXTD_OC_L
3194   1205   94    1982  XDP_MLB_RAMCFG1
3190   1263   95    1983  XDP_MLB_RAMCFG2
3037   1366   553   1984  XDP_MLB_RAMCFG3
3047   1587   146   1985  XDP_FW_PME_L
3113   1610   754   1986  XDP_PCH_GPIO35
3113   1546   571   1987  XDP_PCH_UART_SSD_L_BT_H
5918   995    903   1988  XDP_PCH_GPIO17
3004   1614   559   1989  XDP_PCH_GPIO76
7752   2211   288   1990  BKL_FAULT 
132    866    1     1991  GND       
8642   2095   1     1992  GND       
8697   1936   1     1993  GND       
9085   1939   1     1994  GND       
9054   1769   1     1995  GND       
8298   1334   1     1996  GND       
9339   2255   1     1997  GND       
8181   1581   1     1998  GND       
9088   1216   1     1999  GND       
7590   1089   228   2000  PP3V3_S4_TBT_F
7625   1089   898   2000  PP3V3_S4  
7442   1652   1112  2001  PP15V_TBT 
7407   1652   1033  2001  TBTBST_VSNS
3473   226    512   2002  GND_CAM_PVSSC
3473   191    1     2002  GND       
3757   133    605   2003  GND_CAM_PVSSD
3772   133    1     2003  GND       
5947   1936   1     2004  GND       
5908   1974   914   2004  GND_SMC_AVSS
1436   2183   426   2005  PPVCC_S0_CPU
1401   2183   53    2005  CPUVSENSE_IN
3398   1479   427   2006  PP1V05_S0 
3398   1444   111   2006  P1V05VSENSE_IN
5374   378    786   2007  GND_CHGR_AGND
5349   353    1     2007  GND       
297    1293   332   2008  CPU_VCCSENSE_N
297    1278   331   2008  CPU_RTN   
4479   1648   763   2009  GND_DDRREG_SGND
4479   1633   1     2009  GND       
3798   1018   142   2010  DDRREG_VDDQSNS_R
3798   1033   135   2010  PP1V2_S3  
1068   55     742   2011  DDRREG_VTTSNS
1083   55     741   2011  PP0V6_S0_DDRVTT
5021   1485   1     2012  GND       
5021   1500   779   2012  GND_P5VP3V3_SGND
5308   782    860   2013  P5V_S4RS3_CSN1
5308   747    654   2013  PP5V_S4RS3
5308   841    879   2014  P5V_S4RS3_CSP1_R
5308   876    156   2014  P5V_S4RS3_REG_L
4827   460    880   2015  P5V_S4RS3_VFB1_XW
4827   495    654   2015  PP5V_S4RS3
4560   1295   842   2016  P3V3_S5_CSP2_R
4560   1330   141   2016  P3V3_S5_REG_L
4560   1258   841   2017  P3V3_S5_CSN2
4560   1223   140   2017  PP3V3_S5_REG_R
4830   1015   148   2018  P3V3_S5_VFB2_XW
4795   1015   140   2018  PP3V3_S5_REG_R
3684   1756   707   2019  P1V05S0_AGND
3719   1756   1     2019  GND       
3172   1614   656   2020  P1V05S0_VDDQSNS_R
3207   1614   427   2020  PP1V05_S0 
7973   1988   1120  2021  GND_BKL_SGND
8008   1988   1     2021  GND       
7952   2223   291   2022  PPVOUT_SW_LCDBKLT_FB
7987   2223   1155  2022  PPHV_S0SW_LCDBKLT
5147   2039   867   2023  SYSCLK_CLK25M_X2
5147   2125   -99   2023  UNCONNECTED_242
5084   2125   873   2023  SYSCLK_CLK25M_X1
5084   2039   -99   2023  UNCONNECTED_243
2456   2048   546   2024  PCH_CLK24M_XTALOUT_R
2362   2048   -99   2024  UNCONNECTED_101
2362   1977   503   2024  PCH_CLK24M_XTALIN
2456   1977   -99   2024  UNCONNECTED_102
4153   111    627   2025  CLK25M_CAM_XTALP
4240   111    -99   2025  UNCONNECTED_240
4240   174    629   2025  CLK25M_CAM_XTALN
4153   174    -99   2025  UNCONNECTED_241
8217   956    1131  2026  SDCLK_CLK25M_X2
8217   869    -99   2026  UNCONNECTED_238
8280   869    1102  2026  SDSCLK_CLK25M_X1
8280   956    -99   2026  UNCONNECTED_239
6620   1743   1016  2027  SMC_EXTAL 
6620   1838   -99   2027  UNCONNECTED_133
6549   1838   1003  2027  SMC_XTAL_R
6549   1743   -99   2027  UNCONNECTED_134
8996   2143   1     2028  GND       
9162   1145   1     2029  GND       
3370   985    1     2030  GND       
5312   1525   1     2031  GND       
4521   2072   1     2032  GND       
863    93     1     2033  GND       
6811   1479   1     2034  GND       
6545   1329   1     2035  GND       
5870   1608   1     2036  GND       
6447   1133   1     2037  GND       
863    194    1     2038  GND       
6651   1461   1     2039  GND       
3785   325    1     2040  GND       
8178   2246   1     2041  GND       
3858   261    1     2042  GND       
3892   298    1     2043  GND       
3835   327    1     2044  GND       
3922   339    1     2045  GND       
3876   359    1     2046  GND       
5960   496    1     2047  GND       
4919   737    1     2048  GND       
5115   901    1     2049  GND       
5239   1101   1     2050  GND       
3451   1365   1     2051  GND       
3831   1373   1     2052  GND       
3995   1373   1     2053  GND       
7678   1863   1     2054  GND       
5195   1995   1     2055  GND       
8167   1981   1     2056  GND       
8203   2041   1     2057  GND       
3172   1032   1     2058  GND       
6451   348    1     2059  GND       
171    697    1     2060  GND       
207    753    1     2061  GND       
3166   977    1     2062  GND       
887    1733   1     2063  GND       
3867   1669   1     2064  GND       
363    1793   1     2065  GND       
655    1793   1     2066  GND       
3839   1881   1     2067  GND       
3947   1881   1     2068  GND       
7420   805    1     2069  GND       
4754   2140   1     2070  GND       
5770   1443   1     2071  GND       
7466   1906   1     2072  GND       
7910   1413   1     2073  GND       
8566   500    1     2074  GND       
7440   1246   1     2075  GND       
8046   559    1     2076  GND       
8012   1911   1     2077  GND       
4855   1279   1     2078  GND       
6477   142    1     2079  GND       
6477   319    1     2080  GND       
6560   142    1     2081  GND       
6548   319    1     2082  GND       
8225   675    1     2083  GND       
8022   1987   1     2084  GND       
334    723    1     2085  GND       
264    725    1     2086  GND       
6393   1153   1     2087  GND       
6857   524    1     2088  GND       
6752   1182   1     2089  GND       
4763   2055   1     2090  GND       
7799   584    1     2091  GND       
7466   1965   1     2092  GND       
4542   82     1     2093  GND       
4592   82     1     2094  GND       
4642   82     1     2095  GND       
5591   178    1     2096  GND       
5641   178    1     2097  GND       
5691   178    1     2098  GND       
5791   178    1     2099  GND       
5741   178    1     2100  GND       
5631   266    1     2101  GND       
5741   228    1     2102  GND       
223    387    1     2103  GND       
323    387    1     2104  GND       
273    387    1     2105  GND       
694    364    1     2106  GND       
4636   351    1     2107  GND       
6215   371    1     2108  GND       
223    437    1     2109  GND       
273    437    1     2110  GND       
323    437    1     2111  GND       
4366   463    1     2112  GND       
4636   451    1     2113  GND       
4636   401    1     2114  GND       
4709   403    1     2115  GND       
4709   453    1     2116  GND       
6475   405    1     2117  GND       
6525   405    1     2118  GND       
6575   405    1     2119  GND       
6698   405    1     2120  GND       
6648   405    1     2121  GND       
6748   405    1     2122  GND       
7071   462    1     2123  GND       
7111   400    1     2124  GND       
4114   561    1     2125  GND       
4284   522    1     2126  GND       
4442   548    1     2127  GND       
4492   548    1     2128  GND       
4709   503    1     2129  GND       
4254   593    1     2130  GND       
4254   643    1     2131  GND       
4304   643    1     2132  GND       
4304   593    1     2133  GND       
4643   622    1     2134  GND       
4693   622    1     2135  GND       
7723   627    1     2136  GND       
4254   693    1     2137  GND       
4304   693    1     2138  GND       
4643   672    1     2139  GND       
4643   722    1     2140  GND       
4693   672    1     2141  GND       
4693   722    1     2142  GND       
7723   727    1     2143  GND       
7723   677    1     2144  GND       
8009   715    1     2145  GND       
4364   798    1     2146  GND       
4414   798    1     2147  GND       
4464   798    1     2148  GND       
4364   848    1     2149  GND       
4414   848    1     2150  GND       
990    1402   1     2151  GND       
1294   1446   1     2152  GND       
988    1493   1     2153  GND       
1294   1562   1     2154  GND       
7119   1513   1     2155  GND       
7119   1563   1     2156  GND       
7119   1613   1     2157  GND       
1294   1675   1     2158  GND       
7119   1663   1     2159  GND       
7119   1713   1     2160  GND       
693    1777   1     2161  GND       
743    1777   1     2162  GND       
793    1777   1     2163  GND       
1295   1781   1     2164  GND       
7119   1763   1     2165  GND       
7119   1813   1     2166  GND       
8658   1742   1     2167  GND       
8608   1742   1     2168  GND       
8717   1742   1     2169  GND       
8767   1742   1     2170  GND       
757    1905   1     2171  GND       
807    1905   1     2172  GND       
857    1905   1     2173  GND       
7147   1856   1     2174  GND       
8390   1864   1     2175  GND       
8440   1864   1     2176  GND       
8490   1864   1     2177  GND       
8540   1864   1     2178  GND       
757    1955   1     2179  GND       
807    1955   1     2180  GND       
857    1955   1     2181  GND       
807    2005   1     2182  GND       
857    2005   1     2183  GND       
5195   1995   1     2184  GND       
8326   1948   1     2185  GND       
8376   1948   1     2186  GND       
8476   1948   1     2187  GND       
8426   1948   1     2188  GND       
807    2055   1     2189  GND       
857    2055   1     2190  GND       
1870   2018   1     2191  GND       
2044   2019   1     2192  GND       
672    2115   1     2193  GND       
772    2115   1     2194  GND       
722    2115   1     2195  GND       
1236   2154   1     2196  GND       
1286   2154   1     2197  GND       
1352   2154   1     2198  GND       
767    2260   1     2199  GND       
717    2260   1     2200  GND       
867    2260   1     2201  GND       
817    2260   1     2202  GND       
1314   2214   1     2203  GND       
1364   2214   1     2204  GND       
7652   624    1     2205  GND       
757    2055   1     2206  GND       
7920   1507   1     2207  GND       
4672   2133   1     2208  GND       
4126   1992   1     2209  GND       
7671   1336   1     2210  GND       
7582   1668   1     2211  GND       
241    337    1     2212  GND       
191    337    1     2213  GND       
291    337    1     2214  GND       
7590   1402   1     2215  GND       
7667   1239   1     2216  GND       
399    626    2     2217  PP3V3_S0_FAN
654    626    3     2218  P5VS0_FET_RAMP
729    689    4     2219  P5VS0_EN  
615    945    5     2220  CPUVR_PHASE2
615    1113   5     2221  CPUVR_PHASE2
615    1163   5     2222  CPUVR_PHASE2
453    1158   6     2223  CPUVR_PH2_SNUB
592    1408   7     2224  CPUVR_PHASE1
571    1504   8     2225  CPUVR_NTC_R
932    1614   9     2226  CPUVR_PH1_SNUB
808    1923   10    2227  CPU_CFG<1>
777    1962   11    2228  CPU_CFG<0>
773    2007   12    2229  CPU_CFG<16>
859    2007   13    2230  CPU_CFG<10>
858    2177   14    2231  CPU_CFG<2>
1087   225    15    2232  MEM_A_ZQ<1>
1156   225    16    2233  MEM_A_ZQ<0>
1636   235    17    2234  MEM_A_ZQ<3>
1401   875    18    2235  TP_MCP_RSVD_AV63
1362   876    19    2236  TP_MCP_RSVD_AU63
969    945    20    2237  PPVCC_S0_CPU_PH2
965    880    20    2238  PPVCC_S0_CPU_PH2
965    1101   20    2239  PPVCC_S0_CPU_PH2
969    1339   21    2240  PPVCC_S0_CPU_PH1
941    1409   21    2241  PPVCC_S0_CPU_PH1
941    1459   21    2242  PPVCC_S0_CPU_PH1
898    1938   22    2243  CPU_CFG<8>
953    1938   23    2244  CPU_CFG<4>
971    2005   24    2245  CPU_CFG<18>
926    2190   25    2246  XDP_BPM_L<1>
911    2248   26    2247  XDP_CPU_PRESENT_L
1158   1787   27    2248  TP_CPU_RSVD_P60
1188   1855   28    2249  TP_CPU_RSVD_N59
1180   1911   29    2250  TP_MCP_RSVD_L60
1188   1951   30    2251  TP_MCP_RSVD_C63
1031   2001   31    2252  CPU_CFG<14>
994    2179   32    2253  CPU_CFG<6>
966    2224   33    2254  CPU_CFG<5>
987    2270   34    2255  CPU_CFG<7>
1202   1784   35    2256  TP_CPU_RSVDP61
1230   1823   36    2257  TP_CPU_RSVDN61
1230   1871   37    2258  CPU_CFG<9>
1230   1916   38    2259  CPU_CFG<17>
1231   1961   39    2260  TP_MCP_RSVD_C62
1297   2079   40    2261  TP_PPVCCIO_S0_CPU
1260   2173   41    2262  XDP_DBRESET_L
1277   2231   42    2263  PCH_JTAGX 
1704   230    43    2264  MEM_A_ZQ<2>
2183   233    44    2265  MEM_B_ZQ<1>
2180   516    45    2266  PP0V6_S3_MEM_VREFCA_A
2247   622    46    2267  PP0V6_S3_MEM_VREFDQ_A
2122   870    47    2268  TP_LPDDR3_RSVD1
2059   870    48    2269  TP_LPDDR3_RSVD2
1998   871    49    2270  TP_LPDDR3_RSVD3
1904   874    50    2271  TP_LPDDR3_RSVD4
1957   2082   51    2272  TP_ITPXDP_CLK100MN
1962   2124   52    2273  TP_ITPXDP_CLK100MP
1413   2153   53    2274  CPUVSENSE_IN
2002   2081   54    2275  PCH_TESTLOW_C34
2001   2124   55    2276  PCH_TESTLOW_C35
2248   219    56    2277  MEM_B_ZQ<0>
2518   840    57    2278  TP_USB_5P 
2483   876    58    2279  TP_USB_5N 
2396   2185   59    2280  PP1V05_S0_PCH_VCCACLKPLL_R
2734   217    60    2281  MEM_B_ZQ<3>
2800   219    61    2282  MEM_B_ZQ<2>
2804   826    62    2283  TP_PCH_I2S1_SCLK
2743   830    63    2284  TP_PCH_I2S1_SFRM
2599   833    64    2285  PCH_OPI_COMP
2554   875    65    2286  TP_CPU_MEM_RESET_L
2601   875    66    2287  CPU_OPI_RCOMP
2644   2182   67    2288  PP1V05_S0_PCH_VCC_ICC_R
2645   834    68    2289  LPC_FRAME_R_L
2648   873    69    2290  LPC_AD_R<1>
2690   833    70    2291  LPC_AD_R<2>
2691   873    71    2292  LPC_AD_R<3>
2745   871    72    2293  TP_PCH_I2S1_TXD
2806   867    73    2294  HDA_BIT_CLK_R
3278   386    74    2295  PP0V6_S3_MEM_VREFCA_B
3306   609    75    2296  PP0V6_S3_MEM_VREFDQ_B
2898   824    76    2297  PCH_INTRUDER_L
2854   825    77    2298  PCH_INTVRMEN
2856   865    78    2299  HDA_RST_R_L
3243   893    79    2300  MEM_VREFCA_B_RC
3306   931    80    2301  VREFMRGN_SPARE_BUF
3647   277    81    2302  CAM_PCIE_RESET_L
2565   1148   81    2303  CAM_PCIE_RESET_L
3701   380    82    2304  TP_CAM_PLL_BYPASS
3748   413    83    2305  PP1V8_CAM 
3723   465    84    2306  PP0V675_CAM_VREF
3546   476    85    2307  MEM_CAM_RESET_L
3357   791    86    2308  VREFMRGN_MEMVREG
3417   842    87    2309  VREFMRGN_MEMVREG_EN
3371   933    88    2310  CPU_MEM_VREFCA_B_ISOL
3431   934    89    2311  VREFMRGN_SPARE_EN
3435   983    90    2312  CPU_MEM_VREFDQ_B_ISOL
3199   1067   90    2313  CPU_MEM_VREFDQ_B_ISOL
3431   1059   91    2314  ISNS_CPUDDR_IOUT
3426   1109   92    2315  ISNS_CPUDDR_P
3191   1154   93    2316  SML_PCH_0_CLK
3196   1312   96    2317  SML_PCH_0_DATA
3187   1352   97    2318  SPI_IO<3> 
3183   1433   98    2319  AP_CLKREQ_L
3168   1482   99    2320  TP_MEM_VDD_SEL_1V5_L
3167   1532   100   2321  TP_SPI_CS1_L
3168   1584   101   2322  ODD_PWR_EN_L
3183   1646   102   2323  SSD_BOOT  
3178   1698   103   2324  PCH_I2C1_SCL
3177   1787   104   2325  PM_PCH_PWROK
3194   1834   105   2326  PM_SLP_SUS_L
3530   858    106   2327  PP3V3_S3_VREFMRGN_DAC
3487   949    107   2328  VREFMRGN_CA_A_EN
3619   1121   108   2329  PPVMEMIO_S0_CPU
3671   1133   109   2330  ISNS_CPUDDR_N
3239   1342   110   2331  WOL_EN    
3398   1435   111   2332  P1V05VSENSE_IN
3363   1509   112   2333  TP_SPI_CS2_L
3359   1614   113   2334  ENET_LOW_PWR
3400   1649   114   2335  ISNS_1V05_S0_N
3386   1698   115   2336  P1V05S0_IOUT
3224   1769   116   2337  LCD_PSR_EN
3256   2020   117   2338  TP_SUS_PGOOD_MR_L
3421   2050   118   2339  SUS_PGOOD_CT
3883   217    119   2340  TP_CAM_UARTTXD
3942   260    120   2341  TP_CAM_UARTRTS
3809   370    121   2342  CAMERA_PWR_EN
3841   469    122   2343  PP1V35_DDR_CLK
3830   587    123   2344  MEM_CAM_ZQ_S2
3827   729    124   2345  MEM_CAM_ZQ_DDR
3736   849    125   2346  PP0V675_MEM_CAM_VREFCA
3825   972    126   2347  MEMVTT_PWR_EN
3855   1061   127   2348  PP0V675_MEM_CAM_VREFDQ
3464   1469   128   2349  PP1V05_S0_REG_R
3474   1651   129   2350  ISNS_1V05_S0_P
3670   1677   130   2351  P1V05S0_LL
3619   1666   130   2352  P1V05S0_LL
3818   1586   130   2353  P1V05S0_LL
3757   1707   131   2354  P1V05S0_LL_SNUB
3719   1855   132   2355  SMC_WAKE_SCI_L
3596   1964   133   2356  SPI_MISO_R
4741   2103   133   2357  SPI_MISO_R
3903   421    134   2358  PP3V3_S3RS0_CAMERA
3922   1122   135   2359  PP1V2_S3  
4050   1137   136   2360  ISNS_1V2_S3_N
4100   1140   137   2361  ISNS_1V2_S3_P
4056   1430   138   2362  PDDR_S3_REG_SNUB
4197   1055   139   2363  PPDDR_S3_REG_R
4288   1114   139   2364  PPDDR_S3_REG_R
4461   1111   140   2365  PP3V3_S5_REG_R
4693   1441   141   2366  P3V3_S5_REG_L
4599   1714   142   2367  DDRREG_VDDQSNS_R
4470   2010   143   2368  SPI_MLBROM_CS_L
4444   2188   144   2369  SPI_MLB_IO3_HOLD_L
4705   138    145   2370  XDP_SSD_PCIE0_SEL_L
4703   316    146   2371  XDP_FW_PME_L
4753   1519   147   2372  P3V3_S5_REG_SNUB
4828   1724   148   2373  P3V3_S5_VFB2_XW
4574   2091   149   2374  SPI_ALT_IO0_MOSI
4563   2161   150   2375  SPI_ALT_IO2_WP_L
4510   2187   151   2376  SPI_IO3_R 
4587   2230   152   2377  SPI_ALT_IO3_HOLD_L
4953   154    153   2378  PPDCIN_G3H_INRUSH
5016   193    153   2379  PPDCIN_G3H_INRUSH
5411   590    154   2380  SMC_FAN_0_TACH
5489   614    155   2381  PPDCIN_G3H_CHGR
5473   906    156   2382  P5V_S4RS3_REG_L
5473   965    156   2383  P5V_S4RS3_REG_L
5513   1063   157   2384  P5V_S4RS3_REG_SNUB
5534   1195   158   2385  ISNS_HS_OTHER_N
6014   152    159   2386  TPAD_SPI_IF_EN
6045   391    159   2387  TPAD_SPI_IF_EN
5725   851    160   2388  CHGR_PHASE
5725   901    160   2389  CHGR_PHASE
5376   446    160   2390  CHGR_PHASE
5655   1095   161   2391  HS_OTHER_IOUT
5657   1195   162   2392  ISNS_HS_OTHER_P
5381   1394   163   2393  ISNS_HS_COMPUTING_IOUT
5391   1481   164   2394  DCINVSENS_EN_L
5445   1523   165   2395  PDCINVSENS_EN_L_DIV
5469   1560   166   2396  PBUS_S0_VSENSE
5433   1804   167   2397  DCIN_ISOL_GATE_R
5390   1843   168   2398  DCIN_ISOL_GATE
5365   2081   169   2399  P3V42G3H_SHDN_L
4928   2095   170   2400  SPI_SMC_MISO
4908   2158   171   2401  INLET_THMSNS_D1_P
4867   2158   172   2402  INLET_THMSNS_D1_N
5304   2177   173   2403  DCIN_S5_VSENSE
5452   2200   174   2404  P3V42G3H_FB
5528   2200   175   2405  P3V42G3H_BOOST
5541   1496   176   2406  PBUSVSENS_EN_L
5600   1536   177   2407  PBUSVSENS_EN_L_DIV
5583   1717   178   2408  PP18V5_DCIN_ISOL_R
5634   1717   179   2409  PPBUS_G3H_R
5532   1831   180   2410  PPVIN_G3H_P3V42G3H
5630   1855   180   2411  PPVIN_G3H_P3V42G3H
5891   1869   181   2412  CPU_CATERR_L
3144   1815   181   2413  CPU_CATERR_L
5867   2034   182   2414  SMC_PECI_L
5595   2201   183   2415  P3V42G3H_SW
5662   2201   183   2416  P3V42G3H_SW
5945   1373   184   2417  SMC_THRMTRIP
5872   1413   184   2418  SMC_THRMTRIP
5924   1822   185   2419  SMC_CPU_DBGPWR_RD_L
6154   1269   186   2420  PPVBAT_G3H_CHGR_REG
6217   1270   186   2421  PPVBAT_G3H_CHGR_REG
6392   1437   187   2422  SMC_SYS_KBDLED
6361   1516   188   2423  S5_PWRGD  
6411   1614   189   2424  SPI_SMC_MOSI
6401   1772   190   2425  SMC_OOB1_D2R_L
6267   1988   191   2426  SMC_CPU_IMON_ISENSE
6293   2050   192   2427  CPUVR_IMON
6382   2060   193   2428  SMC_CPUVR_ADJUST_ISENSE_R
6481   2097   194   2429  SMC_MANUAL_RST_L
6520   914    195   2430  PPVBAT_G3H_CHGR_R
6525   709    195   2431  PPVBAT_G3H_CHGR_R
6795   801    196   2432  TBTBST_PWREN_L
6839   825    197   2433  TBTBST_PWREN_DIV_L
7010   979    198   2434  GND_TBTBST_SGND
6965   1086   199   2435  TBTBST_SNS2
6966   1144   200   2436  TBTBST_SNS1
6650   1512   201   2437  SMC_LRESET_L
6545   2190   202   2438  CPU_THRMTRIP_3V3
6336   2045   202   2439  CPU_THRMTRIP_3V3
6585   2243   203   2440  PP3V42_G3H_SMC_SPVSR
7081   310    204   2441  S4_PWR_EN 
7050   512    205   2442  DBGLED_S4_D
7040   579    206   2443  DBGLED_S3_D
7050   645    207   2444  XDP_SDCONN_STATE_CHANGE_L
7048   719    208   2445  DBGLED_S0_D
7104   945    209   2446  TBTBST_SS 
7073   979    210   2447  TBTBST_RT 
7155   447    211   2448  DBGLED_S5 
7155   514    212   2449  DBGLED_S4 
7155   582    213   2450  DBGLED_S3 
7156   650    214   2451  DBGLED_S0I3
7155   718    215   2452  DBGLED_S0 
7143   945    216   2453  TBTBST_FBX
7200   983    217   2454  TBTBST_VC 
7230   512    218   2455  PP3V3_S5_DBGLED
7332   524    219   2456  PM_SLP_S3_L
7319   647    220   2457  PM_SLP_S0_L
7240   983    221   2458  TBTBST_VC_RC
7248   1237   222   2459  TBTBST_BOOST
7358   646    223   2460  DBGLED_S0I3_D
7360   697    224   2461  MAX98300_R_N
7360   736    225   2462  MAX98300_R_P
7411   630    226   2463  R_AMP_GAIN
7486   878    227   2464  PP5V_S3_U6210
7601   1212   228   2465  PP3V3_S4_TBT_F
7585   1372   229   2466  JTAG_TBT_TMS
7605   1425   230   2467  TBTDP_AUXIO_EN
7571   1451   231   2468  TBT_ROM_SECURITY_XOR
7570   1513   232   2469  TBT_PWR_ON_POC_RST_L
8066   462    233   2470  SD_SPI_CS_L
8029   519    234   2471  SD_SPI_MISO
8023   575    235   2472  SD_SPI_WP_L
8012   633    236   2473  USB3_SD_R2D_C_P
8152   460    237   2474  SD_SPI_HOLD_L
8253   516    238   2475  PP1V2_S3_SD_DVDD12
8295   534    239   2476  USB_SD_DM 
8252   610    240   2477  PP1V2_S0_SD_AVDD12
8111   625    241   2478  PP3V3_S0SW_SD
8063   632    242   2479  USB3_SD_R2D_C_N
8119   756    243   2480  P3V3_SD_FET_RAMP
7605   1481   244   2481  TBT_GPIO2 
7606   1551   245   2482  TBT_CIO_PLUG_EVENT_L
7902   1638   246   2483  PPVIN_S0SW_LCDBKLTFET
8016   1667   247   2484  LCDBKLT_EN_DIV_L
8039   1713   248   2485  BKLT_PLT_RST_L
8343   525    249   2486  USB_SD_DP 
8406   488    250   2487  SD_RESET_L
8432   529    251   2488  PP3V3_S0_SD_CONN
8469   583    252   2489  SD_SPI_MOSI
8510   588    253   2490  SD_SPI_CLK
8185   723    254   2491  USB3_SD_R2D_P
8289   829    255   2492  PP3V3_S0_SD_AVDD33
8273   886    256   2493  SD_RTERM  
8534   483    257   2494  SDCONN_DATA<1>
8627   490    258   2495  SDCONN_R_DATA<0>
8577   574    259   2496  SDCONN_DATA<0>
8576   733    260   2497  PP1V2_S0_SD_VUHS1
8616   746    261   2498  SDCONN_CLK
8626   792    262   2499  SDCONN_CMD
8626   843    263   2500  SDCONN_DATA<3>
8627   904    264   2501  SDCONN_DATA<2>
8716   410    267   2502  SD_CONN_CLK
8633   437    268   2503  SDCONN_R_DATA<1>
8686   525    269   2504  SDCONN_CLK_R2
8748   640    270   2505  SDCONN_CLK_R1
8660   714    271   2506  SDCONN_CLK_L
8696   739    272   2507  SDCONN_CMD_R
8699   832    273   2508  SDCONN_R_DATA<3>
8686   966    274   2509  SDCONN_R_DATA<2>
8458   1308   275   2510  USB_ILIM  
8498   1368   276   2511  PP3V3_S0SW_LCD_R
8564   1407   277   2512  PP5V_S3_RTUSB_A_ILIM
8349   1528   278   2513  PP3V3_S0SW_LCD
8237   1631   279   2514  BKL_ISEN2 
8095   1638   280   2515  BKL_ISEN3 
8076   1685   281   2516  BKL_ISEN5 
8095   1723   282   2517  BKL_ISEN6 
7976   1804   283   2518  PPVIN_S0SW_LCDBKLT_FET
8037   1845   284   2519  EDP_BKLT_EN
8091   1846   285   2520  LCDBKLT_DISABLE
7751   1926   286   2521  PPVIN_S0SW_LCDBKLT
7758   2091   287   2522  BKL_SCL   
7821   2252   289   2523  LCDBKLT_BOOST
8135   1670   290   2524  BKL_ISEN4 
7959   2198   291   2525  PPVOUT_SW_LCDBKLT_FB
8425   1618   292   2526  SMBUS_SMC_0_S0_SCL
239    571    312   2527  FAN_RT_PWM
368    339    313   2528  MIPI_CLK_CONN_N
387    388    314   2529  MIPI_CLK_N
422    310    315   2530  MIPI_CLK_CONN_P
475    311    316   2531  MIPI_DATA_CONN_N
523    339    317   2532  MIPI_DATA_CONN_P
437    388    318   2533  MIPI_CLK_P
506    389    319   2534  MIPI_DATA_P
373    464    320   2535  CAM_SENSOR_WAKE_L_CONN
288    552    321   2536  FAN_RT_TACH
5923   1274   322   2537  SMBUS_SMC_1_S0_SCL
354    621    322   2538  SMBUS_SMC_1_S0_SCL
394    851    323   2539  CPUVR_LGATE2
421    975    324   2540  CPUVR_PWM2
359    1126   325   2541  CPUVR_ISEN2
315    1167   326   2542  CPUVR_ISNS2_P
212    1182   327   2543  CPU_VCCSENSE_P
172    1234   328   2544  CPUVR_FB_RC
223    1236   329   2545  CPU_VCCSENSE_P_RC
262    1236   330   2546  CPU_VCCSENSE_P_R
303    1262   331   2547  CPU_RTN   
241    1309   332   2548  CPU_VCCSENSE_N
191    1317   333   2549  CPUVR_FB  
160    1363   334   2550  CPUVR_COMP_RC
158    1423   335   2551  CPUVR_COMP
249    1430   336   2552  CPUVR_NTC 
249    1484   337   2553  CPU_PROCHOT_L
249    1523   338   2554  CPU_VR_READY
241    1564   339   2555  CPU_VR_EN 
3548   403    340   2556  I2C_CAM_SCK
538    225    340   2557  I2C_CAM_SCK
562    383    344   2558  MIPI_DATA_N
718    167    348   2559  USB_EXTB_N
762    192    349   2560  USB_EXTB_P
714    288    350   2561  PP5V_S0_ALT_AUD_LDO_EN
724    526    353   2562  PP5V_S3RS0_ALSCAM_F
704    614    354   2563  PP5V_S0_FET_R
696    765    355   2564  P1V8S3_EN 
651    768    356   2565  PM_SLP_S4_L
579    884    357   2566  CPUVR_UGATE2
475    969    358   2567  CPUVR_BOOT2
552    985    359   2568  CPUVR_BOOT2_RC
430    1150   360   2569  CPUVR_ISNS1_N
430    1189   361   2570  CPUVR_ISNS1_P
315    1217   362   2571  CPUVR_ISNS2_N
278    1343   363   2572  CPUVR_FB2 
317    1343   364   2573  PP5V_S0_CPUVR_VDD
357    1343   365   2574  CPUVR_ISEN1
396    1343   366   2575  CPUVR_ISUMN_R
774    100    367   2576  XDP_USB_EXTB_OC_L
849    137    368   2577  HDA_SDIN0 
835    218    369   2578  SMBUS_SMC_2_S3_SDA
836    270    370   2579  SMBUS_SMC_2_S3_SCL
910    315    371   2580  P1V5S0SW_AUDIO_EN
779    456    372   2581  PP1V5_S0SW_AUDIO_HDA
800    694    373   2582  PP1V8_S3_REG_R
735    765    374   2583  P1V8S3_FB 
809    799    375   2584  P1V8S3_SW 
3299   1911   376   2585  P1V8S3_PGOOD
734    942    376   2586  P1V8S3_PGOOD
430    1273   377   2587  CPUVR_ISUMN_RC
483    1295   378   2588  CPUVR_ISUMN
435    1343   379   2589  CPUVR_ISUMP
477    1382   380   2590  PPVIN_S0_CPUVR_VIN
477    1422   381   2591  CPUVR_FCCM
477    1461   382   2592  CPUVR_PWM1
414    1572   383   2593  CPUVR_PROG2
323    1573   384   2594  CPU_VIDSOUT
284    1573   385   2595  CPU_VIDSCLK
363    1573   386   2596  CPUVR_SLOPE
383    1645   387   2597  CPUVR_PROG1
267    1723   388   2598  PP3V3_SNS_CPUVR_ADJUST_ISNS
152    1873   389   2599  CPUVRSNS_ADDR_SEL
566    1440   390   2600  PPBUS_S5_HS_COMPUTING_ISNS
650    1717   390   2601  PPBUS_S5_HS_COMPUTING_ISNS
513    1559   391   2602  CPUVR_DRSEL
461    1573   392   2603  CPUVR_PROG3
402    1751   393   2604  CPUVR_ISUM_R_P
466    1846   394   2605  CPUVR_ISUM_R_N
431    1912   395   2606  CPUVR_ISUM_IOUT
913    258    396   2607  AUD_PWR_EN
999    307    397   2608  P1V5CODEC_EN_D
1002   512    398   2609  PP1V5_S0SW_AUDIO
688    1464   399   2610  CPUVR_BOOT1_RC
743    1465   400   2611  CPUVR_BOOT1
626    1540   401   2612  CPUVR_UGATE1
563    1751   402   2613  CPUVR_ISNS1_P_R
563    1853   403   2614  CPUVR_ISNS1_N_R
580    1909   404   2615  XDP_CPUPCH_TRST_L
736    1654   405   2616  PP5V_S0   
911    2041   405   2617  PP5V_S0   
845    1573   406   2618  CPUVR_LGATE1
947    1807   407   2619  XDP_CPU_TDI
957    1923   408   2620  XDP_CPU_TMS
911    1990   409   2621  CPU_CFG<19>
963    2033   410   2622  CPU_CFG<15>
959    2089   411   2623  CPU_CFG<13>
800    2159   412   2624  XDP_CPU_PRDY_L
755    2205   413   2625  XDP_CPU_PREQ_L
833    2209   414   2626  CPU_CFG<3>
1039   1877   415   2627  XDP_PCH_TMS
1008   1921   416   2628  XDP_JTAG_CPU_ISOL_L
1106   1922   417   2629  CPU_CFG<12>
1472   1085   419   2630  CPU_MEMVTT_PWR_EN_LSVDDQ
1461   1135   420   2631  CPU_SM_RCOMP<2>
1481   1416   421   2632  XDP_PCH_TDI
1462   1527   422   2633  CPU_CFG_RCOMP
1430   1609   423   2634  CPU_VIDSCLK_R
1392   1643   424   2635  CPU_VIDSOUT_R
1351   1713   425   2636  CPU_PROCHOT_R_L
1275   1731   426   2637  PPVCC_S0_CPU
1169   1783   426   2638  PPVCC_S0_CPU
1274   1625   426   2639  PPVCC_S0_CPU
1274   1512   426   2640  PPVCC_S0_CPU
1274   1396   426   2641  PPVCC_S0_CPU
1137   1411   426   2642  PPVCC_S0_CPU
1071   1536   426   2643  PPVCC_S0_CPU
1151   1872   427   2644  PP1V05_S0 
1201   1872   427   2645  PP1V05_S0 
1293   1878   428   2646  CPU_CFG<11>
1215   1974   429   2647  XDP_CPU_TDO
1187   2084   430   2648  XDP_TRST_L
1070   2143   431   2649  XDP_SYS_PWROK
1121   2143   432   2650  CPU_PWR_DEBUG
891    2198   433   2651  XDP_BPM_L<0>
1359   1951   434   2652  XDP_CPURST_L
1186   2154   435   2653  XDP_PCH_TCK
1189   2206   436   2654  XDP_CPU_TCK
1264   2214   437   2655  PP1V05_SUS
578    2035   437   2656  PP1V05_SUS
1697   108    438   2657  MEM_A_ODT<0>
1561   1059   440   2658  CPU_SM_RCOMP<1>
1547   1104   441   2659  CPU_SM_RCOMP<0>
1734   1140   442   2660  CPU_DIMMA_VREFDQ
1531   1374   443   2661  XDP_PCH_TDO
1499   1581   444   2662  CPU_VIDALERT_L
1463   1696   446   2663  CPU_VIDALERT_R_L
1451   1862   450   2664  CPU_PWRGD 
1451   1902   451   2665  XDP_CPU_VCCST_PWRGD
1426   2107   453   2666  XDP_CPU_PWRBTN_L
1278   2126   456   2667  PM_THRMTRIP_L
1569   1881   456   2668  PM_THRMTRIP_L
1569   1958   458   2669  CPU_VCCST_PWRGD
1767   1962   459   2670  TP_MCP_RSVD_A51
1684   2201   460   2671  CPU_PECI  
1949   1401   461   2672  PP3V3_S0_CPUTHMSNS_R
1912   1485   462   2673  CPUTHMSNS_TH_SEL
1921   1610   463   2674  CPUTHMSNS_DUR_SEL
1768   1906   464   2675  TP_MCP_RSVD_B51
1954   1965   465   2676  TP_EDP_DISP_UTIL
2160   1533   466   2677  CPUTHMSNS_ADDR_SEL
2643   958    467   2678  LPC_AD<2> 
2619   1002   468   2679  LPC_AD<1> 
2672   1005   469   2680  LPC_FRAME_L
2676   1123   470   2681  HDA_SYNC_R
2615   1140   471   2682  LPC_AD_R<0>
2573   1198   472   2683  TP_LPC_CLK24M_LPCPLUS_R
2612   1199   473   2684  LPC_CLK24M_SMC_R
2603   1293   474   2685  PCH_USB_RBIAS
2531   1305   475   2686  PPVOUT_S5_PCH_DCPSUSBYP_R
2511   1354   476   2687  PPVOUT_S5_PCH_DCPSUSBYP
2423   1366   477   2688  CPUTHMSNS_D2_N
2451   1416   478   2689  P3V3SUS_EN
2435   1561   479   2690  PP1V05_S0_PCH_VCCAPLL_OPI
2479   1605   480   2691  AUD_SPI_MISO
2823   108    481   2692  MEM_B_ODT<0>
2774   909    482   2693  HDA_SYNC  
2746   956    483   2694  LPC_AD<3> 
2695   960    484   2695  LPC_AD<0> 
2789   1008   485   2696  HDA_BIT_CLK
2796   958    486   2697  HDA_SDOUT 
2843   990    487   2698  PCH_DSWVRMEN
2840   1040   488   2699  PPVRTC_G3H
2753   1136   489   2700  RTC_RESET_L
2703   1173   490   2701  PCH_SRTCRST_L
2751   1193   491   2702  TP_PCH_SLP_LAN_L
2683   1241   492   2703  PCH_TESTLOW_AL8
2733   1249   493   2704  PCH_TESTLOW_AK8
2519   1505   494   2705  PP3V3_SUS_FET_R
2536   1613   495   2706  AUD_SPI_CS_L
2550   1751   496   2707  PP1V05_S0_PCH_VCC_ICC
2473   1799   497   2708  PPVCOMP_S0_CPU
2471   1865   498   2709  MCP_EDP_RCOMP
2061   1894   499   2710  PCIE_CLK100M_SSD_N
4570   795    499   2711  PCIE_CLK100M_SSD_N
2082   1948   500   2712  PCIE_CLK100M_SSD_P
4570   845    500   2713  PCIE_CLK100M_SSD_P
2311   1948   501   2714  PCH_DIFFCLK_BIASREF
2312   2004   502   2715  PCH_PCIE_RCOMP
2361   2099   503   2716  PCH_CLK24M_XTALIN
2844   937    504   2717  HDA_RST_L 
3407   126    506   2718  P1V2_CAM_SRVLXC_PHASE
3368   302    507   2719  CAM_RAMCFG2
3368   342    508   2720  CAM_GPIO3 
3419   373    509   2721  CAM_RAMCFG1
3429   442    510   2722  PCIE_WAKE_L
3468   96     511   2723  P1V35_CAM_SRVLXD_PHASE
3521   196    512   2724  GND_CAM_PVSSC
3473   259    513   2725  PP1V2_CAM 
3437   303    514   2726  CAM_SENSOR_WAKE_L
3509   355    515   2727  CAM_TEST_MODE
3477   418    516   2728  I2C_CAM_SDA
538    175    516   2729  I2C_CAM_SDA
3501   486    517   2730  VREFMRGN_DQ_B_EN
3541   486    518   2731  CAM_PCIE_WAKE_L
3366   700    519   2732  CPUTHMSNS_D2_P
3258   842    520   2733  VREFMRGN_DQ_A
3207   845    521   2734  VREFMRGN_DQ_B
3163   891    522   2735  VREFMRGN_DQ_B_RDIV
3075   1010   523   2736  CHGR_VFRQ 
2963   1034   525   2737  PM_SLP_S3_R_L
2986   1169   528   2738  PCH_TBT_PCIE_RESET_L
2975   1244   529   2739  TP_PCH_SLP_WLAN_L
2951   1375   531   2740  PM_CLK32K_SUSCLK_R
2895   1403   532   2741  PPVOUT_S0_PCH_DCPRTC
2861   1422   533   2742  SPI_MISO  
2826   1479   534   2743  SPI_IO<2> 
2747   1540   535   2744  SPI_CS0_R_L
2708   1540   536   2745  AP_PCIE_DEV_WAKE
2692   1589   537   2746  HDMITBTMUX_FLAG
2794   1705   538   2747  PCH_BT_UART_R2D
2784   1756   539   2748  AUD_SPI_MOSI
2656   1813   540   2749  PCH_UART1_CTS_L
2611   1841   541   2750  PCH_UART1_RXD
2619   1893   542   2751  JTAG_ISP_TDO
2365   1923   543   2752  PP1V05_S0SW_PCH_VCCUSB3PLL
2442   1927   544   2753  PP1V05_S0_PCH_VCCACLKPLL
2532   2027   545   2754  PP1V05_S0SW_PCH_HSIO
2597   2027   545   2755  PP1V05_S0SW_PCH_HSIO
2486   2093   546   2756  PCH_CLK24M_XTALOUT_R
2435   2137   547   2757  PCH_CLK24M_XTALOUT
2933   1457   548   2758  SPI_MOSI_R
3046   1132   549   2759  PCH_SUSWARN_L
3027   1225   550   2760  PCH_SMBALERT_L
3075   1272   551   2761  TP_PM_SLP_A_L
3039   1309   552   2762  PCH_SUSACK_L
2991   1385   554   2763  SPI_CLK_R 
2998   1423   555   2764  SPI_CLK   
2994   1507   556   2765  PCH_TCO_TIMER_DISABLE
3000   1566   557   2766  ENETSD_CLKREQ_L
2915   1581   558   2767  PCH_SATALED_L
2832   1740   560   2768  AUD_SPI_CLK
2803   1808   561   2769  BT_PWRRST_L
2771   1861   562   2770  PCH_I2C1_SDA
2671   1865   563   2771  PCH_SATA_RCOMP
2657   1946   564   2772  PCH_TD_IREF
3131   1124   565   2773  PP1V8_S3  
3119   1202   566   2774  HDA_SDOUT_R
3119   1253   567   2775  PCH_PM_SLP_S0_L
3088   1321   568   2776  HDD_PWR_EN
3038   1423   569   2777  TPAD_SPI_INT_GPIO46_L
3042   1494   570   2778  CAMERA_CLKREQ_L
4733   189    571   2779  XDP_PCH_UART_SSD_L_BT_H
3128   1657   572   2780  FW_CLKREQ_L
3109   1703   573   2781  SPI_DESCRIPTOR_OVERRIDE
3132   1754   574   2782  SPI_DESCRIPTOR_OVERRIDE_LS5V
3000   1789   575   2783  PCH_BT_UART_CTS_L
2852   1819   576   2784  ENET_MEDIA_SENSE
2841   1874   577   2785  DP_TBTSNK1_AUXCH_C_N
2807   1912   578   2786  EDP_PANEL_PWR
2706   1927   579   2787  PP1V05_S0SW_PCH_VCCSATA3PLL
6163   1014   580   2788  PP3V3_S0  
4370   269    580   2789  PP3V3_S0  
2734   2014   580   2790  PP3V3_S0  
2787   2014   580   2791  PP3V3_S0  
3196   994    581   2792  MEM_VREFDQ_B_RC
3233   1047   582   2793  CPU_DIMMB_VREFDQ
3218   1106   583   2794  MEM_VREFCA_A_RC
3174   1271   584   2795  PM_RSMRST_L
1002   431    585   2796  PP1V5_S0  
3201   1706   585   2797  PP1V5_S0  
3198   1810   586   2798  PM_S0_PGOOD
3023   1822   587   2799  HSIOFET_EN_L
2851   1953   589   2800  DP_TBTSNK1_AUXCH_C_P
2843   2002   590   2801  LCD_IRQ_L 
3331   1024   591   2802  VREFMRGN_CPU_EN
3339   1095   592   2803  VREFMRGN_DQ_B_EN_RC
3360   1233   593   2804  CAMERA_PWR_EN_PCH
3384   1504   594   2805  XDP_LPCPLUS_GPIO
3398   1708   595   2806  SMC_ADAPTER_EN
3347   1743   596   2807  PM_PCH_SYS_PWROK
3263   1817   597   2808  PCH_UART1_TXD
3307   1822   598   2809  HSIOFET_DRV_H
3018   1942   599   2810  HSIOFET_DISCHARGE
3008   2047   601   2811  HSIOFET_EN
3185   2080   602   2812  P1V05_DIV_VMON
3185   2119   603   2813  P1V5_DIV_VMON
3787   483    604   2814  PP1V35_CAM
3906   483    604   2815  PP1V35_CAM
3578   63     604   2816  PP1V35_CAM
3762   70     605   2817  GND_CAM_PVSSD
3802   70     606   2818  CAM_TEST_OUT
3548   349    607   2819  CAM_RAMCFG0
3459   1037   608   2820  VREFMRGN_CA_B_EN_RC
3501   1037   609   2821  VREFMRGN_CA_B_EN
3459   1079   610   2822  VREFMRGN_CA_B_RDIV
3420   1079   611   2823  VREFMRGN_CA_AB
3493   1313   612   2824  SPIROM_USE_MLB
3847   67     613   2825  TP_CAM_LV_JTAG_TRSTN
3908   68     614   2826  TP_CAM_LV_JTAG_TMS
3887   110    615   2827  CAM_PWR_SEL
3968   89     616   2828  CAM_DEBUG_RESET_L
3991   138    617   2829  CAM_XTAL_FREQ
4020   55     618   2830  I2C_CAM_SMBDBG_CLK
4060   55     619   2831  I2C_CAM_SMBDBG_DAT
4073   94     620   2832  CAM_JTAG_SRST_L
4052   154    621   2833  CAM_XTAL_SEL
4075   248    622   2834  CLK25M_CAM_CLKP
4075   288    623   2835  CLK25M_CAM_CLKN
4075   339    624   2836  PCIE_CAMERA_D2R_C_P
4075   390    625   2837  PCIE_CAMERA_D2R_C_N
4173   63     626   2838  CAM_UARTCTS
4103   142    627   2839  CLK25M_CAM_XTALP
4183   220    628   2840  CLK25M_CAM_XTALP_R
4233   221    629   2841  CLK25M_CAM_XTALN
4154   289    630   2842  PCIE_CLK100M_CAMERA_C_N
4155   338    631   2843  PCIE_CLK100M_CAMERA_C_P
4154   386    632   2844  PCIE_CAMERA_R2D_N
4154   441    633   2845  PCIE_CAMERA_R2D_P
4150   485    634   2846  PP1V2_CAM_PCIE_PVDD_FLT
4150   540    635   2847  PP1V2_CAM_PCIE_VDD_FLT
4204   844    636   2848  PP3V3_S0SW_SSD_FLT
4204   794    636   2849  PP3V3_S0SW_SSD_FLT
4204   987    636   2850  PP3V3_S0SW_SSD_FLT
4204   894    636   2851  PP3V3_S0SW_SSD_FLT
4204   1037   636   2852  PP3V3_S0SW_SSD_FLT
4367   211    636   2853  PP3V3_S0SW_SSD_FLT
4317   211    636   2854  PP3V3_S0SW_SSD_FLT
4367   109    636   2855  PP3V3_S0SW_SSD_FLT
4317   109    636   2856  PP3V3_S0SW_SSD_FLT
3796   1196   637   2857  MEM_CAM_ODT
3668   1238   638   2858  VREFMRGN_CA_A_RDIV
3538   1272   639   2859  PM_BATLOW_L
3603   1355   640   2860  CPU_DIMM_VREFCA
3570   1396   641   2861  MEM_VREFDQ_A_RC
3535   1474   642   2862  SPI_IO2_R 
3552   1811   643   2863  P5VS4RS3_PGOOD
3443   1873   644   2864  VMON_5V_DIV
3385   1902   645   2865  HSIOFET_DRV_L
3308   1983   646   2866  SYS_PWROK_R
3185   2037   647   2867  ALL_SYS_PWRGD_R
1578   1920   648   2868  CPUVR_PGOOD_R
3222   2155   648   2869  CPUVR_PGOOD_R
3707   1238   649   2870  VREFMRGN_CA_A_EN_RC
3747   1238   650   2871  CPU_MEM_VREFDQ_A_ISOL
3678   1345   651   2872  CPU_MEM_VREFCA_A_ISOL
3651   1392   652   2873  VREFMRGN_DQ_A_EN
3681   1599   653   2874  SMC_RUNTIME_SCI_L
3697   1705   654   2875  PP5V_S4RS3
3626   1738   655   2876  PM_SYSRST_L
3644   1791   656   2877  P1V05S0_VDDQSNS_R
3623   1838   657   2878  PCH_CLK32K_RTCX1
3588   1875   658   2879  LPC_SERIRQ
3590   1935   659   2880  PM_CLKRUN_L
3473   1964   660   2881  VMON_Q2_BASE
3513   1964   661   2882  S0PGD_C   
3557   1972   662   2883  VMON_3V3_DIV
3573   2022   663   2884  VMON_Q3_BASE
3497   2082   664   2885  S0PGD_BJT_GND_R
3416   2100   665   2886  P5V_DIV_VMON
3733   1377   666   2887  VREFMRGN_DQ_A_EN_RC
3758   1737   667   2888  P1V05S0_DRVL
3718   1787   668   2889  P1V05S0_VDDQSNS
3721   1835   669   2890  P1V05S0_FB
3719   1900   670   2891  P1V05_S0_VREF
3749   1925   671   2892  P1V05S0_VTTREF
3545   2082   672   2893  VMON_Q4_BASE
3784   1341   673   2894  VREFMRGN_DQ_A_RDIV
3973   1485   674   2895  P1V05S0_DRVH_R
4051   1509   675   2896  TBDTHMSNS_D2_P
4242   62     676   2897  CAM_UARTRXD
4286   66     677   2898  TP_CAM_TEST_MODE1
4317   159    678   2899  TP_CAM_TEST_MODE2
4367   159    679   2900  TP_CAM_LV_JTAG_TCK
4245   261    680   2901  TP_CAM_JTAG_TCK
4245   300    681   2902  TP_CAM_JTAG_TDO
4245   340    682   2903  TP_CAM_JTAG_TDI
4245   379    683   2904  TP_CAM_JTAG_TMS
4245   419    684   2905  TP_CAM_JTAG_TRST_L
4297   998    685   2906  PP3V3_S0SW_SSD
4265   1070   686   2907  ISNS_SSD_N
4271   1142   687   2908  ISNS_SSD_P
4082   1379   688   2909  ISNS_1V2_IOUT
4145   1415   689   2910  SPI_DESCRIPTOR_OVERRIDE_L
4117   1509   690   2911  TBDTHMSNS_D2_N
3886   1611   691   2912  P1V05S0_BOOT_RC
3847   1729   692   2913  P1V05S0_DRVH
3897   1736   693   2914  P1V05S0_VBST
3912   1784   694   2915  P1V05S3_EN
3911   1831   695   2916  P1V05S0_TRIP
3911   1870   696   2917  P1V05S0_MODE
3939   1935   697   2918  P1V05S0_PGOOD
3820   1985   698   2919  P1V05S0_VTT
4316   262    699   2920  SSD_SR_EN_L
4316   313    700   2921  SSD_BOOT_R
4316   363    701   2922  TP_CAM_LV_JTAG_TDI
4316   413    702   2923  TP_CAM_LV_JTAG_TDO
4316   463    703   2924  TP_CAM_TEST_MODE0
4225   1518   704   2925  PDDR_S3_REG_L
3991   1642   705   2926  PM_SLP_S3_BUF_L
3941   1717   706   2927  P1V05S0_EN
4004   1799   707   2928  P1V05S0_AGND
3959   2032   708   2929  SMC_FAN_0_CTL
4392   353    709   2930  PCIE_SSD_R2D_N<3>
4392   403    710   2931  PCIE_SSD_R2D_P<3>
4435   428    711   2932  PCIE_SSD_R2D_N<2>
4435   478    712   2933  PCIE_SSD_R2D_P<2>
4392   595    713   2934  PCIE_SSD_R2D_N<1>
4392   645    714   2935  PCIE_SSD_R2D_P<1>
4435   671    715   2936  PCIE_SSD_R2D_N<0>
4435   721    716   2937  PCIE_SSD_R2D_P<0>
4643   160    717   2938  SMC_OOB1_D2R_CONN_L
4593   211    718   2939  SSD_PCIE_SEL_L
4594   262    719   2940  SMC_PWRFAIL_WARN_L
4579   348    720   2941  PCIE_SSD_D2R_N<3>
4462   351    721   2942  PCIE_SSD_R2D_C_N<3>
4478   401    722   2943  PCIE_SSD_R2D_C_P<3>
4541   430    723   2944  PCIE_SSD_D2R_N<2>
4541   480    724   2945  PCIE_SSD_D2R_P<2>
4541   673    725   2946  PCIE_SSD_D2R_N<0>
4541   723    726   2947  PCIE_SSD_D2R_P<0>
4537   878    727   2948  ISNS_P3V3S5_IOUT
4444   1029   728   2949  P3V3S0SW_SSD_FET_RAMP
4415   1170   729   2950  PP3V3_S0SW_SSD_FET_R
4493   1281   730   2951  PP3V3_S4SW_SNS
4643   236    731   2952  TP_SSD_DEVSLP
4643   288    732   2953  SSD_PWR_EN
4579   398    733   2954  PCIE_SSD_D2R_P<3>
4579   590    734   2955  PCIE_SSD_D2R_N<1>
4579   640    735   2956  PCIE_SSD_D2R_P<1>
4630   970    736   2957  ISNS_P3V3S5_N
4670   970    737   2958  ISNS_P3V3S5_P
4620   1271   738   2959  PP3V3_S3RS0_CAMERA_R
4596   1398   739   2960  ISNS_CAMERA_IOUT
4560   1561   740   2961  PPVTT_S3_DDR_BUF
4473   1579   741   2962  PP0V6_S0_DDRVTT
4404   1583   742   2963  DDRREG_VTTSNS
4365   1622   743   2964  DDRREG_PGOOD
4365   1662   744   2965  DDRREG_MODE
4365   1701   745   2966  DDRREG_TRIP
4005   1716   746   2967  P1V05_EN_D
4223   1793   747   2968  ALL_SYS_PWRGD
1016   2142   747   2969  ALL_SYS_PWRGD
4331   1816   748   2970  DDRREG_EN 
4086   1930   749   2971  SPI_MOSI  
4078   2047   750   2972  SPI_CS0_L 
4187   2048   751   2973  SPI_MLB_CLK
4187   2091   752   2974  SPI_SMC_CLK
4329   2253   753   2975  SPI_MLB_IO0_MOSI
4705   234    754   2976  XDP_PCH_GPIO35
4812   284    755   2977  CHGR_AGATE_DIV
4803   415    756   2978  SSD_RESET_CONN_L
4748   440    757   2979  P3V3SSD_VMON
4878   552    758   2980  SSD_CLKREQ_L
4741   1005   759   2981  P3V3S0_EN 
4668   1378   760   2982  ISNS_CAMERA_P
4720   1383   761   2983  ISNS_CAMERA_N
4643   1668   762   2984  DDRREG_1V8_VREF
4557   1672   763   2985  GND_DDRREG_SGND
4556   1733   764   2986  DDRREG_VDDQSNS
4483   1779   765   2987  DDRREG_LL 
4404   1780   766   2988  DDRREG_VBST
4443   1780   767   2989  DDRREG_DRVH
4445   1852   768   2990  DDRREG_VBST_RC
4480   2200   769   2991  SPI_MLB_IO2_WP_L
4905   152    770   2992  PPDCIN_G3H_ISOL
4912   313    771   2993  PPCHGR_DCIN_D_R
4961   410    772   2994  CHGR_CSI_R_P
4962   462    773   2995  CHGR_CSI_R_N
4916   524    774   2996  SSD_CLKREQ_CONN_L
4998   1168   775   2997  HDMITBTMUX_SEL_TBT
5030   1212   776   2998  PCH_BT_UART_RTS_L
4946   1338   777   2999  P3V3_S5_VBST_R
4778   1367   778   3000  SMC_PM_G2_EN
4807   1494   779   3001  GND_P5VP3V3_SGND
4808   1550   780   3002  S5_PWR_EN 
4805   1610   781   3003  P3V3_S5_CSP2
4698   1670   782   3004  VREFMRGN_MEMVREG_BUF
4643   1707   783   3005  DDRREG_FB 
4572   1780   784   3006  DDRREG_DRVL
5067   213    785   3007  CHGR_ICOMP_R
5072   292    786   3008  GND_CHGR_AGND
5100   141    787   3009  CHGR_VCOMP_R
5145   158    788   3010  CHGR_VCOMP
5185   158    789   3011  CHGR_VNEG 
5146   199    790   3012  CHGR_CELL 
5146   239    791   3013  CHGR_ICOMP
5146   278    792   3014  CHGR_ACIN 
5162   358    793   3015  CHGR_AGATE
436    120    794   3016  PPDCIN_G3H
146    205    794   3017  PPDCIN_G3H
95     205    794   3018  PPDCIN_G3H
436    173    794   3019  PPDCIN_G3H
146    256    794   3020  PPDCIN_G3H
94     256    794   3021  PPDCIN_G3H
436    225    794   3022  PPDCIN_G3H
488    225    794   3023  PPDCIN_G3H
5153   505    794   3024  PPDCIN_G3H
5092   735    795   3025  CHGR_DCIN_D
5187   111    796   3026  CHGR_VNEG_R
5224   158    797   3027  CHGR_AMON 
5192   436    798   3028  CHGR_CSI_P
5242   437    799   3029  CHGR_CSI_N
5261   636    800   3030  P5V1_FB   
5248   752    801   3031  PP5V5_CHGR_VDDP
5264   835    802   3032  P5V1_BOOST
5269   925    803   3033  P5V1_SW   
5298   85     804   3034  SMC_RESET_L
5291   382    805   3035  CHGR_UGATE
5298   446    806   3036  CHGR_SGATE
5337   446    807   3037  CHGR_BOOT 
5336   492    808   3038  CHGR_SGATE_DIV
5258   595    808   3039  CHGR_SGATE_DIV
5352   628    809   3040  CHGR_DCIN 
5361   76     810   3041  CHGR_RST_L
5381   195    811   3042  CHGR_BGATE
5435   220    812   3043  CHGR_CSO_N
5435   259    813   3044  CHGR_CSO_P
5435   298    814   3045  PP5V1_CHGR_VDD
5382   343    815   3046  CHGR_LGATE
5505   218    816   3047  CHGR_CSO_R_N
5505   258    817   3048  CHGR_CSO_R_P
5581   266    818   3049  SMC_LSOC_RST_L
5641   344    819   3050  TPAD_SPI_MISO
5591   639    820   3051  ISNS_HS_GAIN_OUT
5547   669    821   3052  ISNS_HS_GAIN_OUT_R
5382   693    822   3053  PP5V1_CHGR_VDDP
5448   698    823   3054  ISNS_HS_GAIN_P_R
5488   698    824   3055  ISNS_HS_GAIN_N_R
5451   781    825   3056  ISNS_HS_GAIN_P
5491   781    826   3057  ISNS_HS_GAIN_N
5452   871    827   3058  ISNS_HS_COMPUTING_P
5492   871    828   3059  ISNS_HS_COMPUTING_N
5448   1066   829   3060  USB_TPAD_P
5528   1066   830   3061  USB_TPAD_N
5587   1085   831   3062  TPAD_USB_IF_EN
5631   1292   832   3063  ISNS_P5VSSD_IOUT
5119   1344   833   3064  P5V_S4RS3_VBST_R
5100   1433   834   3065  P5V_S4RS3_VBST
5060   1433   835   3066  P5V_S4RS3_DRVL
4962   1433   836   3067  P3V3_S5_VBST
4923   1433   837   3068  P3V3_S5_LL
4898   1468   838   3069  P3V3_S5_DRVH
4902   1518   839   3070  PPBUS_S5_HS_OTHER_ISNS
4898   1568   840   3071  P3V3S5_EN_R
4854   1665   841   3072  P3V3_S5_CSN2
4800   1684   842   3073  P3V3_S5_CSP2_R
4928   1699   843   3074  P3V3_S5_VFB2
4967   1699   844   3075  P3V3_S5_COMP2
4942   1768   845   3076  P5VP3V3_VREF2
4893   1768   846   3077  P3V3_S5_VFB2_R
4817   1838   847   3078  SYSCLK_CLK25M_CAMERA
4751   1965   848   3079  SPI_SMC_CS_L
4710   1967   849   3080  SPI_MLB_CS_L
4707   2080   850   3081  SPI_MLB_IO1_MISO
4664   2235   851   3082  SPI_ALT_CLK
4608   2236   852   3083  SPI_ALT_IO1_MISO
5005   1433   853   3084  P3V3_S5_DRVL
5139   1433   854   3085  P5V_S4RS3_LL
5183   1448   855   3086  P5V_S4RS3_DRVH
5187   1491   856   3087  P3V3_S5_RF
5162   1542   857   3088  P5VS4RS3_EN_R
5161   1599   858   3089  P5VP3V3_SKIPSEL
5208   1620   859   3090  P5V_S4RS3_CSP1
5209   1678   860   3091  P5V_S4RS3_CSN1
5124   1699   861   3092  P5V_S4RS3_VFB1
5046   1699   862   3093  P5V_S4RS3_FUNC
5085   1699   863   3094  P5V_S4RS3_COMP1
5056   1773   864   3095  P5VP3V3_VREG3
4987   1798   865   3096  P3V3_S5_COMP2_R
5961   395    866   3097  PP3V42_G3H
5054   1849   866   3098  PP3V42_G3H
5113   1850   866   3099  PP3V42_G3H
5035   1990   867   3100  SYSCLK_CLK25M_X2
5004   2063   868   3101  SYSCLK_CLK25M_X2_R
5008   2114   869   3102  PCH_HSIO_PWR_EN
4793   2193   870   3103  PP3V3_SUS 
4793   2243   870   3104  PP3V3_SUS 
4729   2233   871   3105  SPI_ALT_CS_L
5149   1802   872   3106  P5V_S4RS3_COMP1_R
5056   2177   873   3107  SYSCLK_CLK25M_X1
4904   2197   874   3108  PP3V3_S5RS3RS0_SYSCLKGEN
5292   1379   875   3109  TPAD_SPI_CS_L
5282   1429   876   3110  TPAD_SPI_MOSI
5236   1475   877   3111  TPAD_SPI_CLK
5240   1542   878   3112  P5VS4RS3_EN
5262   1679   879   3113  P5V_S4RS3_CSP1_R
5250   1729   880   3114  P5V_S4RS3_VFB1_XW
5198   1773   881   3115  P5V_S4RS3_VFB1_R
5240   2153   882   3116  PP1V2_CAM_XTALPCIEVDD
5650   128    883   3117  TPAD_SPI_MISO_R
5709   128    884   3118  TPAD_SPI_CLK_R
5768   128    885   3119  TPAD_SPI_MOSI_R
5828   128    886   3120  TPAD_SPI_CS_R_L
5856   192    887   3121  SMC_PME_S4_WAKE_L
5801   237    888   3122  TPAD_WAKE_L
5681   263    889   3123  SMBUS_SMC_3_SCL
5831   299    890   3124  PP5V_S4_IPD
5811   351    891   3125  PP3V3_S4_IPD
5658   933    892   3126  PP5V_S5   
4533   1780   892   3127  PP5V_S5   
5854   1004   893   3128  TBT_PWR_REQ_L
5711   1176   894   3129  DP_TBTSNK1_HPD
5895   168    895   3130  TPAD_SPI_INT_L
5873   269    896   3131  TPAD_SPI_INT_S4_WAKE_L_CONN
5864   348    897   3132  TPAD_USB_IF_EN_CONN
5913   421    898   3133  PP3V3_S4  
5911   473    898   3134  PP3V3_S4  
5953   505    899   3135  PP3V3_S4_FET_R
5952   555    900   3136  P3V3S3_EN 
5879   790    901   3137  PP3V3_S3_FET_R
5970   816    902   3138  XDP_USB_EXTA_OC_L
5930   1116   904   3139  DP_TBTSNK0_HPD
5949   1192   905   3140  HS_IOUT_D 
5845   1356   906   3141  SMBUS_SMC_1_S0_SDA
303    621    906   3142  SMBUS_SMC_1_S0_SDA
5334   1443   907   3143  JTAG_TBT_TMS_PCH
5779   1525   908   3144  SMC_PCH_SUSWARN_L
5779   1564   909   3145  SMC_CPUDDR_ISENSE
5780   1614   910   3146  SMC_P1V05S0_VSENSE
5780   1656   911   3147  SMC_BMON_ISENSE
5780   1700   912   3148  SMC_DCIN_ISENSE
5780   1775   913   3149  SMC_PBUS_VSENSE
5704   1806   914   3150  GND_SMC_AVSS
5842   1845   915   3151  PP3V3_S5_AVREF_SMC
5670   2006   916   3152  LPC_PWRDWN_L
5836   2059   917   3153  SMC_PECI_L_R
5755   2164   918   3154  CPU_PECI_R
5997   166    919   3155  TPAD_SPI_IF_EN_CONN
6254   258    920   3156  KBDLED_FB 
6252   330    921   3157  KBDLED_SW 
6103   419    922   3158  KBDLED_ANODE
6213   538    923   3159  PP3V3_S4SW_SNS_FET_R
6170   808    924   3160  PCA9557D_RESET_L
6151   934    925   3161  PM_DSW_PWRGD
6100   939    926   3162  TBT_PWR_EN
6020   958    927   3163  XDP_JTAG_ISP_TDI
5977   995    928   3164  XDP_JTAG_ISP_TCK
6123   1014   929   3165  HS_COMP_VREF
6124   1170   930   3166  HS_COMP_FB
6164   1170   931   3167  HS_COMP_OUT
6033   1230   932   3168  HS_IOUT_R 
5986   1311   933   3169  FINSTACKSNS_ALERT_L
6018   1350   934   3170  CPUTHMSNS_ALERT_L
5914   1436   935   3171  SMC_PROCHOT
5842   1444   936   3172  SMC_VCCIO_CPU_DIV2
5844   1484   937   3173  SMC_PCH_SUSACK_L
5914   1486   938   3174  SMC_TX_L  
5914   1536   939   3175  SMC_S5_PWRGD_VIN
5914   1576   940   3176  PM_PWRBTN_L
5914   1615   941   3177  MEM_EVENT_L
5921   1664   942   3178  SMC_P1V05S0_ISENSE
5857   1674   943   3179  CHGR_BMON 
5851   1727   944   3180  SMC_HS_COMPUTING_ISENSE
5851   1778   945   3181  PCH_STRP_TOPBLK_SWP_L
5900   1791   946   3182  SMC_TOPBLK_SWP_L
5901   1868   947   3183  PP3V3_S5_SMC_VDDA
5937   2016   948   3184  SMC_SSD_ISENSE
6226   898    949   3185  SMBUS_PCH_CLK
6278   920    950   3186  SMBUS_PCH_DATA
6286   1001   951   3187  TBT_CLKREQ_L
6415   1014   952   3188  PPBUS_G3H 
6465   1014   952   3189  PPBUS_G3H 
6515   1014   952   3190  PPBUS_G3H 
6415   1067   952   3191  PPBUS_G3H 
6465   1067   952   3192  PPBUS_G3H 
6611   231    953   3193  SYS_DETECT_L
6591   498    954   3194  BMON_IOUT_R
6678   511    955   3195  BMON_COMP_FB
6681   620    956   3196  BMON_COMP_OUT
6632   629    957   3197  P3V3S0_EN_D
6593   629    958   3198  BMON_IOUT_D
6510   640    959   3199  BMON_IOUT 
6701   673    960   3200  SMC_BMON_COMP_ALERT_L
6532   1080   961   3201  ISNS_P3V3_S0_P
6536   1185   962   3202  ISNS_P3V3_S0_IOUT
6276   1223   963   3203  SMC_HS_COMP_ALERT_L
6066   1322   964   3204  SMC_WIFI_PWR_EN
6031   1426   965   3205  SMBUS_SMC_5_G3_SDA
5958   1460   966   3206  SMC_RX_L  
5992   2016   967   3207  SMC_CAMERA_ISENSE
5966   2133   968   3208  SMC_P3V3S0_ISENSE
5887   2133   969   3209  SMC_WLAN_ISENSE
6163   1332   970   3210  CPUBMONSNS_ALERT_L
6122   1458   971   3211  SMC_BC_ACOK
6072   1458   972   3212  SMBUS_SMC_5_G3_SCL
6172   1458   973   3213  SMC_ONOFF_L
6222   1458   974   3214  SMC_LID   
6034   1998   975   3215  SMC_BMON_DISCRETE_ISENSE
6091   2055   976   3216  SMC_CPU_ISENSE
6045   2133   977   3217  SMC_DCIN_VSENSE
6124   2133   978   3218  SMC_OTHER_HI_ISENSE
6232   1326   979   3219  PCH_SML1ALERT_L
6252   1366   980   3220  SMC_SENSOR_ALERT_L
6272   1458   981   3221  SMC_CLK32K
6311   1458   982   3222  SYS_ONEWIRE
6350   1458   983   3223  SMC_WAKE_L
6783   504    984   3224  BMON_COMP_VREF
6858   167    985   3225  PPVBAT_G3H_CONN
6857   116    985   3226  PPVBAT_G3H_CONN
6923   645    985   3227  PPVBAT_G3H_CONN
6983   645    985   3228  PPVBAT_G3H_CONN
6831   337    985   3229  PPVBAT_G3H_CONN
6987   341    985   3230  PPVBAT_G3H_CONN
6959   814    986   3231  TBT_A_HV_EN
6922   911    987   3232  PP3V3_S5  
833    969    987   3233  PP3V3_S5  
783    979    987   3234  PP3V3_S5  
6834   972    988   3235  DP_TBTSNK0_DDC_DATA
2795   1961   988   3236  DP_TBTSNK0_DDC_DATA
6793   1009   989   3237  DP_TBTSNK0_DDC_CLK
2705   1978   989   3238  DP_TBTSNK0_DDC_CLK
6851   1029   990   3239  DP_INT_HPD
6789   1093   991   3240  PP3V3_S0_FET_R
6586   1184   992   3241  ISNS_P3V3_S0_N
6524   1270   993   3242  SMBUS_SMC_3_SDA
6470   1277   994   3243  TBTMLBSNS_ALERT_L
6446   1326   995   3244  SMC_SENSOR_PWR_EN
6521   1327   996   3245  TBT_INLET_THM_L
6398   1457   997   3246  SMC_BIL_BUTTON_L
6445   1458   998   3247  SMC_PME_S4_DARK_L
6460   1605   999   3248  PP1V2_S5_SMC_VDDC
6460   1644   1000  3249  SMC_S4_WAKESRC_EN
6460   1684   1001  3250  LPC_CLK24M_SMC
6461   1727   1002  3251  SMC_XTAL  
6461   1767   1003  3252  SMC_XTAL_R
6461   1817   1004  3253  SMC_TCK   
6461   1867   1005  3254  SMC_TDI   
6461   1917   1006  3255  SMC_TDO   
6461   1967   1007  3256  SMC_TMS   
6318   1996   1008  3257  SMC_OOB1_R2D_L
6165   1998   1009  3258  SMC_CPUVR_ADJUST_ISENSE
6140   2037   1010  3259  SMC_LCDBKLT_ISENSE
6181   2044   1011  3260  SMC_CPU_VSENSE
6174   2133   1012  3261  SMC_1V2S3_ISENSE
6540   1573   1013  3262  P5VS4RS3_EN_D
6582   1607   1014  3263  P5VS4RS3_EN_RC
6527   1695   1015  3264  TP_SMC_5VSW_PWR_EN
6602   1698   1016  3265  SMC_EXTAL 
6538   1955   1017  3266  WIFI_EVENT_L
6206   1998   1018  3267  SMS_INT_L 
6276   2134   1019  3268  SMC_P3V3S5_ISENSE
6423   2203   1020  3269  PM_THRMTRIP_R_L
6778   1247   1021  3270  PP3V3_S0_TBTMLB_ISNS_R
6850   1226   1022  3271  ISNS_P5VWLAN_IOUT
6860   1294   1023  3272  ISNS_AIRPORT_P
6860   1333   1024  3273  ISNS_AIRPORT_N
6874   1423   1025  3274  SSD_RESET_L
6794   1513   1026  3275  PLT_RESET_L
6691   1553   1027  3276  PLT_RST_BUF_L
6628   1586   1028  3277  PM_SLP_S5_L
6679   1679   1029  3278  SMC_PANEL_ISENSE
6763   1679   1030  3279  ISNS_PANEL_IOUT
7149   948    1031  3280  TBTBST_VSNS_RC
7201   950    1032  3281  TBTBST_EN_UVLO
7135   1041   1033  3282  TBTBST_VSNS
7186   1174   1034  3283  TBTBST_INTVCC
6940   1237   1035  3284  PP3V3_WLAN_R
6936   1387   1036  3285  PP3V3_WLAN
6986   1387   1036  3286  PP3V3_WLAN
7036   1387   1036  3287  PP3V3_WLAN
6844   1529   1037  3288  AP_RESET_L
7040   1574   1038  3289  PCIE_AP_R2D_P
7014   1624   1039  3290  PCIE_CLK100M_AP_N
7014   1674   1040  3291  PCIE_CLK100M_AP_P
6868   1794   1041  3292  AP_CLKREQ_R_L
7012   1826   1042  3293  P3V3WLAN_VMON
7012   1905   1043  3294  AP_RESET_CONN_R_L
6893   1970   1044  3295  USB_BT_CONN_N
6937   1994   1045  3296  USB_BT_CONN_P
6787   2063   1046  3297  BT_WAKE   
4594   134    1047  3298  SMC_OOB1_R2D_CONN_L
6641   2089   1047  3299  SMC_OOB1_R2D_CONN_L
7040   1524   1048  3300  PCIE_AP_R2D_N
7047   1719   1049  3301  PCIE_AP_D2R_P
7047   1769   1050  3302  PCIE_AP_D2R_N
7083   1895   1051  3303  AP_RESET_CONN_L
7146   1935   1052  3304  AP_CLKREQ_Q_L
7310   694    1053  3305  SPKRAMP_INR_N
7310   744    1054  3306  SPKRAMP_INR_P
7258   910    1055  3307  TBTBST_SHDN_DIV
7349   939    1056  3308  TBT_BATLOW_L
7346   1218   1057  3309  TBT_POC_RESET_L
7236   834    1058  3310  PPVIN_S4SW_TBTBST_FET
7286   1221   1058  3311  PPVIN_S4SW_TBTBST_FET
7236   1211   1058  3312  PPVIN_S4SW_TBTBST_FET
7368   1255   1059  3313  SMC_DELAYED_PWRGD
7588   1325   1060  3314  JTAG_TBT_TDO
7367   1322   1060  3315  JTAG_TBT_TDO
7339   1379   1061  3316  TP_TBT_PCIE_RESET0_L
7330   1594   1062  3317  AP_S0IX_WAKE_SEL
7293   1632   1063  3318  AP_S0IX_WAKE_L
3239   1765   1063  3319  AP_S0IX_WAKE_L
7396   1861   1064  3320  AP_PCIE_WAKE_L
7478   672    1065  3321  SPKRAMP_SHDN_L
7538   723    1066  3322  SPKRAMP_ROUT_N
7558   772    1067  3323  SPKRAMP_ROUT_P
7558   941    1068  3324  TBTROM_HOLD_L
7511   942    1069  3325  TBT_SPI_CLK
7526   1244   1070  3326  TBTROM_WP_L
7569   1245   1071  3327  TBT_SPI_MISO
7633   881    1072  3328  PP1V05_TBT
7889   975    1073  3329  P1V05TBT_SW
7844   1025   1074  3330  DP_TBTSNK1_ML_C_P<3>
7893   1026   1075  3331  DP_TBTSNK1_ML_C_N<1>
7819   1114   1076  3332  TBT_B_LSRX
7795   1146   1077  3333  TBT_B_CONFIG2_RC
7725   1158   1078  3334  TBT_B_DP_PWRDN
7760   1202   1079  3335  DP_TBTPB_HPD
7612   1243   1080  3336  TBT_SPI_CS_L
7738   1273   1081  3337  TBT_B_HV_EN
7711   1332   1082  3338  TBT_B_CONFIG1_BUF
7675   1384   1083  3339  TBT_DFT_STRAP_3
7623   1444   1084  3340  TBT_DFT_STRAP_1
8098   601    1085  3341  USB3_SD_D2R_N
8131   639    1086  3342  USB3_SD_D2R_P
7995   775    1087  3343  SD_PWR_EN 
8097   915    1088  3344  TBT_MLBBOT_THMSNS_N
8096   967    1089  3345  TBT_MLBBOT_THMSNS_P
8059   1015   1090  3346  DP_TBTPA_ML_C_N<1>
8100   1055   1091  3347  DP_TBTSNK0_ML_C_N<0>
8154   1060   1092  3348  DP_TBTSNK0_ML_C_P<0>
8145   1111   1093  3349  DP_TBTSNK0_ML_P<0>
8112   1150   1094  3350  DP_TBTSNK0_ML_N<0>
7913   1176   1095  3351  PP3V3_TBTRDV
7811   1236   1096  3352  TBT_TEST_EN
7814   1286   1097  3353  TBT_GPIO7 
7753   1392   1098  3354  DP_TBTSRC_HPD
7469   942    1099  3355  TBT_SPI_MOSI
7684   1435   1099  3356  TBT_SPI_MOSI
7775   1451   1100  3357  TBT_TMU_CLK_OUT
8239   524    1101  3358  SMC_PME_SDCONN
8244   746    1102  3359  SDSCLK_CLK25M_X1
8279   498    1103  3360  PP3V3_S3  
8295   760    1104  3361  SDCLK_CLK25M_X2_R
8172   988    1105  3362  TBTTHMSNS_D2_R_N
8210   1090   1106  3363  TBTTHMSNS_D2_R_P
8265   1025   1106  3364  TBTTHMSNS_D2_R_P
7923   1254   1107  3365  PP1V05_TBTCIO
7830   1411   1108  3366  TBT_DDC_XBAR_EN_L
7837   1469   1109  3367  PP3V3_TBTLC
7835   1511   1110  3368  TBT_TEST_PWR_GOOD
7686   1680   1111  3369  TBT_EN_CIO_PWR
7505   1739   1112  3370  PP15V_TBT 
7505   1789   1112  3371  PP15V_TBT 
7580   1742   1113  3372  TBTAPWRSW_ISET_V3P3
7619   1743   1114  3373  TBTAPWRSW_ISET_S3_R
7661   1743   1115  3374  TBTAPWRSW_ISET_S0_R
7617   1813   1116  3375  TBTAPWRSW_ISET_S3
7656   1814   1117  3376  TBTAPWRSW_ISET_S0
7573   2041   1118  3377  PP3V3_S4_TBTAPWR
7738   2041   1119  3378  BKL_SDA   
7737   2170   1120  3379  GND_BKL_SGND
7757   2246   1121  3380  BKL_VSYNC_R
8059   1278   1122  3381  PP1V05_TBTRDV
8072   1330   1123  3382  TBT_RSENSE
8040   1356   1124  3383  TBT_MONOBSP
7984   1413   1125  3384  TBT_MONOBSN
7882   1649   1126  3385  TBT_EN_CIO_PWR_L
7909   1796   1127  3386  ISNS_LCDBKLT_P
7910   1846   1128  3387  ISNS_LCDBKLT_N
7849   1902   1129  3388  ISNS_LCDBKLT_IOUT
7949   1946   1130  3389  BKL_FSET  
8330   980    1131  3390  SDCLK_CLK25M_X2
8353   1029   1132  3391  TBT_A_CONFIG2_RC
8517   1116   1133  3392  USB_PWR_EN
8463   1236   1134  3393  USB_ILIM_R
8405   1342   1135  3394  ISNS_PANEL_P
8366   1342   1136  3395  ISNS_PANEL_N
8161   1376   1137  3396  TP_TBT_XTAL25OUT
8095   1402   1138  3397  TBT_RBIAS 
8107   1446   1139  3398  SYSCLK_CLK25M_TBT_R
8163   1470   1140  3399  TP_TBT_MONDC1
8163   1520   1141  3400  TP_TBT_MONDC0
8659   536    1142  3401  SD_CD_L   
8657   578    1143  3402  SDCONN_DETECT_L
8658   620    1144  3403  SDCONN_STATE_CHANGE_SAK_L
8345   1421   1145  3404  DP_TBTPA_AUXCH_C_P
8306   1421   1146  3405  DP_TBTPA_AUXCH_C_N
8188   1439   1147  3406  SYSCLK_CLK25M_TBT
8305   1491   1148  3407  DP_TBTPA_AUXCH_N
8344   1491   1149  3408  DP_TBTPA_AUXCH_P
8283   1549   1150  3409  TBT_A_DP_PWRDN
8195   1682   1151  3410  LED_RETURN_3
7997   1727   1152  3411  LCDBKLT_EN_L
8200   1733   1153  3412  LED_RETURN_4
8164   1775   1154  3413  LED_RETURN_6
8162   1857   1155  3414  PPHV_S0SW_LCDBKLT
8212   1867   1155  3415  PPHV_S0SW_LCDBKLT
8051   2023   1156  3416  BKL_PWM   
8019   2047   1157  3417  EDP_BKLT_PWM
8020   2098   1158  3418  BKL_ISET  
8015   2150   1159  3419  BKL_EN    
7899   2239   1160  3420  BKL_FLTR  
8356   1540   1161  3421  SMBUS_SMC_0_S0_SDA
8411   1546   1162  3422  DP_TBTPA_HPD
8445   1583   1163  3423  TBT_A_LSRX
8442   1634   1164  3424  TBT_A_LSTX
8421   1731   1165  3425  DP_A_LSX_ML_P<1>
8421   1773   1166  3426  DP_A_LSX_ML_N<1>
8387   1806   1167  3427  LED_RETURN_2
8208   1813   1168  3428  LED_RETURN_5
8072   2114   1169  3429  BKL_ISEN1 
8429   1482   1170  3430  PP3V3_S0SW_LCD_UF
8479   1482   1170  3431  PP3V3_S0SW_LCD_UF
8490   1604   1171  3432  TBT_A_CIO_SEL
8496   1656   1172  3433  TBT_A_CONFIG1_BUF
8484   1709   1173  3434  I2C_TCON_SCL_R
8525   1743   1174  3435  I2C_TCON_SDA_R
8511   1795   1175  3436  DP_INT_HPD_CONN
8462   1808   1176  3437  LED_RETURN_1
8544   1569   1177  3438  DP_INT_ML_P<0>
8546   1650   1178  3439  DP_INT_AUX_CH_C_N
8675   1442   1179  3440  SMC_DEBUGPRT_EN_L
8586   1542   1180  3441  DP_INT_ML_N<0>
8609   1655   1181  3442  DP_INT_AUX_CH_C_P
8610   1807   1182  3443  TBT_A_CONFIG1_RC
8987   1319   1183  3444  PP5V_S3_RTUSB_A_F
8776   1671   1184  3445  SMC_DEBUGPRT_RX_L
8813   1704   1185  3446  SMC_DEBUGPRT_TX_L
8914   1811   1186  3447  TBT_A_HPD 
8947   1846   1187  3448  PP3V3RHV_S4_TBTAPWR
9000   1851   1188  3449  PP3V3RHV_S4_TBTAPWR_F
8938   1931   1189  3450  TBTACONN_20_RC
8938   2009   1190  3451  TBTACONN_1_C
9001   2001   1191  3452  TBTACONN_7_C

Nails:
1      3370   985    2     GND       
1      5312   1525   2     GND       
1      4521   2072   2     GND       
1      863    93     2     GND       
1      6811   1479   2     GND       
1      6545   1329   2     GND       
1      5870   1608   2     GND       
1      6447   1133   2     GND       
1      863    194    2     GND       
1      6651   1461   2     GND       
1      3785   325    2     GND       
1      8178   2246   2     GND       
1      3858   261    2     GND       
1      3892   298    2     GND       
1      3835   327    2     GND       
1      3922   339    2     GND       
1      3876   359    2     GND       
1      5960   496    2     GND       
1      4919   737    2     GND       
1      5115   901    2     GND       
1      5239   1101   2     GND       
1      3451   1365   2     GND       
1      3831   1373   2     GND       
1      3995   1373   2     GND       
1      7678   1863   2     GND       
1      5195   1995   2     GND       
1      8167   1981   2     GND       
1      8203   2041   2     GND       
1      3172   1032   2     GND       
1      6451   348    2     GND       
1      171    697    2     GND       
1      207    753    2     GND       
1      3166   977    2     GND       
1      887    1733   2     GND       
1      3867   1669   2     GND       
1      363    1793   2     GND       
1      655    1793   2     GND       
1      3839   1881   2     GND       
1      3947   1881   2     GND       
1      7420   805    1     GND       
1      4754   2140   1     GND       
1      5770   1443   1     GND       
1      7466   1906   1     GND       
1      7910   1413   1     GND       
1      8566   500    1     GND       
1      7440   1246   1     GND       
1      8046   559    1     GND       
1      8012   1911   1     GND       
1      4855   1279   1     GND       
1      6477   142    1     GND       
1      6477   319    1     GND       
1      6560   142    1     GND       
1      6548   319    1     GND       
1      8225   675    1     GND       
1      8022   1987   1     GND       
1      334    723    1     GND       
1      264    725    1     GND       
1      6393   1153   1     GND       
1      6857   524    1     GND       
1      6752   1182   1     GND       
1      4763   2055   1     GND       
1      7799   584    1     GND       
1      7466   1965   1     GND       
1      4542   82     1     GND       
1      4592   82     1     GND       
1      4642   82     1     GND       
1      5591   178    1     GND       
1      5641   178    1     GND       
1      5691   178    1     GND       
1      5791   178    1     GND       
1      5741   178    1     GND       
1      5631   266    1     GND       
1      5741   228    1     GND       
1      223    387    1     GND       
1      323    387    1     GND       
1      273    387    1     GND       
1      694    364    1     GND       
1      4636   351    1     GND       
1      6215   371    1     GND       
1      223    437    1     GND       
1      273    437    1     GND       
1      323    437    1     GND       
1      4366   463    1     GND       
1      4636   451    1     GND       
1      4636   401    1     GND       
1      4709   403    1     GND       
1      4709   453    1     GND       
1      6475   405    1     GND       
1      6525   405    1     GND       
1      6575   405    1     GND       
1      6698   405    1     GND       
1      6648   405    1     GND       
1      6748   405    1     GND       
1      7071   462    1     GND       
1      7111   400    1     GND       
1      4114   561    1     GND       
1      4284   522    1     GND       
1      4442   548    1     GND       
1      4492   548    1     GND       
1      4709   503    1     GND       
1      4254   593    1     GND       
1      4254   643    1     GND       
1      4304   643    1     GND       
1      4304   593    1     GND       
1      4643   622    1     GND       
1      4693   622    1     GND       
1      7723   627    1     GND       
1      4254   693    1     GND       
1      4304   693    1     GND       
1      4643   672    1     GND       
1      4643   722    1     GND       
1      4693   672    1     GND       
1      4693   722    1     GND       
1      7723   727    1     GND       
1      7723   677    1     GND       
1      8009   715    1     GND       
1      4364   798    1     GND       
1      4414   798    1     GND       
1      4464   798    1     GND       
1      4364   848    1     GND       
1      4414   848    1     GND       
1      990    1402   1     GND       
1      1294   1446   1     GND       
1      988    1493   1     GND       
1      1294   1562   1     GND       
1      7119   1513   1     GND       
1      7119   1563   1     GND       
1      7119   1613   1     GND       
1      1294   1675   1     GND       
1      7119   1663   1     GND       
1      7119   1713   1     GND       
1      693    1777   1     GND       
1      743    1777   1     GND       
1      793    1777   1     GND       
1      1295   1781   1     GND       
1      7119   1763   1     GND       
1      7119   1813   1     GND       
1      8658   1742   1     GND       
1      8608   1742   1     GND       
1      8717   1742   1     GND       
1      8767   1742   1     GND       
1      757    1905   1     GND       
1      807    1905   1     GND       
1      857    1905   1     GND       
1      7147   1856   1     GND       
1      8390   1864   1     GND       
1      8440   1864   1     GND       
1      8490   1864   1     GND       
1      8540   1864   1     GND       
1      757    1955   1     GND       
1      807    1955   1     GND       
1      857    1955   1     GND       
1      807    2005   1     GND       
1      857    2005   1     GND       
1      5195   1995   1     GND       
1      8326   1948   1     GND       
1      8376   1948   1     GND       
1      8476   1948   1     GND       
1      8426   1948   1     GND       
1      807    2055   1     GND       
1      857    2055   1     GND       
1      1870   2018   1     GND       
1      2044   2019   1     GND       
1      672    2115   1     GND       
1      772    2115   1     GND       
1      722    2115   1     GND       
1      1236   2154   1     GND       
1      1286   2154   1     GND       
1      1352   2154   1     GND       
1      767    2260   1     GND       
1      717    2260   1     GND       
1      867    2260   1     GND       
1      817    2260   1     GND       
1      1314   2214   1     GND       
1      1364   2214   1     GND       
1      7652   624    1     GND       
1      757    2055   1     GND       
1      7920   1507   1     GND       
1      4672   2133   1     GND       
1      4126   1992   1     GND       
1      7671   1336   1     GND       
1      7582   1668   1     GND       
1      241    337    1     GND       
1      191    337    1     GND       
1      291    337    1     GND       
1      7590   1402   1     GND       
1      7667   1239   1     GND       
1      8642   2095   2     GND       
1      8697   1936   2     GND       
1      9085   1939   2     GND       
1      9054   1769   2     GND       
1      9339   2255   2     GND       
1      9088   1216   2     GND       
1      8298   1334   2     GND       
1      8181   1581   2     GND       
1      4620   536    1     GND       
1      4545   38     1     GND       
1      4400   38     1     GND       
1      4400   932    1     GND       
1      4545   932    1     GND       
1      8784   689    2     GND       
1      8784   394    2     GND       
1      9115   68     2     GND       
1      8913   1155   2     GND       
1      8913   51     2     GND       
1      9409   1155   2     GND       
1      9409   51     2     GND       
1      9132   1474   2     GND       
1      9132   1616   2     GND       
1      9132   1769   2     GND       
1      9149   1248   2     GND       
1      9084   1273   2     GND       
1      9084   1383   2     GND       
1      9084   1494   2     GND       
1      9084   1604   2     GND       
1      9084   1714   2     GND       
1      9084   1824   2     GND       
1      9149   1844   2     GND       
1      7207   1356   1     GND       
1      7349   1734   1     GND       
1      7207   2112   1     GND       
1      9217   2177   2     GND       
1      9115   2106   2     GND       
1      9217   2106   2     GND       
1      9115   2035   2     GND       
1      9304   1967   2     GND       
1      9174   1967   2     GND       
1      9072   2076   2     GND       
1      9072   2207   2     GND       
1      9174   2315   2     GND       
1      9304   2315   2     GND       
1      9316   2186   2     GND       
1      9316   2057   2     GND       
1      132    866    2     GND       
2      399    626    2     PP3V3_S0_FAN
3      654    626    2     P5VS0_FET_RAMP
4      729    689    2     P5VS0_EN  
5      615    945    2     CPUVR_PHASE2
5      615    1113   2     CPUVR_PHASE2
5      615    1163   2     CPUVR_PHASE2
6      453    1158   2     CPUVR_PH2_SNUB
7      592    1408   2     CPUVR_PHASE1
8      571    1504   2     CPUVR_NTC_R
9      932    1614   2     CPUVR_PH1_SNUB
10     808    1923   2     CPU_CFG<1>
11     777    1962   2     CPU_CFG<0>
12     773    2007   2     CPU_CFG<16>
13     859    2007   2     CPU_CFG<10>
14     858    2177   2     CPU_CFG<2>
15     1087   225    2     MEM_A_ZQ<1>
16     1156   225    2     MEM_A_ZQ<0>
17     1636   235    2     MEM_A_ZQ<3>
18     1401   875    2     TP_MCP_RSVD_AV63
19     1362   876    2     TP_MCP_RSVD_AU63
20     969    945    2     PPVCC_S0_CPU_PH2
20     965    880    2     PPVCC_S0_CPU_PH2
20     965    1101   2     PPVCC_S0_CPU_PH2
21     969    1339   2     PPVCC_S0_CPU_PH1
21     941    1409   2     PPVCC_S0_CPU_PH1
21     941    1459   2     PPVCC_S0_CPU_PH1
22     898    1938   2     CPU_CFG<8>
23     953    1938   2     CPU_CFG<4>
24     971    2005   2     CPU_CFG<18>
25     926    2190   2     XDP_BPM_L<1>
26     911    2248   2     XDP_CPU_PRESENT_L
27     1158   1787   2     TP_CPU_RSVD_P60
28     1188   1855   2     TP_CPU_RSVD_N59
29     1180   1911   2     TP_MCP_RSVD_L60
30     1188   1951   2     TP_MCP_RSVD_C63
31     1031   2001   2     CPU_CFG<14>
32     994    2179   2     CPU_CFG<6>
33     966    2224   2     CPU_CFG<5>
34     987    2270   2     CPU_CFG<7>
35     1202   1784   2     TP_CPU_RSVDP61
36     1230   1823   2     TP_CPU_RSVDN61
37     1230   1871   2     CPU_CFG<9>
38     1230   1916   2     CPU_CFG<17>
39     1231   1961   2     TP_MCP_RSVD_C62
40     1297   2079   2     TP_PPVCCIO_S0_CPU
41     1260   2173   2     XDP_DBRESET_L
42     1277   2231   2     PCH_JTAGX 
43     1704   230    2     MEM_A_ZQ<2>
44     2183   233    2     MEM_B_ZQ<1>
45     2180   516    2     PP0V6_S3_MEM_VREFCA_A
46     2247   622    2     PP0V6_S3_MEM_VREFDQ_A
47     2122   870    2     TP_LPDDR3_RSVD1
48     2059   870    2     TP_LPDDR3_RSVD2
49     1998   871    2     TP_LPDDR3_RSVD3
50     1904   874    2     TP_LPDDR3_RSVD4
51     1957   2082   2     TP_ITPXDP_CLK100MN
52     1962   2124   2     TP_ITPXDP_CLK100MP
53     1413   2153   2     CPUVSENSE_IN
54     2002   2081   2     PCH_TESTLOW_C34
55     2001   2124   2     PCH_TESTLOW_C35
56     2248   219    2     MEM_B_ZQ<0>
57     2518   840    2     TP_USB_5P 
58     2483   876    2     TP_USB_5N 
59     2396   2185   2     PP1V05_S0_PCH_VCCACLKPLL_R
60     2734   217    2     MEM_B_ZQ<3>
61     2800   219    2     MEM_B_ZQ<2>
62     2804   826    2     TP_PCH_I2S1_SCLK
63     2743   830    2     TP_PCH_I2S1_SFRM
64     2599   833    2     PCH_OPI_COMP
65     2554   875    2     TP_CPU_MEM_RESET_L
66     2601   875    2     CPU_OPI_RCOMP
67     2644   2182   2     PP1V05_S0_PCH_VCC_ICC_R
68     2645   834    2     LPC_FRAME_R_L
69     2648   873    2     LPC_AD_R<1>
70     2690   833    2     LPC_AD_R<2>
71     2691   873    2     LPC_AD_R<3>
72     2745   871    2     TP_PCH_I2S1_TXD
73     2806   867    2     HDA_BIT_CLK_R
74     3278   386    2     PP0V6_S3_MEM_VREFCA_B
75     3306   609    2     PP0V6_S3_MEM_VREFDQ_B
76     2898   824    2     PCH_INTRUDER_L
77     2854   825    2     PCH_INTVRMEN
78     2856   865    2     HDA_RST_R_L
79     3243   893    2     MEM_VREFCA_B_RC
80     3306   931    2     VREFMRGN_SPARE_BUF
81     3647   277    2     CAM_PCIE_RESET_L
81     2565   1148   1     CAM_PCIE_RESET_L
82     3701   380    2     TP_CAM_PLL_BYPASS
83     3748   413    2     PP1V8_CAM 
84     3723   465    2     PP0V675_CAM_VREF
85     3546   476    2     MEM_CAM_RESET_L
86     3357   791    2     VREFMRGN_MEMVREG
87     3417   842    2     VREFMRGN_MEMVREG_EN
88     3371   933    2     CPU_MEM_VREFCA_B_ISOL
89     3431   934    2     VREFMRGN_SPARE_EN
90     3435   983    2     CPU_MEM_VREFDQ_B_ISOL
90     3199   1067   1     CPU_MEM_VREFDQ_B_ISOL
91     3431   1059   2     ISNS_CPUDDR_IOUT
92     3426   1109   2     ISNS_CPUDDR_P
93     3191   1154   2     SML_PCH_0_CLK
94     3194   1205   2     XDP_MLB_RAMCFG1
95     3190   1263   2     XDP_MLB_RAMCFG2
96     3196   1312   2     SML_PCH_0_DATA
97     3187   1352   2     SPI_IO<3> 
98     3183   1433   2     AP_CLKREQ_L
99     3168   1482   2     TP_MEM_VDD_SEL_1V5_L
100    3167   1532   2     TP_SPI_CS1_L
101    3168   1584   2     ODD_PWR_EN_L
102    3183   1646   2     SSD_BOOT  
103    3178   1698   2     PCH_I2C1_SCL
104    3177   1787   2     PM_PCH_PWROK
105    3194   1834   2     PM_SLP_SUS_L
106    3530   858    2     PP3V3_S3_VREFMRGN_DAC
107    3487   949    2     VREFMRGN_CA_A_EN
108    3619   1121   2     PPVMEMIO_S0_CPU
109    3671   1133   2     ISNS_CPUDDR_N
110    3239   1342   2     WOL_EN    
111    3398   1435   2     P1V05VSENSE_IN
112    3363   1509   2     TP_SPI_CS2_L
113    3359   1614   2     ENET_LOW_PWR
114    3400   1649   2     ISNS_1V05_S0_N
115    3386   1698   2     P1V05S0_IOUT
116    3224   1769   2     LCD_PSR_EN
117    3256   2020   2     TP_SUS_PGOOD_MR_L
118    3421   2050   2     SUS_PGOOD_CT
119    3883   217    2     TP_CAM_UARTTXD
120    3942   260    2     TP_CAM_UARTRTS
121    3809   370    2     CAMERA_PWR_EN
122    3841   469    2     PP1V35_DDR_CLK
123    3830   587    2     MEM_CAM_ZQ_S2
124    3827   729    2     MEM_CAM_ZQ_DDR
125    3736   849    2     PP0V675_MEM_CAM_VREFCA
126    3825   972    2     MEMVTT_PWR_EN
127    3855   1061   2     PP0V675_MEM_CAM_VREFDQ
128    3464   1469   2     PP1V05_S0_REG_R
129    3474   1651   2     ISNS_1V05_S0_P
130    3670   1677   2     P1V05S0_LL
130    3619   1666   2     P1V05S0_LL
130    3818   1586   1     P1V05S0_LL
131    3757   1707   2     P1V05S0_LL_SNUB
132    3719   1855   2     SMC_WAKE_SCI_L
133    3596   1964   2     SPI_MISO_R
133    4741   2103   1     SPI_MISO_R
134    3903   421    2     PP3V3_S3RS0_CAMERA
135    3922   1122   2     PP1V2_S3  
136    4050   1137   2     ISNS_1V2_S3_N
137    4100   1140   2     ISNS_1V2_S3_P
138    4056   1430   2     PDDR_S3_REG_SNUB
139    4197   1055   2     PPDDR_S3_REG_R
139    4288   1114   2     PPDDR_S3_REG_R
140    4461   1111   2     PP3V3_S5_REG_R
141    4693   1441   2     P3V3_S5_REG_L
142    4599   1714   2     DDRREG_VDDQSNS_R
143    4470   2010   2     SPI_MLBROM_CS_L
144    4444   2188   2     SPI_MLB_IO3_HOLD_L
145    4705   138    2     XDP_SSD_PCIE0_SEL_L
146    4703   316    2     XDP_FW_PME_L
146    3047   1587   1     XDP_FW_PME_L
147    4753   1519   2     P3V3_S5_REG_SNUB
148    4828   1724   2     P3V3_S5_VFB2_XW
149    4574   2091   2     SPI_ALT_IO0_MOSI
150    4563   2161   2     SPI_ALT_IO2_WP_L
151    4510   2187   2     SPI_IO3_R 
152    4587   2230   2     SPI_ALT_IO3_HOLD_L
153    4953   154    2     PPDCIN_G3H_INRUSH
153    5016   193    2     PPDCIN_G3H_INRUSH
154    5411   590    2     SMC_FAN_0_TACH
155    5489   614    2     PPDCIN_G3H_CHGR
156    5473   906    2     P5V_S4RS3_REG_L
156    5473   965    2     P5V_S4RS3_REG_L
157    5513   1063   2     P5V_S4RS3_REG_SNUB
158    5534   1195   2     ISNS_HS_OTHER_N
159    6014   152    2     TPAD_SPI_IF_EN
159    6045   391    1     TPAD_SPI_IF_EN
160    5725   851    2     CHGR_PHASE
160    5725   901    2     CHGR_PHASE
160    5376   446    1     CHGR_PHASE
161    5655   1095   2     HS_OTHER_IOUT
162    5657   1195   2     ISNS_HS_OTHER_P
163    5381   1394   2     ISNS_HS_COMPUTING_IOUT
164    5391   1481   2     DCINVSENS_EN_L
165    5445   1523   2     PDCINVSENS_EN_L_DIV
166    5469   1560   2     PBUS_S0_VSENSE
167    5433   1804   2     DCIN_ISOL_GATE_R
168    5390   1843   2     DCIN_ISOL_GATE
169    5365   2081   2     P3V42G3H_SHDN_L
170    4928   2095   2     SPI_SMC_MISO
171    4908   2158   2     INLET_THMSNS_D1_P
172    4867   2158   2     INLET_THMSNS_D1_N
173    5304   2177   2     DCIN_S5_VSENSE
174    5452   2200   2     P3V42G3H_FB
175    5528   2200   2     P3V42G3H_BOOST
176    5541   1496   2     PBUSVSENS_EN_L
177    5600   1536   2     PBUSVSENS_EN_L_DIV
178    5583   1717   2     PP18V5_DCIN_ISOL_R
179    5634   1717   2     PPBUS_G3H_R
180    5532   1831   2     PPVIN_G3H_P3V42G3H
180    5630   1855   2     PPVIN_G3H_P3V42G3H
181    5891   1869   2     CPU_CATERR_L
181    3144   1815   1     CPU_CATERR_L
182    5867   2034   2     SMC_PECI_L
183    5595   2201   2     P3V42G3H_SW
183    5662   2201   2     P3V42G3H_SW
184    5945   1373   2     SMC_THRMTRIP
184    5872   1413   1     SMC_THRMTRIP
185    5924   1822   2     SMC_CPU_DBGPWR_RD_L
186    6154   1269   2     PPVBAT_G3H_CHGR_REG
186    6217   1270   2     PPVBAT_G3H_CHGR_REG
187    6392   1437   2     SMC_SYS_KBDLED
188    6361   1516   2     S5_PWRGD  
189    6411   1614   2     SPI_SMC_MOSI
190    6401   1772   2     SMC_OOB1_D2R_L
191    6267   1988   2     SMC_CPU_IMON_ISENSE
192    6293   2050   2     CPUVR_IMON
193    6382   2060   2     SMC_CPUVR_ADJUST_ISENSE_R
194    6481   2097   2     SMC_MANUAL_RST_L
195    6520   914    2     PPVBAT_G3H_CHGR_R
195    6525   709    2     PPVBAT_G3H_CHGR_R
196    6795   801    2     TBTBST_PWREN_L
197    6839   825    2     TBTBST_PWREN_DIV_L
198    7010   979    2     GND_TBTBST_SGND
199    6965   1086   2     TBTBST_SNS2
200    6966   1144   2     TBTBST_SNS1
201    6650   1512   2     SMC_LRESET_L
202    6545   2190   2     CPU_THRMTRIP_3V3
202    6336   2045   1     CPU_THRMTRIP_3V3
203    6585   2243   2     PP3V42_G3H_SMC_SPVSR
204    7081   310    2     S4_PWR_EN 
205    7050   512    2     DBGLED_S4_D
206    7040   579    2     DBGLED_S3_D
207    7050   645    2     XDP_SDCONN_STATE_CHANGE_L
208    7048   719    2     DBGLED_S0_D
209    7104   945    2     TBTBST_SS 
210    7073   979    2     TBTBST_RT 
211    7155   447    2     DBGLED_S5 
212    7155   514    2     DBGLED_S4 
213    7155   582    2     DBGLED_S3 
214    7156   650    2     DBGLED_S0I3
215    7155   718    2     DBGLED_S0 
216    7143   945    2     TBTBST_FBX
217    7200   983    2     TBTBST_VC 
218    7230   512    2     PP3V3_S5_DBGLED
219    7332   524    2     PM_SLP_S3_L
220    7319   647    2     PM_SLP_S0_L
221    7240   983    2     TBTBST_VC_RC
222    7248   1237   2     TBTBST_BOOST
223    7358   646    2     DBGLED_S0I3_D
224    7360   697    2     MAX98300_R_N
225    7360   736    2     MAX98300_R_P
226    7411   630    2     R_AMP_GAIN
227    7486   878    2     PP5V_S3_U6210
228    7601   1212   2     PP3V3_S4_TBT_F
229    7585   1372   2     JTAG_TBT_TMS
230    7605   1425   2     TBTDP_AUXIO_EN
231    7571   1451   2     TBT_ROM_SECURITY_XOR
232    7570   1513   2     TBT_PWR_ON_POC_RST_L
233    8066   462    2     SD_SPI_CS_L
234    8029   519    2     SD_SPI_MISO
235    8023   575    2     SD_SPI_WP_L
236    8012   633    2     USB3_SD_R2D_C_P
237    8152   460    2     SD_SPI_HOLD_L
238    8253   516    2     PP1V2_S3_SD_DVDD12
239    8295   534    2     USB_SD_DM 
240    8252   610    2     PP1V2_S0_SD_AVDD12
241    8111   625    2     PP3V3_S0SW_SD
242    8063   632    2     USB3_SD_R2D_C_N
243    8119   756    2     P3V3_SD_FET_RAMP
244    7605   1481   2     TBT_GPIO2 
245    7606   1551   2     TBT_CIO_PLUG_EVENT_L
246    7902   1638   2     PPVIN_S0SW_LCDBKLTFET
247    8016   1667   2     LCDBKLT_EN_DIV_L
248    8039   1713   2     BKLT_PLT_RST_L
249    8343   525    2     USB_SD_DP 
250    8406   488    2     SD_RESET_L
251    8432   529    2     PP3V3_S0_SD_CONN
251    8784   590    2     PP3V3_S0_SD_CONN
252    8469   583    2     SD_SPI_MOSI
253    8510   588    2     SD_SPI_CLK
254    8185   723    2     USB3_SD_R2D_P
255    8289   829    2     PP3V3_S0_SD_AVDD33
256    8273   886    2     SD_RTERM  
257    8534   483    2     SDCONN_DATA<1>
258    8627   490    2     SDCONN_R_DATA<0>
258    8784   298    2     SDCONN_R_DATA<0>
259    8577   574    2     SDCONN_DATA<0>
260    8576   733    2     PP1V2_S0_SD_VUHS1
261    8616   746    2     SDCONN_CLK
262    8626   792    2     SDCONN_CMD
263    8626   843    2     SDCONN_DATA<3>
264    8627   904    2     SDCONN_DATA<2>
265    8850   94     2     SDCONN_WP 
266    8880   345    2     UNCONNECTED_127
267    8716   410    2     SD_CONN_CLK
267    8784   492    2     SD_CONN_CLK
268    8633   437    2     SDCONN_R_DATA<1>
268    8784   231    2     SDCONN_R_DATA<1>
269    8686   525    2     SDCONN_CLK_R2
270    8748   640    2     SDCONN_CLK_R1
271    8660   714    2     SDCONN_CLK_L
272    8696   739    2     SDCONN_CMD_R
272    8784   787    2     SDCONN_CMD_R
273    8699   832    2     SDCONN_R_DATA<3>
273    8784   886    2     SDCONN_R_DATA<3>
274    8686   966    2     SDCONN_R_DATA<2>
274    8784   984    2     SDCONN_R_DATA<2>
275    8458   1308   2     USB_ILIM  
276    8498   1368   2     PP3V3_S0SW_LCD_R
277    8564   1407   2     PP5V_S3_RTUSB_A_ILIM
278    8349   1528   2     PP3V3_S0SW_LCD
279    8237   1631   2     BKL_ISEN2 
280    8095   1638   2     BKL_ISEN3 
281    8076   1685   2     BKL_ISEN5 
282    8095   1723   2     BKL_ISEN6 
283    7976   1804   2     PPVIN_S0SW_LCDBKLT_FET
284    8037   1845   2     EDP_BKLT_EN
285    8091   1846   2     LCDBKLT_DISABLE
286    7751   1926   2     PPVIN_S0SW_LCDBKLT
287    7758   2091   2     BKL_SCL   
288    7752   2211   2     BKL_FAULT 
289    7821   2252   2     LCDBKLT_BOOST
290    8135   1670   2     BKL_ISEN4 
291    7959   2198   2     PPVOUT_SW_LCDBKLT_FB
292    8425   1618   2     SMBUS_SMC_0_S0_SCL
293    8880   443    2     UNCONNECTED_126
294    8880   738    2     UNCONNECTED_125
295    8880   836    2     UNCONNECTED_124
296    9132   1379   2     USB3_EXTA_R2D_P
297    9132   1427   2     USB3_EXTA_R2D_N
298    9132   1521   2     USB2_EXTA_MUXED_F_N
299    9132   1568   2     USB2_EXTA_MUXED_F_P
300    9132   1663   2     USB3_EXTA_D2R_P
301    9132   1710   2     USB3_EXTA_D2R_N
302    9148   2058   2     TBT_A_R2D_N<1>
303    9182   2082   2     TBT_A_R2D_P<1>
304    9251   2058   2     TBT_A_D2R1_AUXDDC_N
305    9284   2082   2     TBT_A_D2R1_AUXDDC_P
306    9251   2129   2     DP_TBTPA_ML_N<3>
307    9284   2153   2     DP_TBTPA_ML_P<3>
308    9148   2200   2     TBT_A_R2D_N<0>
309    9182   2224   2     TBT_A_R2D_P<0>
310    9251   2200   2     TBT_A_D2R_C_N<0>
311    9284   2224   2     TBT_A_D2R_C_P<0>
312    239    571    1     FAN_RT_PWM
313    368    339    1     MIPI_CLK_CONN_N
314    387    388    1     MIPI_CLK_N
315    422    310    1     MIPI_CLK_CONN_P
316    475    311    1     MIPI_DATA_CONN_N
317    523    339    1     MIPI_DATA_CONN_P
318    437    388    1     MIPI_CLK_P
319    506    389    1     MIPI_DATA_P
320    373    464    1     CAM_SENSOR_WAKE_L_CONN
321    288    552    1     FAN_RT_TACH
322    5923   1274   1     SMBUS_SMC_1_S0_SCL
322    354    621    1     SMBUS_SMC_1_S0_SCL
323    394    851    1     CPUVR_LGATE2
324    421    975    1     CPUVR_PWM2
325    359    1126   1     CPUVR_ISEN2
326    315    1167   1     CPUVR_ISNS2_P
327    212    1182   1     CPU_VCCSENSE_P
328    172    1234   1     CPUVR_FB_RC
329    223    1236   1     CPU_VCCSENSE_P_RC
330    262    1236   1     CPU_VCCSENSE_P_R
331    303    1262   1     CPU_RTN   
332    241    1309   1     CPU_VCCSENSE_N
333    191    1317   1     CPUVR_FB  
334    160    1363   1     CPUVR_COMP_RC
335    158    1423   1     CPUVR_COMP
336    249    1430   1     CPUVR_NTC 
337    249    1484   1     CPU_PROCHOT_L
338    249    1523   1     CPU_VR_READY
339    241    1564   1     CPU_VR_EN 
340    3548   403    1     I2C_CAM_SCK
340    538    225    1     I2C_CAM_SCK
341    613    176    1     USB3_EXTB_D2R_RC_N
342    626    314    1     USB3_EXTB_D2R_P
343    613    364    1     USB3_EXTB_D2R_N
344    562    383    1     MIPI_DATA_N
345    460    504    1     USB3_EXTB_R2D_C_P
346    447    554    1     USB3_EXTB_R2D_C_N
347    662    145    1     USB3_EXTB_D2R_RC_P
348    718    167    1     USB_EXTB_N
349    762    192    1     USB_EXTB_P
350    714    288    1     PP5V_S0_ALT_AUD_LDO_EN
351    712    439    1     USB3_EXTB_R2D_P
352    625    465    1     USB3_EXTB_R2D_N
353    724    526    1     PP5V_S3RS0_ALSCAM_F
354    704    614    1     PP5V_S0_FET_R
355    696    765    1     P1V8S3_EN 
356    651    768    1     PM_SLP_S4_L
357    579    884    1     CPUVR_UGATE2
358    475    969    1     CPUVR_BOOT2
359    552    985    1     CPUVR_BOOT2_RC
360    430    1150   1     CPUVR_ISNS1_N
361    430    1189   1     CPUVR_ISNS1_P
362    315    1217   1     CPUVR_ISNS2_N
363    278    1343   1     CPUVR_FB2 
364    317    1343   1     PP5V_S0_CPUVR_VDD
365    357    1343   1     CPUVR_ISEN1
366    396    1343   1     CPUVR_ISUMN_R
367    774    100    1     XDP_USB_EXTB_OC_L
368    849    137    1     HDA_SDIN0 
369    835    218    1     SMBUS_SMC_2_S3_SDA
370    836    270    1     SMBUS_SMC_2_S3_SCL
371    910    315    1     P1V5S0SW_AUDIO_EN
372    779    456    1     PP1V5_S0SW_AUDIO_HDA
373    800    694    1     PP1V8_S3_REG_R
374    735    765    1     P1V8S3_FB 
375    809    799    1     P1V8S3_SW 
376    3299   1911   1     P1V8S3_PGOOD
376    734    942    1     P1V8S3_PGOOD
377    430    1273   1     CPUVR_ISUMN_RC
378    483    1295   1     CPUVR_ISUMN
379    435    1343   1     CPUVR_ISUMP
380    477    1382   1     PPVIN_S0_CPUVR_VIN
381    477    1422   1     CPUVR_FCCM
382    477    1461   1     CPUVR_PWM1
383    414    1572   1     CPUVR_PROG2
384    323    1573   1     CPU_VIDSOUT
385    284    1573   1     CPU_VIDSCLK
386    363    1573   1     CPUVR_SLOPE
387    383    1645   1     CPUVR_PROG1
388    267    1723   1     PP3V3_SNS_CPUVR_ADJUST_ISNS
389    152    1873   1     CPUVRSNS_ADDR_SEL
390    566    1440   1     PPBUS_S5_HS_COMPUTING_ISNS
390    650    1717   1     PPBUS_S5_HS_COMPUTING_ISNS
391    513    1559   1     CPUVR_DRSEL
392    461    1573   1     CPUVR_PROG3
393    402    1751   1     CPUVR_ISUM_R_P
394    466    1846   1     CPUVR_ISUM_R_N
395    431    1912   1     CPUVR_ISUM_IOUT
396    913    258    1     AUD_PWR_EN
397    999    307    1     P1V5CODEC_EN_D
398    1002   512    1     PP1V5_S0SW_AUDIO
399    688    1464   1     CPUVR_BOOT1_RC
400    743    1465   1     CPUVR_BOOT1
401    626    1540   1     CPUVR_UGATE1
402    563    1751   1     CPUVR_ISNS1_P_R
403    563    1853   1     CPUVR_ISNS1_N_R
404    580    1909   1     XDP_CPUPCH_TRST_L
405    736    1654   1     PP5V_S0   
405    911    2041   1     PP5V_S0   
406    845    1573   1     CPUVR_LGATE1
407    947    1807   1     XDP_CPU_TDI
408    957    1923   1     XDP_CPU_TMS
409    911    1990   1     CPU_CFG<19>
410    963    2033   1     CPU_CFG<15>
411    959    2089   1     CPU_CFG<13>
412    800    2159   1     XDP_CPU_PRDY_L
413    755    2205   1     XDP_CPU_PREQ_L
414    833    2209   1     CPU_CFG<3>
415    1039   1877   1     XDP_PCH_TMS
416    1008   1921   1     XDP_JTAG_CPU_ISOL_L
417    1106   1922   1     CPU_CFG<12>
418    1420   1054   1     MCP_DC_AW63
419    1472   1085   1     CPU_MEMVTT_PWR_EN_LSVDDQ
420    1461   1135   1     CPU_SM_RCOMP<2>
421    1481   1416   1     XDP_PCH_TDI
422    1462   1527   1     CPU_CFG_RCOMP
423    1430   1609   1     CPU_VIDSCLK_R
424    1392   1643   1     CPU_VIDSOUT_R
425    1351   1713   1     CPU_PROCHOT_R_L
426    1275   1731   1     PPVCC_S0_CPU
426    1169   1783   1     PPVCC_S0_CPU
426    1274   1625   1     PPVCC_S0_CPU
426    1274   1512   1     PPVCC_S0_CPU
426    1274   1396   1     PPVCC_S0_CPU
426    1137   1411   1     PPVCC_S0_CPU
426    1071   1536   1     PPVCC_S0_CPU
427    1151   1872   1     PP1V05_S0 
427    1201   1872   1     PP1V05_S0 
428    1293   1878   1     CPU_CFG<11>
429    1215   1974   1     XDP_CPU_TDO
430    1187   2084   1     XDP_TRST_L
431    1070   2143   1     XDP_SYS_PWROK
432    1121   2143   1     CPU_PWR_DEBUG
433    891    2198   1     XDP_BPM_L<0>
434    1359   1951   1     XDP_CPURST_L
435    1186   2154   1     XDP_PCH_TCK
436    1189   2206   1     XDP_CPU_TCK
437    1264   2214   1     PP1V05_SUS
437    578    2035   1     PP1V05_SUS
438    1697   108    1     MEM_A_ODT<0>
439    1540   1015   1     MCP_DC_AY60
440    1561   1059   1     CPU_SM_RCOMP<1>
441    1547   1104   1     CPU_SM_RCOMP<0>
442    1734   1140   1     CPU_DIMMA_VREFDQ
443    1531   1374   1     XDP_PCH_TDO
444    1499   1581   1     CPU_VIDALERT_L
445    1507   1665   1     XDP_BPM_L<6>
446    1463   1696   1     CPU_VIDALERT_R_L
447    1426   1741   1     XDP_BPM_L<5>
448    1477   1749   1     XDP_BPM_L<2>
449    1440   1788   1     XDP_BPM_L<3>
450    1451   1862   1     CPU_PWRGD 
451    1451   1902   1     XDP_CPU_VCCST_PWRGD
452    1462   1954   1     MCP_DC_A62
453    1426   2107   1     XDP_CPU_PWRBTN_L
454    1539   1696   1     XDP_BPM_L<4>
455    1521   1739   1     XDP_BPM_L<7>
456    1278   2126   2     PM_THRMTRIP_L
456    1569   1881   1     PM_THRMTRIP_L
457    1526   1933   1     MCP_DC_A60
458    1569   1958   1     CPU_VCCST_PWRGD
459    1767   1962   1     TP_MCP_RSVD_A51
460    1684   2201   1     CPU_PECI  
461    1949   1401   1     PP3V3_S0_CPUTHMSNS_R
462    1912   1485   1     CPUTHMSNS_TH_SEL
463    1921   1610   1     CPUTHMSNS_DUR_SEL
464    1768   1906   1     TP_MCP_RSVD_B51
465    1954   1965   1     TP_EDP_DISP_UTIL
466    2160   1533   1     CPUTHMSNS_ADDR_SEL
467    2643   958    1     LPC_AD<2> 
468    2619   1002   1     LPC_AD<1> 
469    2672   1005   1     LPC_FRAME_L
470    2676   1123   1     HDA_SYNC_R
471    2615   1140   1     LPC_AD_R<0>
472    2573   1198   1     TP_LPC_CLK24M_LPCPLUS_R
473    2612   1199   1     LPC_CLK24M_SMC_R
474    2603   1293   1     PCH_USB_RBIAS
475    2531   1305   1     PPVOUT_S5_PCH_DCPSUSBYP_R
476    2511   1354   1     PPVOUT_S5_PCH_DCPSUSBYP
477    2423   1366   1     CPUTHMSNS_D2_N
478    2451   1416   1     P3V3SUS_EN
479    2435   1561   1     PP1V05_S0_PCH_VCCAPLL_OPI
480    2479   1605   1     AUD_SPI_MISO
481    2823   108    1     MEM_B_ODT<0>
482    2774   909    1     HDA_SYNC  
483    2746   956    1     LPC_AD<3> 
484    2695   960    1     LPC_AD<0> 
485    2789   1008   1     HDA_BIT_CLK
486    2796   958    1     HDA_SDOUT 
487    2843   990    1     PCH_DSWVRMEN
488    2840   1040   1     PPVRTC_G3H
489    2753   1136   1     RTC_RESET_L
490    2703   1173   1     PCH_SRTCRST_L
491    2751   1193   1     TP_PCH_SLP_LAN_L
492    2683   1241   1     PCH_TESTLOW_AL8
493    2733   1249   1     PCH_TESTLOW_AK8
494    2519   1505   1     PP3V3_SUS_FET_R
495    2536   1613   1     AUD_SPI_CS_L
496    2550   1751   1     PP1V05_S0_PCH_VCC_ICC
497    2473   1799   1     PPVCOMP_S0_CPU
498    2471   1865   1     MCP_EDP_RCOMP
499    2061   1894   1     PCIE_CLK100M_SSD_N
499    4570   795    1     PCIE_CLK100M_SSD_N
500    2082   1948   1     PCIE_CLK100M_SSD_P
500    4570   845    1     PCIE_CLK100M_SSD_P
501    2311   1948   1     PCH_DIFFCLK_BIASREF
502    2312   2004   1     PCH_PCIE_RCOMP
503    2361   2099   1     PCH_CLK24M_XTALIN
504    2844   937    1     HDA_RST_L 
505    2911   1070   1     XDP_USB_EXTD_OC_L
506    3407   126    1     P1V2_CAM_SRVLXC_PHASE
507    3368   302    1     CAM_RAMCFG2
508    3368   342    1     CAM_GPIO3 
509    3419   373    1     CAM_RAMCFG1
510    3429   442    1     PCIE_WAKE_L
511    3468   96     1     P1V35_CAM_SRVLXD_PHASE
512    3521   196    1     GND_CAM_PVSSC
513    3473   259    1     PP1V2_CAM 
514    3437   303    1     CAM_SENSOR_WAKE_L
515    3509   355    1     CAM_TEST_MODE
516    3477   418    1     I2C_CAM_SDA
516    538    175    1     I2C_CAM_SDA
517    3501   486    1     VREFMRGN_DQ_B_EN
518    3541   486    1     CAM_PCIE_WAKE_L
519    3366   700    1     CPUTHMSNS_D2_P
520    3258   842    1     VREFMRGN_DQ_A
521    3207   845    1     VREFMRGN_DQ_B
522    3163   891    1     VREFMRGN_DQ_B_RDIV
523    3075   1010   1     CHGR_VFRQ 
524    3014   1025   1     MCP_DC_AW1
525    2963   1034   1     PM_SLP_S3_R_L
526    2997   1072   1     MCP_DC_AV1
527    2991   1121   1     XDP_MLB_RAMCFG0
528    2986   1169   1     PCH_TBT_PCIE_RESET_L
529    2975   1244   1     TP_PCH_SLP_WLAN_L
530    2966   1323   1     XDP_USB_EXTC_OC_L
531    2951   1375   1     PM_CLK32K_SUSCLK_R
532    2895   1403   1     PPVOUT_S0_PCH_DCPRTC
533    2861   1422   1     SPI_MISO  
534    2826   1479   1     SPI_IO<2> 
535    2747   1540   1     SPI_CS0_R_L
536    2708   1540   1     AP_PCIE_DEV_WAKE
537    2692   1589   1     HDMITBTMUX_FLAG
538    2794   1705   1     PCH_BT_UART_R2D
539    2784   1756   1     AUD_SPI_MOSI
540    2656   1813   1     PCH_UART1_CTS_L
541    2611   1841   1     PCH_UART1_RXD
542    2619   1893   1     JTAG_ISP_TDO
543    2365   1923   1     PP1V05_S0SW_PCH_VCCUSB3PLL
544    2442   1927   1     PP1V05_S0_PCH_VCCACLKPLL
545    2532   2027   1     PP1V05_S0SW_PCH_HSIO
545    2597   2027   1     PP1V05_S0SW_PCH_HSIO
546    2486   2093   1     PCH_CLK24M_XTALOUT_R
547    2435   2137   1     PCH_CLK24M_XTALOUT
548    2933   1457   1     SPI_MOSI_R
549    3046   1132   1     PCH_SUSWARN_L
550    3027   1225   1     PCH_SMBALERT_L
551    3075   1272   1     TP_PM_SLP_A_L
552    3039   1309   1     PCH_SUSACK_L
553    3037   1366   1     XDP_MLB_RAMCFG3
554    2991   1385   1     SPI_CLK_R 
555    2998   1423   1     SPI_CLK   
556    2994   1507   1     PCH_TCO_TIMER_DISABLE
557    3000   1566   1     ENETSD_CLKREQ_L
558    2915   1581   1     PCH_SATALED_L
559    3004   1614   1     XDP_PCH_GPIO76
560    2832   1740   1     AUD_SPI_CLK
561    2803   1808   1     BT_PWRRST_L
562    2771   1861   1     PCH_I2C1_SDA
563    2671   1865   1     PCH_SATA_RCOMP
564    2657   1946   1     PCH_TD_IREF
565    3131   1124   1     PP1V8_S3  
566    3119   1202   1     HDA_SDOUT_R
567    3119   1253   1     PCH_PM_SLP_S0_L
568    3088   1321   1     HDD_PWR_EN
569    3038   1423   1     TPAD_SPI_INT_GPIO46_L
570    3042   1494   1     CAMERA_CLKREQ_L
571    4733   189    1     XDP_PCH_UART_SSD_L_BT_H
571    3113   1546   1     XDP_PCH_UART_SSD_L_BT_H
572    3128   1657   1     FW_CLKREQ_L
573    3109   1703   1     SPI_DESCRIPTOR_OVERRIDE
574    3132   1754   1     SPI_DESCRIPTOR_OVERRIDE_LS5V
575    3000   1789   1     PCH_BT_UART_CTS_L
576    2852   1819   1     ENET_MEDIA_SENSE
577    2841   1874   1     DP_TBTSNK1_AUXCH_C_N
578    2807   1912   1     EDP_PANEL_PWR
579    2706   1927   1     PP1V05_S0SW_PCH_VCCSATA3PLL
580    6163   1014   1     PP3V3_S0  
580    4370   269    1     PP3V3_S0  
580    2734   2014   1     PP3V3_S0  
580    2787   2014   1     PP3V3_S0  
581    3196   994    1     MEM_VREFDQ_B_RC
582    3233   1047   1     CPU_DIMMB_VREFDQ
583    3218   1106   1     MEM_VREFCA_A_RC
584    3174   1271   1     PM_RSMRST_L
585    1002   431    1     PP1V5_S0  
585    3201   1706   1     PP1V5_S0  
586    3198   1810   1     PM_S0_PGOOD
587    3023   1822   1     HSIOFET_EN_L
588    2968   1932   1     MCP_DC_B2 
589    2851   1953   1     DP_TBTSNK1_AUXCH_C_P
590    2843   2002   1     LCD_IRQ_L 
591    3331   1024   1     VREFMRGN_CPU_EN
592    3339   1095   1     VREFMRGN_DQ_B_EN_RC
593    3360   1233   1     CAMERA_PWR_EN_PCH
594    3384   1504   1     XDP_LPCPLUS_GPIO
595    3398   1708   1     SMC_ADAPTER_EN
596    3347   1743   1     PM_PCH_SYS_PWROK
597    3263   1817   1     PCH_UART1_TXD
598    3307   1822   1     HSIOFET_DRV_H
599    3018   1942   1     HSIOFET_DISCHARGE
600    2906   1967   1     MCP_DC_A4 
601    3008   2047   1     HSIOFET_EN
602    3185   2080   1     P1V05_DIV_VMON
603    3185   2119   1     P1V5_DIV_VMON
604    3787   483    2     PP1V35_CAM
604    3906   483    2     PP1V35_CAM
604    3578   63     1     PP1V35_CAM
605    3762   70     1     GND_CAM_PVSSD
606    3802   70     1     CAM_TEST_OUT
607    3548   349    1     CAM_RAMCFG0
608    3459   1037   1     VREFMRGN_CA_B_EN_RC
609    3501   1037   1     VREFMRGN_CA_B_EN
610    3459   1079   1     VREFMRGN_CA_B_RDIV
611    3420   1079   1     VREFMRGN_CA_AB
612    3493   1313   1     SPIROM_USE_MLB
613    3847   67     1     TP_CAM_LV_JTAG_TRSTN
614    3908   68     1     TP_CAM_LV_JTAG_TMS
615    3887   110    1     CAM_PWR_SEL
616    3968   89     1     CAM_DEBUG_RESET_L
617    3991   138    1     CAM_XTAL_FREQ
618    4020   55     1     I2C_CAM_SMBDBG_CLK
619    4060   55     1     I2C_CAM_SMBDBG_DAT
620    4073   94     1     CAM_JTAG_SRST_L
621    4052   154    1     CAM_XTAL_SEL
622    4075   248    1     CLK25M_CAM_CLKP
623    4075   288    1     CLK25M_CAM_CLKN
624    4075   339    1     PCIE_CAMERA_D2R_C_P
625    4075   390    1     PCIE_CAMERA_D2R_C_N
626    4173   63     1     CAM_UARTCTS
627    4103   142    1     CLK25M_CAM_XTALP
628    4183   220    1     CLK25M_CAM_XTALP_R
629    4233   221    1     CLK25M_CAM_XTALN
630    4154   289    1     PCIE_CLK100M_CAMERA_C_N
631    4155   338    1     PCIE_CLK100M_CAMERA_C_P
632    4154   386    1     PCIE_CAMERA_R2D_N
633    4154   441    1     PCIE_CAMERA_R2D_P
634    4150   485    1     PP1V2_CAM_PCIE_PVDD_FLT
635    4150   540    1     PP1V2_CAM_PCIE_VDD_FLT
636    4204   844    1     PP3V3_S0SW_SSD_FLT
636    4204   794    1     PP3V3_S0SW_SSD_FLT
636    4204   987    1     PP3V3_S0SW_SSD_FLT
636    4204   894    1     PP3V3_S0SW_SSD_FLT
636    4204   1037   1     PP3V3_S0SW_SSD_FLT
636    4367   211    1     PP3V3_S0SW_SSD_FLT
636    4317   211    1     PP3V3_S0SW_SSD_FLT
636    4367   109    1     PP3V3_S0SW_SSD_FLT
636    4317   109    1     PP3V3_S0SW_SSD_FLT
637    3796   1196   1     MEM_CAM_ODT
638    3668   1238   1     VREFMRGN_CA_A_RDIV
639    3538   1272   1     PM_BATLOW_L
640    3603   1355   1     CPU_DIMM_VREFCA
641    3570   1396   1     MEM_VREFDQ_A_RC
642    3535   1474   1     SPI_IO2_R 
643    3552   1811   1     P5VS4RS3_PGOOD
644    3443   1873   1     VMON_5V_DIV
645    3385   1902   1     HSIOFET_DRV_L
646    3308   1983   1     SYS_PWROK_R
647    3185   2037   1     ALL_SYS_PWRGD_R
648    1578   1920   1     CPUVR_PGOOD_R
648    3222   2155   1     CPUVR_PGOOD_R
649    3707   1238   1     VREFMRGN_CA_A_EN_RC
650    3747   1238   1     CPU_MEM_VREFDQ_A_ISOL
651    3678   1345   1     CPU_MEM_VREFCA_A_ISOL
652    3651   1392   1     VREFMRGN_DQ_A_EN
653    3681   1599   1     SMC_RUNTIME_SCI_L
654    3697   1705   1     PP5V_S4RS3
655    3626   1738   1     PM_SYSRST_L
656    3644   1791   1     P1V05S0_VDDQSNS_R
657    3623   1838   1     PCH_CLK32K_RTCX1
658    3588   1875   1     LPC_SERIRQ
659    3590   1935   1     PM_CLKRUN_L
660    3473   1964   1     VMON_Q2_BASE
661    3513   1964   1     S0PGD_C   
662    3557   1972   1     VMON_3V3_DIV
663    3573   2022   1     VMON_Q3_BASE
664    3497   2082   1     S0PGD_BJT_GND_R
665    3416   2100   1     P5V_DIV_VMON
666    3733   1377   1     VREFMRGN_DQ_A_EN_RC
667    3758   1737   1     P1V05S0_DRVL
668    3718   1787   1     P1V05S0_VDDQSNS
669    3721   1835   1     P1V05S0_FB
670    3719   1900   1     P1V05_S0_VREF
671    3749   1925   1     P1V05S0_VTTREF
672    3545   2082   1     VMON_Q4_BASE
673    3784   1341   1     VREFMRGN_DQ_A_RDIV
674    3973   1485   1     P1V05S0_DRVH_R
675    4051   1509   1     TBDTHMSNS_D2_P
676    4242   62     1     CAM_UARTRXD
677    4286   66     1     TP_CAM_TEST_MODE1
678    4317   159    1     TP_CAM_TEST_MODE2
679    4367   159    1     TP_CAM_LV_JTAG_TCK
680    4245   261    1     TP_CAM_JTAG_TCK
681    4245   300    1     TP_CAM_JTAG_TDO
682    4245   340    1     TP_CAM_JTAG_TDI
683    4245   379    1     TP_CAM_JTAG_TMS
684    4245   419    1     TP_CAM_JTAG_TRST_L
685    4297   998    1     PP3V3_S0SW_SSD
686    4265   1070   1     ISNS_SSD_N
687    4271   1142   1     ISNS_SSD_P
688    4082   1379   1     ISNS_1V2_IOUT
689    4145   1415   1     SPI_DESCRIPTOR_OVERRIDE_L
690    4117   1509   1     TBDTHMSNS_D2_N
691    3886   1611   1     P1V05S0_BOOT_RC
692    3847   1729   1     P1V05S0_DRVH
693    3897   1736   1     P1V05S0_VBST
694    3912   1784   1     P1V05S3_EN
695    3911   1831   1     P1V05S0_TRIP
696    3911   1870   1     P1V05S0_MODE
697    3939   1935   1     P1V05S0_PGOOD
698    3820   1985   1     P1V05S0_VTT
699    4316   262    1     SSD_SR_EN_L
700    4316   313    1     SSD_BOOT_R
701    4316   363    1     TP_CAM_LV_JTAG_TDI
702    4316   413    1     TP_CAM_LV_JTAG_TDO
703    4316   463    1     TP_CAM_TEST_MODE0
704    4225   1518   1     PDDR_S3_REG_L
705    3991   1642   1     PM_SLP_S3_BUF_L
706    3941   1717   1     P1V05S0_EN
707    4004   1799   1     P1V05S0_AGND
708    3959   2032   1     SMC_FAN_0_CTL
709    4392   353    1     PCIE_SSD_R2D_N<3>
710    4392   403    1     PCIE_SSD_R2D_P<3>
711    4435   428    1     PCIE_SSD_R2D_N<2>
712    4435   478    1     PCIE_SSD_R2D_P<2>
713    4392   595    1     PCIE_SSD_R2D_N<1>
714    4392   645    1     PCIE_SSD_R2D_P<1>
715    4435   671    1     PCIE_SSD_R2D_N<0>
716    4435   721    1     PCIE_SSD_R2D_P<0>
717    4643   160    1     SMC_OOB1_D2R_CONN_L
718    4593   211    1     SSD_PCIE_SEL_L
719    4594   262    1     SMC_PWRFAIL_WARN_L
720    4579   348    1     PCIE_SSD_D2R_N<3>
721    4462   351    1     PCIE_SSD_R2D_C_N<3>
722    4478   401    1     PCIE_SSD_R2D_C_P<3>
723    4541   430    1     PCIE_SSD_D2R_N<2>
724    4541   480    1     PCIE_SSD_D2R_P<2>
725    4541   673    1     PCIE_SSD_D2R_N<0>
726    4541   723    1     PCIE_SSD_D2R_P<0>
727    4537   878    1     ISNS_P3V3S5_IOUT
728    4444   1029   1     P3V3S0SW_SSD_FET_RAMP
729    4415   1170   1     PP3V3_S0SW_SSD_FET_R
730    4493   1281   1     PP3V3_S4SW_SNS
731    4643   236    1     TP_SSD_DEVSLP
732    4643   288    1     SSD_PWR_EN
733    4579   398    1     PCIE_SSD_D2R_P<3>
734    4579   590    1     PCIE_SSD_D2R_N<1>
735    4579   640    1     PCIE_SSD_D2R_P<1>
736    4630   970    1     ISNS_P3V3S5_N
737    4670   970    1     ISNS_P3V3S5_P
738    4620   1271   1     PP3V3_S3RS0_CAMERA_R
739    4596   1398   1     ISNS_CAMERA_IOUT
740    4560   1561   1     PPVTT_S3_DDR_BUF
741    4473   1579   1     PP0V6_S0_DDRVTT
742    4404   1583   1     DDRREG_VTTSNS
743    4365   1622   1     DDRREG_PGOOD
744    4365   1662   1     DDRREG_MODE
745    4365   1701   1     DDRREG_TRIP
746    4005   1716   1     P1V05_EN_D
747    4223   1793   1     ALL_SYS_PWRGD
747    1016   2142   1     ALL_SYS_PWRGD
748    4331   1816   1     DDRREG_EN 
749    4086   1930   1     SPI_MOSI  
750    4078   2047   1     SPI_CS0_L 
751    4187   2048   1     SPI_MLB_CLK
752    4187   2091   1     SPI_SMC_CLK
753    4329   2253   1     SPI_MLB_IO0_MOSI
754    4705   234    1     XDP_PCH_GPIO35
754    3113   1610   1     XDP_PCH_GPIO35
755    4812   284    1     CHGR_AGATE_DIV
756    4803   415    1     SSD_RESET_CONN_L
757    4748   440    1     P3V3SSD_VMON
758    4878   552    1     SSD_CLKREQ_L
759    4741   1005   1     P3V3S0_EN 
760    4668   1378   1     ISNS_CAMERA_P
761    4720   1383   1     ISNS_CAMERA_N
762    4643   1668   1     DDRREG_1V8_VREF
763    4557   1672   1     GND_DDRREG_SGND
764    4556   1733   1     DDRREG_VDDQSNS
765    4483   1779   1     DDRREG_LL 
766    4404   1780   1     DDRREG_VBST
767    4443   1780   1     DDRREG_DRVH
768    4445   1852   1     DDRREG_VBST_RC
769    4480   2200   1     SPI_MLB_IO2_WP_L
770    4905   152    1     PPDCIN_G3H_ISOL
771    4912   313    1     PPCHGR_DCIN_D_R
772    4961   410    1     CHGR_CSI_R_P
773    4962   462    1     CHGR_CSI_R_N
774    4916   524    1     SSD_CLKREQ_CONN_L
775    4998   1168   1     HDMITBTMUX_SEL_TBT
776    5030   1212   1     PCH_BT_UART_RTS_L
777    4946   1338   1     P3V3_S5_VBST_R
778    4778   1367   1     SMC_PM_G2_EN
779    4807   1494   1     GND_P5VP3V3_SGND
780    4808   1550   1     S5_PWR_EN 
781    4805   1610   1     P3V3_S5_CSP2
782    4698   1670   1     VREFMRGN_MEMVREG_BUF
783    4643   1707   1     DDRREG_FB 
784    4572   1780   1     DDRREG_DRVL
785    5067   213    1     CHGR_ICOMP_R
786    5072   292    1     GND_CHGR_AGND
787    5100   141    1     CHGR_VCOMP_R
788    5145   158    1     CHGR_VCOMP
789    5185   158    1     CHGR_VNEG 
790    5146   199    1     CHGR_CELL 
791    5146   239    1     CHGR_ICOMP
792    5146   278    1     CHGR_ACIN 
793    5162   358    1     CHGR_AGATE
794    436    120    1     PPDCIN_G3H
794    146    205    1     PPDCIN_G3H
794    95     205    1     PPDCIN_G3H
794    436    173    1     PPDCIN_G3H
794    146    256    1     PPDCIN_G3H
794    94     256    1     PPDCIN_G3H
794    436    225    1     PPDCIN_G3H
794    488    225    1     PPDCIN_G3H
794    5153   505    1     PPDCIN_G3H
795    5092   735    1     CHGR_DCIN_D
796    5187   111    1     CHGR_VNEG_R
797    5224   158    1     CHGR_AMON 
798    5192   436    1     CHGR_CSI_P
799    5242   437    1     CHGR_CSI_N
800    5261   636    1     P5V1_FB   
801    5248   752    1     PP5V5_CHGR_VDDP
802    5264   835    1     P5V1_BOOST
803    5269   925    1     P5V1_SW   
804    5298   85     1     SMC_RESET_L
805    5291   382    1     CHGR_UGATE
806    5298   446    1     CHGR_SGATE
807    5337   446    1     CHGR_BOOT 
808    5336   492    1     CHGR_SGATE_DIV
808    5258   595    1     CHGR_SGATE_DIV
809    5352   628    1     CHGR_DCIN 
810    5361   76     1     CHGR_RST_L
811    5381   195    1     CHGR_BGATE
812    5435   220    1     CHGR_CSO_N
813    5435   259    1     CHGR_CSO_P
814    5435   298    1     PP5V1_CHGR_VDD
815    5382   343    1     CHGR_LGATE
816    5505   218    1     CHGR_CSO_R_N
817    5505   258    1     CHGR_CSO_R_P
818    5581   266    1     SMC_LSOC_RST_L
819    5641   344    1     TPAD_SPI_MISO
820    5591   639    1     ISNS_HS_GAIN_OUT
821    5547   669    1     ISNS_HS_GAIN_OUT_R
822    5382   693    1     PP5V1_CHGR_VDDP
823    5448   698    1     ISNS_HS_GAIN_P_R
824    5488   698    1     ISNS_HS_GAIN_N_R
825    5451   781    1     ISNS_HS_GAIN_P
826    5491   781    1     ISNS_HS_GAIN_N
827    5452   871    1     ISNS_HS_COMPUTING_P
828    5492   871    1     ISNS_HS_COMPUTING_N
829    5448   1066   1     USB_TPAD_P
830    5528   1066   1     USB_TPAD_N
831    5587   1085   1     TPAD_USB_IF_EN
832    5631   1292   1     ISNS_P5VSSD_IOUT
833    5119   1344   1     P5V_S4RS3_VBST_R
834    5100   1433   1     P5V_S4RS3_VBST
835    5060   1433   1     P5V_S4RS3_DRVL
836    4962   1433   1     P3V3_S5_VBST
837    4923   1433   1     P3V3_S5_LL
838    4898   1468   1     P3V3_S5_DRVH
839    4902   1518   1     PPBUS_S5_HS_OTHER_ISNS
840    4898   1568   1     P3V3S5_EN_R
841    4854   1665   1     P3V3_S5_CSN2
842    4800   1684   1     P3V3_S5_CSP2_R
843    4928   1699   1     P3V3_S5_VFB2
844    4967   1699   1     P3V3_S5_COMP2
845    4942   1768   1     P5VP3V3_VREF2
846    4893   1768   1     P3V3_S5_VFB2_R
847    4817   1838   1     SYSCLK_CLK25M_CAMERA
848    4751   1965   1     SPI_SMC_CS_L
849    4710   1967   1     SPI_MLB_CS_L
850    4707   2080   1     SPI_MLB_IO1_MISO
851    4664   2235   1     SPI_ALT_CLK
852    4608   2236   1     SPI_ALT_IO1_MISO
853    5005   1433   1     P3V3_S5_DRVL
854    5139   1433   1     P5V_S4RS3_LL
855    5183   1448   1     P5V_S4RS3_DRVH
856    5187   1491   1     P3V3_S5_RF
857    5162   1542   1     P5VS4RS3_EN_R
858    5161   1599   1     P5VP3V3_SKIPSEL
859    5208   1620   1     P5V_S4RS3_CSP1
860    5209   1678   1     P5V_S4RS3_CSN1
861    5124   1699   1     P5V_S4RS3_VFB1
862    5046   1699   1     P5V_S4RS3_FUNC
863    5085   1699   1     P5V_S4RS3_COMP1
864    5056   1773   1     P5VP3V3_VREG3
865    4987   1798   1     P3V3_S5_COMP2_R
866    5961   395    1     PP3V42_G3H
866    5054   1849   1     PP3V42_G3H
866    5113   1850   1     PP3V42_G3H
867    5035   1990   1     SYSCLK_CLK25M_X2
868    5004   2063   1     SYSCLK_CLK25M_X2_R
869    5008   2114   1     PCH_HSIO_PWR_EN
870    4793   2193   1     PP3V3_SUS 
870    4793   2243   1     PP3V3_SUS 
871    4729   2233   1     SPI_ALT_CS_L
872    5149   1802   1     P5V_S4RS3_COMP1_R
873    5056   2177   1     SYSCLK_CLK25M_X1
874    4904   2197   1     PP3V3_S5RS3RS0_SYSCLKGEN
875    5292   1379   1     TPAD_SPI_CS_L
876    5282   1429   1     TPAD_SPI_MOSI
877    5236   1475   1     TPAD_SPI_CLK
878    5240   1542   1     P5VS4RS3_EN
879    5262   1679   1     P5V_S4RS3_CSP1_R
880    5250   1729   1     P5V_S4RS3_VFB1_XW
881    5198   1773   1     P5V_S4RS3_VFB1_R
882    5240   2153   1     PP1V2_CAM_XTALPCIEVDD
883    5650   128    1     TPAD_SPI_MISO_R
884    5709   128    1     TPAD_SPI_CLK_R
885    5768   128    1     TPAD_SPI_MOSI_R
886    5828   128    1     TPAD_SPI_CS_R_L
887    5856   192    1     SMC_PME_S4_WAKE_L
888    5801   237    1     TPAD_WAKE_L
889    5681   263    1     SMBUS_SMC_3_SCL
890    5831   299    1     PP5V_S4_IPD
891    5811   351    1     PP3V3_S4_IPD
892    5658   933    1     PP5V_S5   
892    4533   1780   1     PP5V_S5   
893    5854   1004   1     TBT_PWR_REQ_L
894    5711   1176   1     DP_TBTSNK1_HPD
895    5895   168    1     TPAD_SPI_INT_L
896    5873   269    1     TPAD_SPI_INT_S4_WAKE_L_CONN
897    5864   348    1     TPAD_USB_IF_EN_CONN
898    5913   421    1     PP3V3_S4  
898    5911   473    1     PP3V3_S4  
899    5953   505    1     PP3V3_S4_FET_R
900    5952   555    1     P3V3S3_EN 
901    5879   790    1     PP3V3_S3_FET_R
902    5970   816    1     XDP_USB_EXTA_OC_L
903    5918   995    1     XDP_PCH_GPIO17
904    5930   1116   1     DP_TBTSNK0_HPD
905    5949   1192   1     HS_IOUT_D 
906    5845   1356   1     SMBUS_SMC_1_S0_SDA
906    303    621    1     SMBUS_SMC_1_S0_SDA
907    5334   1443   1     JTAG_TBT_TMS_PCH
908    5779   1525   1     SMC_PCH_SUSWARN_L
909    5779   1564   1     SMC_CPUDDR_ISENSE
910    5780   1614   1     SMC_P1V05S0_VSENSE
911    5780   1656   1     SMC_BMON_ISENSE
912    5780   1700   1     SMC_DCIN_ISENSE
913    5780   1775   1     SMC_PBUS_VSENSE
914    5704   1806   1     GND_SMC_AVSS
915    5842   1845   1     PP3V3_S5_AVREF_SMC
916    5670   2006   1     LPC_PWRDWN_L
917    5836   2059   1     SMC_PECI_L_R
918    5755   2164   1     CPU_PECI_R
919    5997   166    1     TPAD_SPI_IF_EN_CONN
920    6254   258    1     KBDLED_FB 
921    6252   330    1     KBDLED_SW 
922    6103   419    1     KBDLED_ANODE
923    6213   538    1     PP3V3_S4SW_SNS_FET_R
924    6170   808    1     PCA9557D_RESET_L
925    6151   934    1     PM_DSW_PWRGD
926    6100   939    1     TBT_PWR_EN
927    6020   958    1     XDP_JTAG_ISP_TDI
928    5977   995    1     XDP_JTAG_ISP_TCK
929    6123   1014   1     HS_COMP_VREF
930    6124   1170   1     HS_COMP_FB
931    6164   1170   1     HS_COMP_OUT
932    6033   1230   1     HS_IOUT_R 
933    5986   1311   1     FINSTACKSNS_ALERT_L
934    6018   1350   1     CPUTHMSNS_ALERT_L
935    5914   1436   1     SMC_PROCHOT
936    5842   1444   1     SMC_VCCIO_CPU_DIV2
937    5844   1484   1     SMC_PCH_SUSACK_L
938    5914   1486   1     SMC_TX_L  
939    5914   1536   1     SMC_S5_PWRGD_VIN
940    5914   1576   1     PM_PWRBTN_L
941    5914   1615   1     MEM_EVENT_L
942    5921   1664   1     SMC_P1V05S0_ISENSE
943    5857   1674   1     CHGR_BMON 
944    5851   1727   1     SMC_HS_COMPUTING_ISENSE
945    5851   1778   1     PCH_STRP_TOPBLK_SWP_L
946    5900   1791   1     SMC_TOPBLK_SWP_L
947    5901   1868   1     PP3V3_S5_SMC_VDDA
948    5937   2016   1     SMC_SSD_ISENSE
949    6226   898    1     SMBUS_PCH_CLK
950    6278   920    1     SMBUS_PCH_DATA
951    6286   1001   1     TBT_CLKREQ_L
952    6415   1014   1     PPBUS_G3H 
952    6465   1014   1     PPBUS_G3H 
952    6515   1014   1     PPBUS_G3H 
952    6415   1067   1     PPBUS_G3H 
952    6465   1067   1     PPBUS_G3H 
953    6611   231    1     SYS_DETECT_L
954    6591   498    1     BMON_IOUT_R
955    6678   511    1     BMON_COMP_FB
956    6681   620    1     BMON_COMP_OUT
957    6632   629    1     P3V3S0_EN_D
958    6593   629    1     BMON_IOUT_D
959    6510   640    1     BMON_IOUT 
960    6701   673    1     SMC_BMON_COMP_ALERT_L
961    6532   1080   1     ISNS_P3V3_S0_P
962    6536   1185   1     ISNS_P3V3_S0_IOUT
963    6276   1223   1     SMC_HS_COMP_ALERT_L
964    6066   1322   1     SMC_WIFI_PWR_EN
965    6031   1426   1     SMBUS_SMC_5_G3_SDA
966    5958   1460   1     SMC_RX_L  
967    5992   2016   1     SMC_CAMERA_ISENSE
968    5966   2133   1     SMC_P3V3S0_ISENSE
969    5887   2133   1     SMC_WLAN_ISENSE
970    6163   1332   1     CPUBMONSNS_ALERT_L
971    6122   1458   1     SMC_BC_ACOK
972    6072   1458   1     SMBUS_SMC_5_G3_SCL
973    6172   1458   1     SMC_ONOFF_L
974    6222   1458   1     SMC_LID   
975    6034   1998   1     SMC_BMON_DISCRETE_ISENSE
976    6091   2055   1     SMC_CPU_ISENSE
977    6045   2133   1     SMC_DCIN_VSENSE
978    6124   2133   1     SMC_OTHER_HI_ISENSE
979    6232   1326   1     PCH_SML1ALERT_L
980    6252   1366   1     SMC_SENSOR_ALERT_L
981    6272   1458   1     SMC_CLK32K
982    6311   1458   1     SYS_ONEWIRE
983    6350   1458   1     SMC_WAKE_L
984    6783   504    1     BMON_COMP_VREF
985    6858   167    1     PPVBAT_G3H_CONN
985    6857   116    1     PPVBAT_G3H_CONN
985    6923   645    1     PPVBAT_G3H_CONN
985    6983   645    1     PPVBAT_G3H_CONN
985    6831   337    1     PPVBAT_G3H_CONN
985    6987   341    1     PPVBAT_G3H_CONN
986    6959   814    1     TBT_A_HV_EN
987    6922   911    1     PP3V3_S5  
987    833    969    1     PP3V3_S5  
987    783    979    1     PP3V3_S5  
988    6834   972    1     DP_TBTSNK0_DDC_DATA
988    2795   1961   1     DP_TBTSNK0_DDC_DATA
989    6793   1009   1     DP_TBTSNK0_DDC_CLK
989    2705   1978   1     DP_TBTSNK0_DDC_CLK
990    6851   1029   1     DP_INT_HPD
991    6789   1093   1     PP3V3_S0_FET_R
992    6586   1184   1     ISNS_P3V3_S0_N
993    6524   1270   1     SMBUS_SMC_3_SDA
994    6470   1277   1     TBTMLBSNS_ALERT_L
995    6446   1326   1     SMC_SENSOR_PWR_EN
996    6521   1327   1     TBT_INLET_THM_L
997    6398   1457   1     SMC_BIL_BUTTON_L
998    6445   1458   1     SMC_PME_S4_DARK_L
999    6460   1605   1     PP1V2_S5_SMC_VDDC
1000   6460   1644   1     SMC_S4_WAKESRC_EN
1001   6460   1684   1     LPC_CLK24M_SMC
1002   6461   1727   1     SMC_XTAL  
1003   6461   1767   1     SMC_XTAL_R
1004   6461   1817   1     SMC_TCK   
1005   6461   1867   1     SMC_TDI   
1006   6461   1917   1     SMC_TDO   
1007   6461   1967   1     SMC_TMS   
1008   6318   1996   1     SMC_OOB1_R2D_L
1009   6165   1998   1     SMC_CPUVR_ADJUST_ISENSE
1010   6140   2037   1     SMC_LCDBKLT_ISENSE
1011   6181   2044   1     SMC_CPU_VSENSE
1012   6174   2133   1     SMC_1V2S3_ISENSE
1013   6540   1573   1     P5VS4RS3_EN_D
1014   6582   1607   1     P5VS4RS3_EN_RC
1015   6527   1695   1     TP_SMC_5VSW_PWR_EN
1016   6602   1698   1     SMC_EXTAL 
1017   6538   1955   1     WIFI_EVENT_L
1018   6206   1998   1     SMS_INT_L 
1019   6276   2134   1     SMC_P3V3S5_ISENSE
1020   6423   2203   1     PM_THRMTRIP_R_L
1021   6778   1247   1     PP3V3_S0_TBTMLB_ISNS_R
1022   6850   1226   1     ISNS_P5VWLAN_IOUT
1023   6860   1294   1     ISNS_AIRPORT_P
1024   6860   1333   1     ISNS_AIRPORT_N
1025   6874   1423   1     SSD_RESET_L
1026   6794   1513   1     PLT_RESET_L
1027   6691   1553   1     PLT_RST_BUF_L
1028   6628   1586   1     PM_SLP_S5_L
1029   6679   1679   1     SMC_PANEL_ISENSE
1030   6763   1679   1     ISNS_PANEL_IOUT
1031   7149   948    1     TBTBST_VSNS_RC
1032   7201   950    1     TBTBST_EN_UVLO
1033   7135   1041   1     TBTBST_VSNS
1034   7186   1174   1     TBTBST_INTVCC
1035   6940   1237   1     PP3V3_WLAN_R
1036   6936   1387   1     PP3V3_WLAN
1036   6986   1387   1     PP3V3_WLAN
1036   7036   1387   1     PP3V3_WLAN
1037   6844   1529   1     AP_RESET_L
1038   7040   1574   1     PCIE_AP_R2D_P
1039   7014   1624   1     PCIE_CLK100M_AP_N
1040   7014   1674   1     PCIE_CLK100M_AP_P
1041   6868   1794   1     AP_CLKREQ_R_L
1042   7012   1826   1     P3V3WLAN_VMON
1043   7012   1905   1     AP_RESET_CONN_R_L
1044   6893   1970   1     USB_BT_CONN_N
1045   6937   1994   1     USB_BT_CONN_P
1046   6787   2063   1     BT_WAKE   
1047   4594   134    1     SMC_OOB1_R2D_CONN_L
1047   6641   2089   1     SMC_OOB1_R2D_CONN_L
1048   7040   1524   1     PCIE_AP_R2D_N
1049   7047   1719   1     PCIE_AP_D2R_P
1050   7047   1769   1     PCIE_AP_D2R_N
1051   7083   1895   1     AP_RESET_CONN_L
1052   7146   1935   1     AP_CLKREQ_Q_L
1053   7310   694    1     SPKRAMP_INR_N
1054   7310   744    1     SPKRAMP_INR_P
1055   7258   910    1     TBTBST_SHDN_DIV
1056   7349   939    1     TBT_BATLOW_L
1057   7346   1218   1     TBT_POC_RESET_L
1058   7236   834    1     PPVIN_S4SW_TBTBST_FET
1058   7286   1221   1     PPVIN_S4SW_TBTBST_FET
1058   7236   1211   1     PPVIN_S4SW_TBTBST_FET
1059   7368   1255   1     SMC_DELAYED_PWRGD
1060   7588   1325   2     JTAG_TBT_TDO
1060   7367   1322   1     JTAG_TBT_TDO
1061   7339   1379   1     TP_TBT_PCIE_RESET0_L
1062   7330   1594   1     AP_S0IX_WAKE_SEL
1063   7293   1632   1     AP_S0IX_WAKE_L
1063   3239   1765   1     AP_S0IX_WAKE_L
1064   7396   1861   1     AP_PCIE_WAKE_L
1065   7478   672    1     SPKRAMP_SHDN_L
1066   7538   723    1     SPKRAMP_ROUT_N
1067   7558   772    1     SPKRAMP_ROUT_P
1068   7558   941    1     TBTROM_HOLD_L
1069   7511   942    1     TBT_SPI_CLK
1070   7526   1244   1     TBTROM_WP_L
1071   7569   1245   1     TBT_SPI_MISO
1072   7633   881    1     PP1V05_TBT
1073   7889   975    1     P1V05TBT_SW
1074   7844   1025   1     DP_TBTSNK1_ML_C_P<3>
1075   7893   1026   1     DP_TBTSNK1_ML_C_N<1>
1076   7819   1114   1     TBT_B_LSRX
1077   7795   1146   1     TBT_B_CONFIG2_RC
1078   7725   1158   1     TBT_B_DP_PWRDN
1079   7760   1202   1     DP_TBTPB_HPD
1080   7612   1243   1     TBT_SPI_CS_L
1081   7738   1273   1     TBT_B_HV_EN
1082   7711   1332   1     TBT_B_CONFIG1_BUF
1083   7675   1384   1     TBT_DFT_STRAP_3
1084   7623   1444   1     TBT_DFT_STRAP_1
1085   8098   601    1     USB3_SD_D2R_N
1086   8131   639    1     USB3_SD_D2R_P
1087   7995   775    1     SD_PWR_EN 
1088   8097   915    1     TBT_MLBBOT_THMSNS_N
1089   8096   967    1     TBT_MLBBOT_THMSNS_P
1090   8059   1015   1     DP_TBTPA_ML_C_N<1>
1091   8100   1055   1     DP_TBTSNK0_ML_C_N<0>
1092   8154   1060   1     DP_TBTSNK0_ML_C_P<0>
1093   8145   1111   1     DP_TBTSNK0_ML_P<0>
1094   8112   1150   1     DP_TBTSNK0_ML_N<0>
1095   7913   1176   1     PP3V3_TBTRDV
1096   7811   1236   1     TBT_TEST_EN
1097   7814   1286   1     TBT_GPIO7 
1098   7753   1392   1     DP_TBTSRC_HPD
1099   7469   942    1     TBT_SPI_MOSI
1099   7684   1435   1     TBT_SPI_MOSI
1100   7775   1451   1     TBT_TMU_CLK_OUT
1101   8239   524    1     SMC_PME_SDCONN
1102   8244   746    1     SDSCLK_CLK25M_X1
1103   8279   498    1     PP3V3_S3  
1104   8295   760    1     SDCLK_CLK25M_X2_R
1105   8172   988    1     TBTTHMSNS_D2_R_N
1106   8210   1090   1     TBTTHMSNS_D2_R_P
1106   8265   1025   1     TBTTHMSNS_D2_R_P
1107   7923   1254   1     PP1V05_TBTCIO
1108   7830   1411   1     TBT_DDC_XBAR_EN_L
1109   7837   1469   1     PP3V3_TBTLC
1110   7835   1511   1     TBT_TEST_PWR_GOOD
1111   7686   1680   1     TBT_EN_CIO_PWR
1112   7505   1739   1     PP15V_TBT 
1112   7505   1789   1     PP15V_TBT 
1113   7580   1742   1     TBTAPWRSW_ISET_V3P3
1114   7619   1743   1     TBTAPWRSW_ISET_S3_R
1115   7661   1743   1     TBTAPWRSW_ISET_S0_R
1116   7617   1813   1     TBTAPWRSW_ISET_S3
1117   7656   1814   1     TBTAPWRSW_ISET_S0
1118   7573   2041   1     PP3V3_S4_TBTAPWR
1119   7738   2041   1     BKL_SDA   
1120   7737   2170   1     GND_BKL_SGND
1121   7757   2246   1     BKL_VSYNC_R
1122   8059   1278   1     PP1V05_TBTRDV
1123   8072   1330   1     TBT_RSENSE
1124   8040   1356   1     TBT_MONOBSP
1125   7984   1413   1     TBT_MONOBSN
1126   7882   1649   1     TBT_EN_CIO_PWR_L
1127   7909   1796   1     ISNS_LCDBKLT_P
1128   7910   1846   1     ISNS_LCDBKLT_N
1129   7849   1902   1     ISNS_LCDBKLT_IOUT
1130   7949   1946   1     BKL_FSET  
1131   8330   980    1     SDCLK_CLK25M_X2
1132   8353   1029   1     TBT_A_CONFIG2_RC
1133   8517   1116   1     USB_PWR_EN
1134   8463   1236   1     USB_ILIM_R
1135   8405   1342   1     ISNS_PANEL_P
1136   8366   1342   1     ISNS_PANEL_N
1137   8161   1376   1     TP_TBT_XTAL25OUT
1138   8095   1402   1     TBT_RBIAS 
1139   8107   1446   1     SYSCLK_CLK25M_TBT_R
1140   8163   1470   1     TP_TBT_MONDC1
1141   8163   1520   1     TP_TBT_MONDC0
1142   8659   536    1     SD_CD_L   
1142   8784   154    2     SD_CD_L   
1143   8657   578    1     SDCONN_DETECT_L
1144   8658   620    1     SDCONN_STATE_CHANGE_SAK_L
1145   8345   1421   1     DP_TBTPA_AUXCH_C_P
1146   8306   1421   1     DP_TBTPA_AUXCH_C_N
1147   8188   1439   1     SYSCLK_CLK25M_TBT
1148   8305   1491   1     DP_TBTPA_AUXCH_N
1149   8344   1491   1     DP_TBTPA_AUXCH_P
1150   8283   1549   1     TBT_A_DP_PWRDN
1151   8195   1682   1     LED_RETURN_3
1152   7997   1727   1     LCDBKLT_EN_L
1153   8200   1733   1     LED_RETURN_4
1154   8164   1775   1     LED_RETURN_6
1155   8162   1857   1     PPHV_S0SW_LCDBKLT
1155   8212   1867   1     PPHV_S0SW_LCDBKLT
1156   8051   2023   1     BKL_PWM   
1157   8019   2047   1     EDP_BKLT_PWM
1158   8020   2098   1     BKL_ISET  
1159   8015   2150   1     BKL_EN    
1160   7899   2239   1     BKL_FLTR  
1161   8356   1540   1     SMBUS_SMC_0_S0_SDA
1162   8411   1546   1     DP_TBTPA_HPD
1163   8445   1583   1     TBT_A_LSRX
1164   8442   1634   1     TBT_A_LSTX
1165   8421   1731   1     DP_A_LSX_ML_P<1>
1165   9182   2153   2     DP_A_LSX_ML_P<1>
1166   8421   1773   1     DP_A_LSX_ML_N<1>
1166   9148   2129   2     DP_A_LSX_ML_N<1>
1167   8387   1806   1     LED_RETURN_2
1168   8208   1813   1     LED_RETURN_5
1169   8072   2114   1     BKL_ISEN1 
1170   8429   1482   1     PP3V3_S0SW_LCD_UF
1170   8479   1482   1     PP3V3_S0SW_LCD_UF
1171   8490   1604   1     TBT_A_CIO_SEL
1172   8496   1656   1     TBT_A_CONFIG1_BUF
1173   8484   1709   1     I2C_TCON_SCL_R
1174   8525   1743   1     I2C_TCON_SDA_R
1175   8511   1795   1     DP_INT_HPD_CONN
1176   8462   1808   1     LED_RETURN_1
1177   8544   1569   1     DP_INT_ML_P<0>
1178   8546   1650   1     DP_INT_AUX_CH_C_N
1179   8675   1442   1     SMC_DEBUGPRT_EN_L
1180   8586   1542   1     DP_INT_ML_N<0>
1181   8609   1655   1     DP_INT_AUX_CH_C_P
1182   8610   1807   1     TBT_A_CONFIG1_RC
1183   8987   1319   1     PP5V_S3_RTUSB_A_F
1183   9132   1320   2     PP5V_S3_RTUSB_A_F
1184   8776   1671   1     SMC_DEBUGPRT_RX_L
1185   8813   1704   1     SMC_DEBUGPRT_TX_L
1186   8914   1811   1     TBT_A_HPD 
1186   9251   2248   2     TBT_A_HPD 
1187   8947   1846   1     PP3V3RHV_S4_TBTAPWR
1188   9000   1851   1     PP3V3RHV_S4_TBTAPWR_F
1188   9217   2035   2     PP3V3RHV_S4_TBTAPWR_F
1189   8938   1931   1     TBTACONN_20_RC
1190   8938   2009   1     TBTACONN_1_C
1190   9148   2248   2     TBTACONN_1_C
1191   9001   2001   1     TBTACONN_7_C
1191   9115   2177   2     TBTACONN_7_C

